customer_id,channel,region,rfm_segment,cluster,recency_days,frequency_365d,monetary_365d,order_trend,late_delivery_rate,complaints_180d,churn_prob,revenue_at_risk,in_campaign
C00130,Supermarket,Western,Can't Lose Them,Lapsing Key Accounts,69,129.0,26288136.0,0.0458,0.1085,2.0,0.7985,20992083.1461,True
C02598,Supermarket,Nyanza,Can't Lose Them,Lapsing Key Accounts,65,125.0,26319538.0,0.121,0.2,8.0,0.6252,16454962.7562,True
C02696,Wholesaler,Coast,Can't Lose Them,Lapsing Key Accounts,49,78.0,22529355.0,0.1538,0.0641,1.0,0.7291,16426861.5131,True
C02447,Wholesaler,Central,Can't Lose Them,Lapsing Key Accounts,43,65.0,18778872.0,0.1846,0.1231,3.0,0.6708,12597406.2989,True
C02144,Wholesaler,Central,Can't Lose Them,Lapsing Key Accounts,44,66.0,21516814.0,0.2308,0.0758,2.0,0.5752,12376895.1456,True
C03564,Supermarket,Nyanza,Can't Lose Them,Lapsing Key Accounts,64,72.0,11675010.0,0.0811,0.125,3.0,0.9814,11457850.0311,True
C03538,Supermarket,Nairobi,Can't Lose Them,Lapsing Key Accounts,79,87.0,11886315.0,0.1023,0.0805,2.0,0.8691,10330255.5871,True
C02251,Wholesaler,Nairobi,Can't Lose Them,Lapsing Key Accounts,77,45.0,10304155.0,0.1277,0.2222,3.0,0.9674,9968503.6278,True
C03114,Wholesaler,Coast,Can't Lose Them,Lapsing Key Accounts,81,49.0,10036753.0,0.1176,0.2653,0.0,0.975,9786006.1892,True
C00685,Supermarket,Nairobi,Can't Lose Them,Lapsing Key Accounts,66,68.0,8256589.0,0.0857,0.0441,0.0,0.9139,7545395.0799,True
C00265,Wholesaler,Rift Valley,Can't Lose Them,Lapsing Key Accounts,58,45.0,8460432.0,0.3409,0.1778,3.0,0.8,6768575.5201,True
C02631,Wholesaler,Nairobi,Can't Lose Them,Lapsing Key Accounts,76,35.0,6396604.0,0.25,0.1429,1.0,0.9712,6212427.8983,True
C01577,Supermarket,Western,Can't Lose Them,Lapsing Key Accounts,70,62.0,6589619.0,0.2459,0.1129,2.0,0.9071,5977207.3338,True
C02416,Wholesaler,Western,Loyal,Key Accounts,18,105.0,50187259.0,0.4062,0.2286,3.0,0.1117,5604069.188,True
C03584,Wholesaler,Nyanza,Can't Lose Them,Lapsing Key Accounts,53,37.0,7162798.0,0.2368,0.1892,2.0,0.7474,5353750.9033,True
C02748,Supermarket,Nairobi,Can't Lose Them,Lapsing Key Accounts,74,54.0,5116373.0,0.1071,0.1111,0.0,0.9288,4751970.0065,True
C03715,Supermarket,Nairobi,Can't Lose Them,Lapsing Key Accounts,58,52.0,4887200.0,0.2308,0.1154,2.0,0.9347,4568047.3146,True
C02405,HoReCa,Rift Valley,Can't Lose Them,Lapsing Key Accounts,53,89.0,8099960.0,0.2069,0.1798,5.0,0.5537,4485164.534,True
C02699,Supermarket,Western,Can't Lose Them,Lapsing Key Accounts,54,59.0,6644657.0,0.2586,0.1525,1.0,0.659,4379124.4836,True
C03972,Supermarket,Nairobi,Can't Lose Them,Lapsing Key Accounts,39,44.0,5156439.0,0.2,0.1818,2.0,0.8117,4185265.0233,True
C00574,Supermarket,Coast,Can't Lose Them,Lapsing Key Accounts,71,53.0,4573706.0,0.2885,0.1509,6.0,0.8272,3783458.8593,True
C01811,Petrol Station,Nairobi,Can't Lose Them,Lapsing Key Accounts,53,96.0,5689404.0,0.1915,0.1042,3.0,0.6481,3687250.1871,True
C01225,Supermarket,Central,Champions,Key Accounts,5,45.0,4301089.0,0.1957,0.2222,0.0,0.5846,2514210.1147,True
C02998,HoReCa,Nairobi,Can't Lose Them,Lapsing Key Accounts,65,53.0,2773890.0,0.1091,0.1132,2.0,0.8897,2468003.0214,True
C03725,Supermarket,Central,Can't Lose Them,Lapsing Key Accounts,38,61.0,6976631.0,0.25,0.1311,4.0,0.3195,2228983.7549,True
C02915,Supermarket,Nairobi,Can't Lose Them,Lapsing Key Accounts,67,29.0,2240787.0,0.1935,0.069,0.0,0.9634,2158750.0002,True
C01748,Wholesaler,Western,Loyal,Key Accounts,19,50.0,8297342.0,0.375,0.16,5.0,0.2448,2031550.6801,True
C00709,Supermarket,Central,Loyal,Key Accounts,15,47.0,3807420.0,0.4,0.2128,7.0,0.4888,1861137.557,True
C00071,Supermarket,Coast,Can't Lose Them,Lapsing Key Accounts,52,29.0,1927879.0,0.3,0.2414,0.0,0.9439,1819736.9248,True
C02207,Supermarket,Coast,Loyal,Key Accounts,12,31.0,3109248.0,1.5652,0.3226,10.0,0.5416,1683979.3166,True
C01445,Wholesaler,Coast,Champions,Key Accounts,3,33.0,5660890.0,0.4688,0.1818,0.0,0.2896,1639653.5868,True
C02342,Wholesaler,Nairobi,Loyal,Lapsing Key Accounts,11,28.0,3383251.0,0.2,0.0357,0.0,0.4622,1563601.1922,True
C00223,Wholesaler,Coast,Champions,Key Accounts,9,73.0,20376947.0,0.5538,0.2055,5.0,0.0765,1559263.8063,True
C01231,Supermarket,Rift Valley,Can't Lose Them,Lapsing Key Accounts,75,33.0,1764570.0,0.2647,0.0909,0.0,0.8716,1537966.861,True
C02096,Petrol Station,Western,Can't Lose Them,Core Small Outlets,43,59.0,2232479.0,0.3158,0.1864,5.0,0.6435,1436584.005,True
C02500,Wholesaler,Coast,Loyal,Key Accounts,22,36.0,5814998.0,0.75,0.1389,1.0,0.2347,1365045.5544,True
C02317,Supermarket,Central,Can't Lose Them,Lapsing Key Accounts,53,32.0,1963493.0,0.1765,0.0312,0.0,0.6696,1314830.1646,True
C01970,Wholesaler,Rift Valley,Champions,Key Accounts,9,69.0,17182069.0,0.4762,0.087,2.0,0.0749,1286292.1428,True
C01057,Wholesaler,Central,Champions,Key Accounts,5,74.0,27490612.0,0.3429,0.1216,1.0,0.0448,1230572.4866,True
C00118,Supermarket,Nairobi,Loyal,Lapsing Key Accounts,26,47.0,3050145.0,0.2553,0.1702,1.0,0.4018,1225631.9267,True
C03293,HoReCa,Rift Valley,Can't Lose Them,Lapsing Key Accounts,48,34.0,1320330.0,0.1667,0.2941,1.0,0.9259,1222436.976,True
C03579,Wholesaler,Western,Loyal,Key Accounts,21,53.0,8856777.0,0.9767,0.3585,5.0,0.133,1177738.8733,True
C02689,Wholesaler,Coast,Champions,Key Accounts,8,50.0,9239760.0,0.6818,0.16,6.0,0.1123,1038019.8313,True
C02160,HoReCa,Nyanza,Can't Lose Them,Core Small Outlets,52,40.0,1533635.0,0.3,0.1,0.0,0.6514,999033.6507,True
C02977,Supermarket,Coast,Can't Lose Them,Lapsing Key Accounts,54,37.0,1803119.0,0.3243,0.027,0.0,0.5373,968864.808,True
C02510,Wholesaler,Nairobi,Champions,Key Accounts,5,48.0,15578969.0,2.5714,0.2708,8.0,0.0616,960308.1174,True
C02312,Supermarket,Rift Valley,Can't Lose Them,Key Accounts,35,107.0,17397342.0,0.297,0.0935,3.0,0.0541,941498.2375,True
C02269,Wholesaler,Nairobi,Loyal,Key Accounts,18,33.0,4716057.0,0.8276,0.3636,3.0,0.1931,910712.8585,True
C03460,Duka,Nairobi,Can't Lose Them,Lapsed Small Outlets,80,48.0,971359.0,0.1837,0.1458,2.0,0.9294,902777.6129,True
C00076,Wholesaler,Nairobi,Loyal,Key Accounts,19,64.0,16617657.0,0.7778,0.125,2.0,0.054,897818.5292,True
C00147,Duka,Rift Valley,Can't Lose Them,Lapsed Small Outlets,86,38.0,885301.0,0.15,0.1316,1.0,0.9814,868812.6489,True
C03271,Supermarket,Rift Valley,Loyal,Key Accounts,23,66.0,5911546.0,0.5593,0.197,3.0,0.1452,858574.4426,True
C03186,HoReCa,Rift Valley,Can't Lose Them,Lapsed Small Outlets,65,22.0,873166.0,0.25,0.0455,1.0,0.965,842626.1796,True
C03030,Wholesaler,Nairobi,At Risk,Key Accounts,73,11.0,940363.0,1.0909,0.4545,2.0,0.8433,793051.0552,True
C01601,HoReCa,Nairobi,Can't Lose Them,Lapsed Small Outlets,66,23.0,913421.0,0.24,0.087,0.0,0.8633,788531.5665,True
C00238,Wholesaler,Nyanza,Loyal,Key Accounts,26,42.0,8805315.0,0.5385,0.1429,1.0,0.087,766229.718,True
C01761,Duka,Rift Valley,Can't Lose Them,Lapsed Small Outlets,69,37.0,834400.0,0.1538,0.0541,0.0,0.9158,764116.982,True
C00861,Wholesaler,Rift Valley,Champions,Key Accounts,5,62.0,14957973.0,0.8077,0.3065,10.0,0.0509,761187.448,True
C01991,Wholesaler,Nairobi,Loyal,Key Accounts,13,48.0,7394437.0,0.3913,0.1667,3.0,0.1025,757818.6572,True
C03675,HoReCa,Nairobi,Can't Lose Them,Lapsed Small Outlets,68,27.0,894636.0,0.2069,0.037,0.0,0.8232,736479.1234,True
C03553,HoReCa,Nairobi,Can't Lose Them,Lapsed Small Outlets,38,34.0,1104355.0,0.2571,0.0588,0.0,0.6613,730298.0541,True
C03518,Wholesaler,Coast,Champions,Key Accounts,7,39.0,6270179.0,0.6857,0.1026,0.0,0.1148,719916.8496,True
C02734,Duka,Central,Can't Lose Them,Lapsed Small Outlets,66,41.0,822287.0,0.2143,0.3415,2.0,0.872,717017.5898,True
C01345,Wholesaler,Western,Champions,Key Accounts,7,76.0,19746128.0,0.3803,0.0526,2.0,0.0351,692393.6107,True
C02743,Wholesaler,Nyanza,Can't Lose Them,Key Accounts,42,24.0,2485295.0,0.5,0.125,0.0,0.2706,672499.057,True
C01672,Wholesaler,Central,At Risk,Lapsing Key Accounts,64,16.0,1211411.0,0.3333,0.0,0.0,0.5522,668963.7556,True
C00782,HoReCa,Rift Valley,Can't Lose Them,Lapsed Small Outlets,87,24.0,682852.0,0.2308,0.1667,1.0,0.9762,666617.244,True
C00136,Wholesaler,Nairobi,Can't Lose Them,Key Accounts,41,21.0,1841615.0,1.1667,0.1905,2.0,0.3608,664431.8392,True
C03912,Wholesaler,Western,At Risk,Key Accounts,60,18.0,1670941.0,1.4,0.1111,1.0,0.394,658410.6035,True
C02776,HoReCa,Coast,Champions,Core Small Outlets,9,56.0,2573634.0,0.3962,0.2143,3.0,0.2533,651860.9086,True
C03570,Wholesaler,Central,Champions,Key Accounts,5,30.0,4733489.0,0.5172,0.1667,0.0,0.1357,642469.7922,True
C00610,Wholesaler,Nyanza,Loyal,Key Accounts,25,57.0,13000292.0,0.4528,0.0702,1.0,0.0494,641737.9286,True
C02069,Duka,Coast,Can't Lose Them,Lapsed Small Outlets,82,35.0,667209.0,0.1622,0.0857,0.0,0.934,623188.3395,True
C03312,Duka,Central,Can't Lose Them,Lapsed Small Outlets,66,40.0,626038.0,0.1429,0.275,3.0,0.9691,606723.5659,True
C02733,HoReCa,Coast,Can't Lose Them,Core Small Outlets,47,56.0,2956754.0,1.0909,0.25,5.0,0.2028,599674.6622,True
C02274,Duka,Nairobi,Can't Lose Them,Core Small Outlets,50,50.0,929166.0,0.24,0.08,0.0,0.6385,593290.5134,True
C03206,HoReCa,Nairobi,Can't Lose Them,Lapsed Small Outlets,52,27.0,885087.0,0.3214,0.037,0.0,0.6611,585110.3567,True
C00698,Supermarket,Western,Champions,Key Accounts,3,58.0,4452393.0,0.3818,0.3448,3.0,0.1217,541740.0276,True
C03018,Wholesaler,Nairobi,Loyal,Key Accounts,18,44.0,7846248.0,0.8919,0.2273,2.0,0.069,541527.4748,True
C02642,Wholesaler,Nairobi,Loyal,Key Accounts,14,33.0,3113532.0,0.5806,0.2121,3.0,0.1707,531405.2908,True
C03338,Duka,Rift Valley,Can't Lose Them,Lapsed Small Outlets,83,35.0,565922.0,0.1622,0.0857,1.0,0.9102,515097.3347,True
C02794,HoReCa,Western,At Risk,Lapsed Small Outlets,81,20.0,538206.0,0.2727,0.1,0.0,0.9478,510094.6743,True
C02257,Duka,Central,Can't Lose Them,Lapsed Small Outlets,73,41.0,527219.0,0.1395,0.2195,1.0,0.9608,506528.0697,True
C00839,Wholesaler,Coast,Champions,Key Accounts,6,37.0,4694372.0,0.6176,0.1081,0.0,0.1074,504279.7518,True
C01978,HoReCa,Coast,Hibernating / Lost,Core Small Outlets,80,12.0,551516.0,1.3636,0.25,1.0,0.9141,504151.445,True
C02326,Supermarket,Western,Loyal,Key Accounts,19,69.0,8384543.0,0.4219,0.1014,2.0,0.0588,493077.863,True
C02686,HoReCa,Western,Can't Lose Them,Core Small Outlets,40,30.0,945633.0,0.6429,0.0333,0.0,0.5209,492602.6454,True
C02040,Wholesaler,Western,Champions,Key Accounts,5,85.0,26103645.0,0.8143,0.2706,6.0,0.0188,492043.3064,True
C03594,Duka,Nyanza,Hibernating / Lost,Lapsed Small Outlets,84,15.0,499957.0,0.3529,0.0667,0.0,0.9825,491208.9041,True
C03147,Duka,Nairobi,Can't Lose Them,Lapsed Small Outlets,78,39.0,545149.0,0.225,0.1538,0.0,0.8949,487854.3809,True
C01063,Wholesaler,Nairobi,Champions,Key Accounts,4,37.0,6851288.0,0.4167,0.0811,1.0,0.0697,477464.8151,True
C00245,Duka,Rift Valley,At Risk,Lapsed Small Outlets,65,30.0,509943.0,0.1875,0.1333,0.0,0.9345,476525.2033,True
C03776,Wholesaler,Rift Valley,Loyal,Key Accounts,20,57.0,11374769.0,0.7347,0.1228,0.0,0.0419,476398.7548,True
C03129,HoReCa,Central,Hibernating / Lost,Lapsed Small Outlets,85,16.0,478144.0,0.3333,0.1875,2.0,0.9792,468205.6973,True
C00244,Supermarket,Coast,Champions,Key Accounts,8,56.0,4054905.0,0.3962,0.1786,2.0,0.1116,452527.2991,True
C03838,Duka,Rift Valley,Loyal,Core Small Outlets,25,64.0,1903425.0,0.2903,0.125,2.0,0.2355,448194.3251,True
C00813,Petrol Station,Rift Valley,Champions,Core Small Outlets,5,72.0,2812522.0,0.4545,0.3472,6.0,0.1579,444192.4541,True
C03996,Wholesaler,Nairobi,Champions,Key Accounts,4,88.0,23978025.0,0.8333,0.1136,2.0,0.0182,437410.5834,True
C02383,Supermarket,Rift Valley,Champions,Key Accounts,8,37.0,3326097.0,1.7308,0.2973,6.0,0.1312,436261.5423,True
C03891,Wholesaler,Central,Loyal,Key Accounts,12,44.0,6104292.0,0.8919,0.2045,3.0,0.0713,435134.0113,True
C03546,Wholesaler,Western,Champions,Key Accounts,7,44.0,8180774.0,0.7895,0.0682,0.0,0.0528,431541.6639,True
C03423,Wholesaler,Nairobi,Loyal,Key Accounts,16,60.0,12972474.0,0.6923,0.15,2.0,0.0331,429723.1714,True
C02242,Petrol Station,Rift Valley,Can't Lose Them,Core Small Outlets,41,36.0,722920.0,0.3333,0.2778,0.0,0.5884,425378.4726,True
C02001,Wholesaler,Central,Loyal,Key Accounts,12,10.0,1350702.0,1.2,0.2,0.0,0.3128,422532.9767,True
C03483,Wholesaler,Nairobi,Champions,Key Accounts,8,57.0,16464858.0,2.5455,0.1404,0.0,0.0256,421655.9816,True
C03493,Wholesaler,Central,Loyal,Key Accounts,18,49.0,8661796.0,0.7857,0.0612,0.0,0.0483,418175.5032,True
C02248,Wholesaler,Western,Loyal,Key Accounts,11,48.0,5896822.0,0.5455,0.2292,3.0,0.0688,405481.387,True
C02111,Wholesaler,Coast,Champions,Key Accounts,4,29.0,5145299.0,1.5,0.1724,2.0,0.0786,404458.537,True
C02787,Petrol Station,Nyanza,At Risk,Lapsed Small Outlets,72,25.0,508895.0,0.3462,0.08,0.0,0.7944,404277.5048,True
C01285,HoReCa,Nairobi,Hibernating / Lost,Lapsed Small Outlets,79,18.0,474785.0,0.3,0.0556,1.0,0.8413,399446.6769,True
C02321,HoReCa,Nairobi,Can't Lose Them,Core Small Outlets,34,49.0,1872305.0,0.7857,0.1633,2.0,0.2119,396783.8859,True
C03454,Wholesaler,Nairobi,Champions,Key Accounts,3,40.0,6542191.0,0.8824,0.05,0.0,0.0601,393095.6142,True
C02336,Wholesaler,Nyanza,Loyal,Key Accounts,17,45.0,8633444.0,1.7419,0.2222,7.0,0.0446,385103.424,True
C00107,Wholesaler,Western,Loyal,Key Accounts,12,45.0,9362004.0,0.973,0.2444,2.0,0.0411,384709.5095,True
C03517,HoReCa,Nairobi,At Risk,Core Small Outlets,35,21.0,609046.0,0.4091,0.381,1.0,0.6257,381092.4031,True
C01653,Wholesaler,Central,Loyal,Key Accounts,13,76.0,27053171.0,1.1379,0.0526,0.0,0.014,379611.8051,True
C01787,Supermarket,Central,Can't Lose Them,Lapsing Key Accounts,41,22.0,655652.0,0.25,0.1364,0.0,0.5661,371185.6575,True
C02369,Wholesaler,Nyanza,Can't Lose Them,Key Accounts,36,60.0,11404768.0,0.7647,0.0833,1.0,0.0325,370706.7941,True
C02749,Wholesaler,Coast,Loyal,Key Accounts,16,28.0,3300538.0,1.3636,0.1429,2.0,0.1115,368092.1275,True
C02424,HoReCa,Western,Can't Lose Them,Core Small Outlets,34,42.0,1385037.0,0.3659,0.0952,1.0,0.2631,364345.4484,True
C03225,Wholesaler,Coast,Loyal,Key Accounts,12,58.0,14199270.0,0.9574,0.1552,1.0,0.0256,363810.8918,True
C02898,Wholesaler,Coast,Loyal,Key Accounts,11,70.0,18228520.0,0.7627,0.1,2.0,0.0198,361126.7134,True
C01918,Duka,Nyanza,At Risk,Lapsed Small Outlets,89,29.0,392092.0,0.1935,0.2069,1.0,0.9123,357703.8936,True
C01950,Wholesaler,Central,Champions,Key Accounts,7,35.0,6167370.0,0.7742,0.1143,2.0,0.0579,357328.6254,True
C02727,Wholesaler,Rift Valley,Champions,Key Accounts,4,59.0,12272310.0,1.0213,0.2373,6.0,0.0291,356840.4674,True
C03350,Duka,Nairobi,Hibernating / Lost,Lapsed Small Outlets,89,15.0,360416.0,0.5625,0.0667,0.0,0.9749,351366.8421,True
C00882,Wholesaler,Nairobi,Champions,Key Accounts,5,102.0,39680329.0,0.6977,0.2353,7.0,0.0088,351101.6677,True
C00140,Wholesaler,Rift Valley,Loyal,Key Accounts,14,65.0,15358868.0,1.0588,0.2,1.0,0.0226,347535.6581,True
C00728,HoReCa,Nairobi,Can't Lose Them,Core Small Outlets,47,33.0,870497.0,0.7,0.2424,5.0,0.3967,345320.1997,True
C03599,HoReCa,Central,Champions,Core Small Outlets,10,50.0,2541161.0,0.6818,0.1,2.0,0.1347,342372.0558,True
C00255,Wholesaler,Nyanza,Loyal,Key Accounts,23,37.0,5887858.0,0.6176,0.1081,1.0,0.0579,340752.7521,True
C01259,Supermarket,Western,Loyal,Key Accounts,27,34.0,1887169.0,0.5625,0.0882,1.0,0.1801,339953.5674,True
C01083,Supermarket,Rift Valley,Champions,Key Accounts,5,74.0,6758678.0,0.9661,0.2162,6.0,0.0494,333992.7667,True
C03587,HoReCa,Western,Loyal,Core Small Outlets,11,57.0,2990010.0,0.5882,0.1404,1.0,0.1109,331705.2734,True
C00202,Wholesaler,Rift Valley,Loyal,Key Accounts,12,47.0,7016236.0,0.6429,0.0851,3.0,0.0473,331532.1974,True
C03062,Supermarket,Nairobi,Champions,Key Accounts,10,60.0,5599191.0,0.7647,0.1667,3.0,0.0591,331184.7625,True
C03345,HoReCa,Central,Can't Lose Them,Lapsed Small Outlets,68,21.0,666211.0,0.4091,0.0,0.0,0.4946,329525.5114,True
C03757,Supermarket,Coast,Champions,Key Accounts,8,25.0,2075166.0,2.1176,0.24,3.0,0.1588,329503.7305,True
C03859,Petrol Station,Nairobi,Loyal,Core Small Outlets,23,23.0,493437.0,0.375,0.2174,5.0,0.6579,324616.7596,True
C01569,Wholesaler,Coast,Loyal,Key Accounts,23,34.0,3041223.0,0.931,0.1765,2.0,0.1055,320846.0529,True
C02332,Wholesaler,Nairobi,Loyal,Key Accounts,13,43.0,6720544.0,1.0286,0.2791,4.0,0.0461,309816.4078,True
C03770,Supermarket,Central,Champions,Key Accounts,3,46.0,3588964.0,0.3333,0.087,2.0,0.0845,303263.2187,True
C02835,Wholesaler,Nairobi,Champions,Key Accounts,6,68.0,19822013.0,0.7241,0.0441,3.0,0.0151,298832.6715,True
C00689,Wholesaler,Central,Champions,Key Accounts,4,62.0,11846731.0,0.6,0.1613,2.0,0.0252,298380.893,True
C02874,Wholesaler,Nairobi,Loyal,Key Accounts,12,78.0,20817072.0,1.1695,0.1923,5.0,0.0143,297737.494,True
C02287,Wholesaler,Central,Loyal,Key Accounts,14,107.0,40345583.0,0.8276,0.1215,3.0,0.0074,297456.1295,True
C00564,HoReCa,Nyanza,At Risk,Lapsed Small Outlets,64,22.0,423948.0,0.3913,0.1818,1.0,0.7014,297368.4079,True
C02151,Supermarket,Rift Valley,Loyal,Key Accounts,20,46.0,3049368.0,0.4884,0.1522,2.0,0.096,292683.4452,True
C03340,Wholesaler,Nyanza,Champions,Key Accounts,9,24.0,2337096.0,0.6522,0.125,0.0,0.1247,291493.4187,True
C01155,Wholesaler,Nairobi,Loyal,Key Accounts,15,36.0,4511766.0,0.75,0.0833,0.0,0.0642,289728.1432,True
C00967,Supermarket,Western,Champions,Key Accounts,5,111.0,19655783.0,0.6702,0.2432,10.0,0.0147,288479.4723,True
C03101,Supermarket,Nairobi,Loyal,Key Accounts,15,65.0,5062314.0,0.7636,0.2769,5.0,0.0567,287004.2416,True
C00192,Supermarket,Nairobi,Loyal,Key Accounts,18,78.0,8365740.0,0.5143,0.0769,1.0,0.0343,286997.5477,True
C01431,Duka,Nairobi,At Risk,Lapsed Small Outlets,86,29.0,290786.0,0.1935,0.1724,2.0,0.9763,283880.3864,True
C03258,Supermarket,Western,Loyal,Key Accounts,15,35.0,1913845.0,1.0345,0.2286,3.0,0.1478,282775.5277,True
C00722,Wholesaler,Nairobi,Loyal,Key Accounts,12,53.0,10922827.0,0.8864,0.0943,3.0,0.0257,280779.207,True
C01905,Wholesaler,Western,Champions,Key Accounts,4,35.0,4193459.0,0.5455,0.1143,1.0,0.0668,279967.1892,True
C03464,Wholesaler,Nairobi,Loyal,Key Accounts,13,62.0,12519960.0,0.7358,0.1613,2.0,0.0221,276594.0175,True
C03577,Wholesaler,Central,Champions,Key Accounts,5,32.0,3889830.0,0.6,0.0938,0.0,0.071,276042.1959,True
C01940,Wholesaler,Rift Valley,Loyal,Key Accounts,14,77.0,21076213.0,0.8571,0.1558,5.0,0.013,274808.4785,True
C00423,Wholesaler,Western,Loyal,Key Accounts,24,27.0,2454011.0,0.72,0.2222,1.0,0.1109,272211.2207,True
C01622,Petrol Station,Western,Champions,Core Small Outlets,7,96.0,5469057.0,0.7975,0.2396,10.0,0.0497,272037.7018,True
C02653,Wholesaler,Coast,Loyal,Key Accounts,27,42.0,5290344.0,0.8333,0.0714,2.0,0.0512,270974.0501,True
C01904,Duka,Nyanza,At Risk,Core Small Outlets,42,29.0,425167.0,0.6667,0.3448,3.0,0.6322,268798.6403,True
C01056,Duka,Western,At Risk,Lapsed Small Outlets,69,20.0,314234.0,0.2727,0.0,0.0,0.8527,267939.8512,True
C00584,Wholesaler,Rift Valley,Champions,Key Accounts,8,70.0,20631906.0,0.7627,0.0429,1.0,0.013,267594.5694,True
C01258,Duka,Rift Valley,Can't Lose Them,Core Small Outlets,43,36.0,484798.0,0.3333,0.0278,0.0,0.5515,267348.6544,True
C03155,Wholesaler,Nairobi,Champions,Key Accounts,4,62.0,12776812.0,1.0408,0.2419,2.0,0.0209,266629.2521,True
C03621,Supermarket,Rift Valley,Loyal,Key Accounts,11,98.0,12608017.0,0.5581,0.1939,7.0,0.021,265162.8843,True
C00763,Supermarket,Rift Valley,Loyal,Key Accounts,18,36.0,3943561.0,1.6154,0.1389,2.0,0.0669,263960.899,True
C00738,Wholesaler,Nairobi,Loyal,Key Accounts,21,33.0,2839853.0,0.8276,0.2727,3.0,0.0926,263105.7198,True
C03696,Petrol Station,Nairobi,Loyal,Core Small Outlets,25,48.0,1052055.0,0.5455,0.2292,1.0,0.2481,261031.7303,True
C01538,Supermarket,Coast,Champions,Key Accounts,10,54.0,3048431.0,0.7826,0.1481,0.0,0.0853,259941.6058,True
C00454,Wholesaler,Central,Champions,Key Accounts,3,79.0,20850182.0,0.6087,0.1899,3.0,0.0125,259931.0275,True
C03847,Duka,Western,At Risk,Lapsed Small Outlets,74,25.0,271348.0,0.2222,0.08,3.0,0.9546,259030.8149,True
C02951,HoReCa,Nairobi,Can't Lose Them,Core Small Outlets,50,31.0,838892.0,0.8889,0.1613,2.0,0.3071,257581.8505,True
C03475,Petrol Station,Central,Hibernating / Lost,Core Small Outlets,46,14.0,313062.0,0.6,0.2143,1.0,0.822,257328.1627,True
C00195,Wholesaler,Rift Valley,Champions,Key Accounts,8,39.0,8101921.0,1.3,0.1538,1.0,0.0317,257060.8873,True
C01619,Petrol Station,Central,Can't Lose Them,Core Small Outlets,37,51.0,1664645.0,0.5106,0.1176,1.0,0.1544,257024.5295,True
C03640,HoReCa,Western,Hibernating / Lost,Lapsed Small Outlets,88,16.0,272271.0,0.3333,0.125,0.0,0.9389,255631.1776,True
C02661,Wholesaler,Nairobi,Loyal,Key Accounts,11,37.0,4972022.0,0.7273,0.027,0.0,0.0511,254060.8997,True
C02602,Wholesaler,Nairobi,Champions,Key Accounts,9,87.0,22607704.0,0.8451,0.1149,1.0,0.0112,253155.4001,True
C00032,HoReCa,Central,Can't Lose Them,Core Small Outlets,43,29.0,815047.0,0.4138,0.069,0.0,0.3104,252970.3982,True
C01661,Supermarket,Central,Can't Lose Them,Key Accounts,43,34.0,1368293.0,0.5625,0.0588,1.0,0.1843,252113.7656,True
C03719,HoReCa,Nairobi,Loyal,Core Small Outlets,23,46.0,1628959.0,0.4091,0.1304,2.0,0.1546,251772.4229,True
C00996,Wholesaler,Nairobi,Champions,Key Accounts,7,30.0,3598272.0,0.5172,0.1333,0.0,0.0694,249581.7759,True
C02974,Wholesaler,Central,Champions,Key Accounts,9,32.0,4398521.0,1.32,0.1875,6.0,0.0565,248480.5823,True
C03878,Duka,Central,At Risk,Lapsed Small Outlets,53,29.0,319852.0,0.3,0.1379,2.0,0.7745,247714.5056,True
C03751,Wholesaler,Central,Champions,Key Accounts,4,63.0,10471728.0,0.7925,0.1746,0.0,0.0236,247298.4558,True
C00929,Supermarket,Western,Champions,Key Accounts,9,70.0,5897701.0,0.8276,0.1429,1.0,0.0418,246330.3025,True
C01371,Petrol Station,Nairobi,Loyal,Core Small Outlets,23,49.0,1528765.0,0.6136,0.1224,1.0,0.1603,245007.8766,True
C01282,Wholesaler,Rift Valley,Champions,Key Accounts,6,71.0,14792527.0,0.629,0.169,3.0,0.0165,244054.674,True
C02505,Supermarket,Nairobi,Loyal,Key Accounts,14,38.0,3115404.0,1.3448,0.2105,4.0,0.078,243106.9358,True
C02398,Supermarket,Coast,Champions,Key Accounts,6,61.0,4676978.0,0.8235,0.082,1.0,0.0517,241650.2679,True
C01172,Wholesaler,Coast,Champions,Key Accounts,6,93.0,33946033.0,1.1571,0.1828,9.0,0.0071,241381.4074,True
C03284,HoReCa,Nairobi,Hibernating / Lost,Lapsed Small Outlets,39,15.0,283847.0,0.3529,0.3333,0.0,0.8504,241373.6537,True
C02005,Petrol Station,Rift Valley,At Risk,Lapsed Small Outlets,78,23.0,269201.0,0.24,0.0435,3.0,0.8946,240816.1195,True
C00867,HoReCa,Western,At Risk,Core Small Outlets,36,27.0,626968.0,0.5769,0.2222,2.0,0.3841,240805.0562,True
C01587,Wholesaler,Central,Champions,Key Accounts,3,34.0,3840182.0,0.5625,0.2059,3.0,0.0627,240661.6111,True
C00717,HoReCa,Nyanza,At Risk,Lapsed Small Outlets,53,20.0,403637.0,0.4286,0.2,0.0,0.5958,240495.4109,True
C01993,Supermarket,Nyanza,Champions,Key Accounts,8,53.0,3710906.0,0.8,0.283,5.0,0.0647,240246.4872,True
C00521,HoReCa,Central,Hibernating / Lost,Lapsed Small Outlets,58,18.0,328480.0,0.4737,0.0556,1.0,0.7235,237663.3152,True
C00718,Wholesaler,Nairobi,Loyal,Key Accounts,14,63.0,12336483.0,0.9412,0.1746,4.0,0.019,233972.9577,True
C01296,Wholesaler,Central,Champions,Key Accounts,11,37.0,3651225.0,0.8438,0.1622,1.0,0.0636,232326.497,True
C03712,Duka,Central,At Risk,Lapsed Small Outlets,67,19.0,259676.0,0.45,0.1053,1.0,0.8936,232047.3809,True
C03970,Wholesaler,Nairobi,Champions,Key Accounts,7,55.0,10033490.0,1.0227,0.2364,7.0,0.0228,229067.2523,True
C00625,HoReCa,Nairobi,Loyal,Core Small Outlets,20,59.0,2897447.0,0.566,0.2034,3.0,0.0786,227722.0027,True
C03160,Petrol Station,Nairobi,At Risk,Core Small Outlets,72,19.0,311547.0,0.8333,0.3158,1.0,0.7285,226949.8007,True
C03660,HoReCa,Nairobi,Loyal,Core Small Outlets,9,24.0,640929.0,0.5,0.2917,1.0,0.3482,223144.0359,True
C03260,Petrol Station,Rift Valley,Loyal,Core Small Outlets,16,39.0,1037968.0,0.5833,0.1026,0.0,0.2146,222790.88,True
C00096,Wholesaler,Nyanza,Champions,Key Accounts,6,56.0,8366806.0,0.6,0.1607,1.0,0.0265,221973.5584,True
C01949,HoReCa,Rift Valley,At Risk,Core Small Outlets,55,29.0,442103.0,0.4138,0.0345,2.0,0.4972,219833.5311,True
C02453,Supermarket,Central,Champions,Key Accounts,9,46.0,4840920.0,1.5455,0.1957,8.0,0.0452,219017.5376,True
C01198,Duka,Rift Valley,At Risk,Lapsed Small Outlets,66,23.0,268869.0,0.375,0.1739,1.0,0.8089,217495.7419,True
C01374,Wholesaler,Nyanza,Champions,Key Accounts,4,43.0,6462714.0,0.9167,0.2093,5.0,0.0335,216395.3405,True
C01357,Duka,Western,At Risk,Lapsed Small Outlets,65,25.0,259836.0,0.3462,0.16,1.0,0.8316,216072.4214,True
C02363,Wholesaler,Nairobi,Loyal,Key Accounts,18,59.0,9487598.0,0.566,0.0508,0.0,0.0227,215782.5693,True
C00023,Wholesaler,Rift Valley,Loyal,Key Accounts,19,14.0,1458792.0,1.9091,0.0714,0.0,0.147,214397.3007,True
C03132,Duka,Western,Can't Lose Them,Lapsed Small Outlets,51,36.0,327978.0,0.3333,0.0556,1.0,0.6514,213656.3062,True
C01865,Petrol Station,Rift Valley,At Risk,Lapsed Small Outlets,40,23.0,381187.0,0.375,0.087,1.0,0.5605,213650.3802,True
C01583,Wholesaler,Nairobi,Champions,Key Accounts,4,83.0,20846640.0,0.9545,0.1928,4.0,0.0102,213483.3176,True
C02559,HoReCa,Central,Champions,Core Small Outlets,5,66.0,3889941.0,0.6207,0.1818,5.0,0.0548,213297.0527,True
C01138,Wholesaler,Nairobi,Champions,Key Accounts,4,111.0,38627362.0,1.1071,0.1261,4.0,0.0055,212830.446,True
C03798,Supermarket,Nairobi,Loyal,Key Accounts,22,85.0,11419824.0,0.6575,0.0824,2.0,0.0186,211956.2387,True
C02344,Wholesaler,Western,Champions,Key Accounts,10,19.0,1926651.0,0.8333,0.0,0.0,0.1097,211341.1435,True
C03216,HoReCa,Rift Valley,Champions,Core Small Outlets,9,63.0,2979611.0,1.02,0.2063,5.0,0.0709,211135.6097,True
C00474,HoReCa,Rift Valley,Loyal,Core Small Outlets,12,76.0,5267475.0,0.871,0.1579,3.0,0.04,210806.7538,True
C02293,Wholesaler,Central,Loyal,Key Accounts,11,48.0,6595270.0,0.9,0.0833,1.0,0.0318,209934.2792,True
C03231,Duka,Nairobi,Hibernating / Lost,Lapsed Small Outlets,66,25.0,226476.0,0.2222,0.24,0.0,0.9255,209603.1238,True
C00262,Supermarket,Western,Champions,Key Accounts,5,75.0,7681136.0,0.7619,0.2133,6.0,0.0273,209334.793,True
C01399,Supermarket,Nairobi,Loyal,Key Accounts,23,40.0,1988876.0,0.8824,0.275,2.0,0.1048,208359.6816,True
C02211,HoReCa,Coast,At Risk,Core Small Outlets,52,24.0,384533.0,0.6522,0.1667,1.0,0.5328,204895.3955,True
C03677,HoReCa,Rift Valley,Loyal,Core Small Outlets,11,62.0,2951673.0,0.6667,0.1452,3.0,0.0694,204771.3525,True
C02389,Wholesaler,Rift Valley,Champions,Key Accounts,5,46.0,6932248.0,1.5455,0.1087,2.0,0.0292,202081.529,True
C02944,Duka,Western,Hibernating / Lost,Lapsed Small Outlets,81,22.0,212114.0,0.25,0.0909,0.0,0.9491,201310.9853,True
C02048,Supermarket,Western,Loyal,Key Accounts,14,31.0,1732392.0,0.5,0.0,0.0,0.1155,200032.7282,True
C02941,Wholesaler,Rift Valley,Loyal,Key Accounts,24,52.0,8584697.0,1.3077,0.1154,1.0,0.0232,198815.622,True
C02507,Wholesaler,Nairobi,Champions,Key Accounts,4,28.0,3868647.0,1.1739,0.0,0.0,0.0512,198117.0588,True
C03528,Wholesaler,Nairobi,Champions,Key Accounts,9,71.0,17223141.0,0.6885,0.1127,2.0,0.0115,197962.5317,True
C02072,Duka,Nyanza,Hibernating / Lost,Lapsed Small Outlets,84,18.0,218440.0,0.4737,0.1111,0.0,0.904,197470.8604,True
C00441,HoReCa,Central,Champions,Core Small Outlets,11,38.0,1485408.0,0.7059,0.1053,1.0,0.1329,197340.289,True
C02621,Duka,Coast,Hibernating / Lost,Lapsed Small Outlets,67,21.0,218572.0,0.2609,0.1905,1.0,0.9022,197196.1119,True
C00347,Supermarket,Coast,Champions,Key Accounts,8,60.0,4330552.0,0.5556,0.15,3.0,0.0455,197151.0675,True
C02060,Petrol Station,Nairobi,Champions,Core Small Outlets,8,45.0,1134023.0,0.5854,0.1778,1.0,0.1735,196753.0931,True
C01546,Supermarket,Nairobi,Champions,Key Accounts,8,77.0,9376945.0,0.7385,0.1688,2.0,0.021,196630.8308,True
C00524,Supermarket,Western,Champions,Key Accounts,4,62.0,7555123.0,1.95,0.129,5.0,0.0259,196043.2105,True
C03024,Petrol Station,Rift Valley,Can't Lose Them,Core Small Outlets,41,36.0,666853.0,0.6364,0.0833,1.0,0.2931,195451.5589,True
C00862,Wholesaler,Western,Champions,Key Accounts,6,23.0,2675695.0,1.7647,0.3478,8.0,0.073,195344.2163,True
C03474,Duka,Western,At Risk,Lapsed Small Outlets,73,31.0,229613.0,0.2812,0.0645,0.0,0.8479,194697.5942,True
C03959,Supermarket,Central,Loyal,Key Accounts,16,54.0,4161679.0,0.7021,0.2407,4.0,0.0468,194595.0662,True
C02698,Wholesaler,Nairobi,Hibernating / Lost,Lapsing Key Accounts,59,7.0,440468.0,0.6667,0.0,0.0,0.4402,193878.882,True
C02983,Duka,Coast,Hibernating / Lost,Lapsed Small Outlets,86,21.0,194398.0,0.2609,0.3333,0.0,0.9938,193201.2941,True
C01821,Wholesaler,Nairobi,Champions,Key Accounts,4,49.0,16263748.0,2.3,0.0612,1.0,0.0119,193158.8338,True
C00304,Supermarket,Coast,Loyal,Key Accounts,13,70.0,6514538.0,0.7,0.1857,0.0,0.0295,192369.6023,True
C02181,Wholesaler,Coast,Champions,Key Accounts,7,48.0,7978584.0,1.0,0.125,2.0,0.0239,190718.9655,True
C00048,Duka,Coast,Hibernating / Lost,Core Small Outlets,64,19.0,236713.0,0.8333,0.1579,2.0,0.8028,190027.1294,True
C02697,Supermarket,Central,Champions,Key Accounts,10,70.0,5980538.0,0.3636,0.0429,1.0,0.0317,189879.9358,True
C02578,Wholesaler,Western,Loyal,Key Accounts,13,50.0,13157816.0,1.9091,0.08,1.0,0.0144,189178.8965,True
C00461,HoReCa,Nyanza,Can't Lose Them,Core Small Outlets,35,26.0,669002.0,0.75,0.2308,1.0,0.2816,188409.9443,True
C03167,Supermarket,Nairobi,Champions,Key Accounts,8,52.0,3363698.0,0.8182,0.1731,2.0,0.0559,187891.7771,True
C03262,Wholesaler,Rift Valley,Loyal,Key Accounts,14,33.0,3909678.0,0.9643,0.2424,5.0,0.0479,187281.7313,True
C00682,Supermarket,Rift Valley,Champions,Key Accounts,5,76.0,7727178.0,0.5821,0.0395,1.0,0.0241,185971.2521,True
C01489,Supermarket,Western,Champions,Key Accounts,6,56.0,4380618.0,1.0,0.2321,4.0,0.0423,185138.2261,True
C03682,Supermarket,Coast,Champions,Key Accounts,9,77.0,9195884.0,0.9194,0.1558,3.0,0.02,184341.5507,True
C02569,HoReCa,Nairobi,Loyal,Core Small Outlets,27,29.0,676868.0,0.4138,0.0345,0.0,0.2722,184234.6567,True
C00559,Supermarket,Nairobi,Champions,Key Accounts,5,84.0,9935573.0,1.0615,0.2381,3.0,0.0185,184071.2574,True
C00468,Wholesaler,Nyanza,Loyal,Key Accounts,16,47.0,6952848.0,0.9231,0.1702,4.0,0.0265,183925.3861,True
C00066,Petrol Station,Coast,Loyal,Core Small Outlets,19,42.0,790922.0,0.5385,0.1905,3.0,0.2323,183766.3489,True
C00016,HoReCa,Nairobi,Hibernating / Lost,Lapsed Small Outlets,49,13.0,212939.0,0.4,0.3077,2.0,0.863,183756.0245,True
C00073,HoReCa,Rift Valley,Loyal,Core Small Outlets,17,39.0,1231406.0,0.4865,0.1795,1.0,0.1484,182681.1015,True
C00050,Supermarket,Western,Champions,Key Accounts,6,20.0,1291102.0,1.0,0.1,1.0,0.1414,182614.0323,True
C03015,Supermarket,Nyanza,Loyal,Key Accounts,23,34.0,1633435.0,0.6774,0.2059,2.0,0.1099,179566.5082,True
C00057,Supermarket,Central,Loyal,Key Accounts,21,22.0,1078521.0,0.5455,0.2273,1.0,0.1664,179429.7217,True
C01628,Supermarket,Rift Valley,Champions,Key Accounts,4,82.0,9101067.0,0.7391,0.0488,3.0,0.0196,178710.7761,True
C03006,Duka,Coast,Champions,Core Small Outlets,8,68.0,1750084.0,0.4286,0.1765,3.0,0.1018,178193.2018,True
C03880,Supermarket,Western,Champions,Key Accounts,7,36.0,2020991.0,1.4444,0.1944,1.0,0.088,177869.2724,True
C00858,HoReCa,Rift Valley,Loyal,Core Small Outlets,28,43.0,1797192.0,0.9167,0.1395,0.0,0.0987,177336.7731,True
C02299,HoReCa,Western,Loyal,Core Small Outlets,11,56.0,2801767.0,0.6,0.0714,2.0,0.0631,176840.5768,True
C01822,Duka,Central,Hibernating / Lost,Lapsed Small Outlets,72,19.0,222494.0,0.45,0.2632,0.0,0.7936,176575.4234,True
C03481,Duka,Nairobi,Can't Lose Them,Core Small Outlets,44,33.0,311032.0,0.3636,0.1515,0.0,0.5623,174902.2587,True
C00802,Wholesaler,Nairobi,Champions,Key Accounts,3,66.0,14464668.0,1.0385,0.2121,5.0,0.0121,174681.0826,True
C02750,Duka,Rift Valley,Champions,Core Small Outlets,4,50.0,911569.0,0.3061,0.08,1.0,0.1904,173603.5523,True
C02793,HoReCa,Nyanza,Can't Lose Them,Core Small Outlets,38,26.0,801262.0,0.75,0.1154,2.0,0.2151,172371.6583,True
C03356,Supermarket,Rift Valley,Loyal,Key Accounts,21,48.0,3048710.0,0.7143,0.1667,1.0,0.0562,171304.4008,True
C03401,Wholesaler,Nyanza,Champions,Key Accounts,3,81.0,25338574.0,0.806,0.1975,5.0,0.0067,169987.9127,True
C02504,Duka,Nairobi,Hibernating / Lost,Lapsed Small Outlets,43,21.0,216914.0,0.2609,0.4762,1.0,0.7829,169811.7258,True
C02625,Supermarket,Nairobi,Can't Lose Them,Lapsing Key Accounts,54,21.0,664849.0,0.75,0.1429,0.0,0.2548,169407.478,True
C03349,Petrol Station,Coast,Hibernating / Lost,Lapsed Small Outlets,82,20.0,192323.0,0.2727,0.15,0.0,0.8803,169309.8632,True
C03199,Wholesaler,Rift Valley,Champions,Key Accounts,8,48.0,8289326.0,1.0,0.0833,3.0,0.0201,166644.0483,True
C03346,Wholesaler,Nairobi,Loyal,Key Accounts,11,72.0,13875194.0,0.8644,0.2083,2.0,0.012,166071.1519,True
C03049,Wholesaler,Nairobi,Champions,Key Accounts,6,51.0,14197827.0,1.7143,0.0392,1.0,0.0117,165933.6966,True
C02025,Wholesaler,Nairobi,Loyal,Key Accounts,17,30.0,3863006.0,1.8571,0.3,3.0,0.0429,165788.8487,True
C02439,Duka,Coast,At Risk,Core Small Outlets,68,27.0,252709.0,0.5769,0.0,0.0,0.6552,165570.2158,True
C03771,HoReCa,Central,Champions,Core Small Outlets,3,29.0,795952.0,0.4138,0.2069,2.0,0.2042,162502.2692,True
C00219,Supermarket,Nyanza,Champions,Key Accounts,3,49.0,3827970.0,0.5333,0.0816,0.0,0.0424,162400.0648,True
C01496,Supermarket,Nyanza,Loyal,Key Accounts,16,60.0,4056910.0,0.7647,0.1667,5.0,0.0399,161743.3165,True
C02975,Wholesaler,Nairobi,Champions,Key Accounts,8,34.0,3539538.0,0.931,0.2647,4.0,0.0456,161293.35,True
C01861,Duka,Nyanza,Hibernating / Lost,Lapsed Small Outlets,72,24.0,187407.0,0.2308,0.125,1.0,0.8602,161203.6741,True
C01850,Wholesaler,Central,Champions,Key Accounts,3,47.0,6846345.0,0.4773,0.0213,0.0,0.0235,160856.2646,True
C02979,HoReCa,Central,Loyal,Core Small Outlets,24,29.0,597493.0,0.6667,0.2069,5.0,0.2677,159932.693,True
C02797,HoReCa,Nairobi,Can't Lose Them,Core Small Outlets,29,40.0,1220116.0,0.8824,0.1,0.0,0.1305,159231.4064,True
C03465,Duka,Coast,Hibernating / Lost,Lapsed Small Outlets,48,27.0,205452.0,0.3214,0.1852,1.0,0.767,157577.7,True
C02068,Wholesaler,Coast,Champions,Key Accounts,5,66.0,12838197.0,0.9623,0.1061,4.0,0.0122,157186.5939,True
C02634,Supermarket,Nairobi,Champions,Key Accounts,3,62.0,4113576.0,0.8077,0.2581,6.0,0.0376,154830.4796,True
C01376,HoReCa,Coast,Loyal,Core Small Outlets,14,45.0,1528812.0,0.675,0.1556,2.0,0.101,154346.6862,True
C00847,Supermarket,Coast,Champions,Key Accounts,3,49.0,3622050.0,0.7857,0.1429,3.0,0.0424,153730.9728,True
C03622,HoReCa,Western,Champions,Core Small Outlets,8,59.0,2533449.0,0.6346,0.1186,4.0,0.0607,153722.5254,True
C02483,Supermarket,Nairobi,Champions,Key Accounts,9,28.0,1581219.0,0.6923,0.1071,2.0,0.0971,153601.9812,True
C00494,Wholesaler,Rift Valley,Champions,Key Accounts,3,39.0,5492122.0,1.3,0.2051,3.0,0.0278,152776.9147,True
C00976,Duka,Coast,Needs Attention,Lapsed Small Outlets,28,22.0,237065.0,0.25,0.2727,0.0,0.6427,152354.8678,True
C03072,Duka,Rift Valley,Hibernating / Lost,Lapsed Small Outlets,73,17.0,162928.0,0.3158,0.1176,0.0,0.93,151525.7966,True
C00899,Wholesaler,Rift Valley,Champions,Key Accounts,3,82.0,26202904.0,0.8507,0.0854,4.0,0.0058,151517.241,True
C01271,Wholesaler,Coast,Champions,Key Accounts,3,88.0,27075756.0,1.3125,0.1477,5.0,0.0056,151058.2012,True
C00121,Wholesaler,Coast,Champions,Key Accounts,5,103.0,29753468.0,0.963,0.1262,3.0,0.005,148902.2851,True
C03428,Wholesaler,Nairobi,Champions,Key Accounts,4,34.0,4935226.0,1.0714,0.1471,0.0,0.0301,148776.3148,True
C02525,Petrol Station,Nairobi,Loyal,Core Small Outlets,19,44.0,1044250.0,0.7895,0.25,0.0,0.1421,148431.5898,True
C01153,Wholesaler,Central,Loyal,Key Accounts,21,44.0,6332306.0,1.1143,0.1136,4.0,0.0234,148151.6653,True
C01478,HoReCa,Central,Loyal,Core Small Outlets,14,50.0,2670894.0,0.6,0.18,1.0,0.0551,147191.3543,True
C02828,HoReCa,Nairobi,Loyal,Core Small Outlets,26,43.0,1242467.0,0.8108,0.1395,1.0,0.1172,145670.2094,True
C03534,Wholesaler,Central,Champions,Key Accounts,5,108.0,36123549.0,0.7753,0.1481,5.0,0.004,145613.9034,True
C02949,Wholesaler,Nairobi,Champions,Key Accounts,8,74.0,18739236.0,1.0345,0.1081,4.0,0.0077,143927.2203,True
C02283,HoReCa,Central,Hibernating / Lost,Lapsed Small Outlets,87,9.0,213345.0,0.9,0.2222,0.0,0.6722,143410.1592,True
C00346,Supermarket,Central,Champions,Key Accounts,3,73.0,8125183.0,0.7869,0.1918,8.0,0.0176,143358.9345,True
C01386,Petrol Station,Western,Loyal,Core Small Outlets,13,24.0,356352.0,0.5,0.125,2.0,0.3998,142474.5933,True
C03357,Petrol Station,Central,Loyal,Core Small Outlets,14,45.0,1344149.0,0.5854,0.1111,1.0,0.1056,141936.9451,True
C02479,HoReCa,Rift Valley,Champions,Core Small Outlets,5,63.0,3094877.0,0.5263,0.0952,3.0,0.0457,141522.7447,True
C03857,Wholesaler,Central,Champions,Key Accounts,5,77.0,19034978.0,1.1897,0.0909,2.0,0.0074,140299.3417,True
C03697,Wholesaler,Nairobi,Champions,Key Accounts,6,62.0,12042738.0,1.2128,0.1129,4.0,0.0116,139486.2981,True
C01467,Duka,Nairobi,Hibernating / Lost,Core Small Outlets,35,25.0,198049.0,0.48,0.36,3.0,0.7016,138951.6507,True
C00175,Petrol Station,Central,Hibernating / Lost,Core Small Outlets,64,21.0,239596.0,0.5714,0.1429,3.0,0.5782,138524.3753,True
C02774,Wholesaler,Central,Loyal,Key Accounts,18,67.0,16097376.0,0.8036,0.0746,0.0,0.0086,138105.0451,True
C01189,Wholesaler,Rift Valley,Loyal,Key Accounts,15,38.0,5522605.0,1.6667,0.2105,6.0,0.025,138022.121,True
C02976,Wholesaler,Central,Champions,Key Accounts,5,41.0,6984857.0,0.8571,0.0732,1.0,0.0197,137542.9474,True
C00609,Supermarket,Nyanza,Champions,Key Accounts,3,55.0,4394104.0,0.8478,0.1818,4.0,0.0313,137538.474,True
C03523,HoReCa,Coast,Loyal,Core Small Outlets,19,34.0,738653.0,0.6774,0.1765,3.0,0.1857,137142.482,True
C01488,Petrol Station,Rift Valley,Champions,Core Small Outlets,7,46.0,1400284.0,0.75,0.2609,1.0,0.0978,136948.8308,True
C03610,Supermarket,Nairobi,Champions,Key Accounts,7,68.0,5674397.0,0.661,0.2059,2.0,0.024,136224.8598,True
C01400,HoReCa,Central,Loyal,Core Small Outlets,21,22.0,1023447.0,2.2,0.0909,3.0,0.1327,135858.708,True
C02875,Duka,Nairobi,Can't Lose Them,Core Small Outlets,66,33.0,336421.0,0.4688,0.1212,1.0,0.3993,134342.0179,True
C01082,Duka,Rift Valley,At Risk,Core Small Outlets,39,29.0,378309.0,0.6667,0.1034,0.0,0.3542,133982.118,True
C03552,Wholesaler,Coast,Champions,Key Accounts,6,20.0,2558235.0,2.5385,0.15,0.0,0.0523,133773.4905,True
C01952,Petrol Station,Nairobi,Hibernating / Lost,Core Small Outlets,53,15.0,230927.0,0.5625,0.0667,0.0,0.579,133709.6064,True
C02079,Petrol Station,Rift Valley,Hibernating / Lost,Lapsed Small Outlets,68,13.0,155248.0,0.6429,0.3077,0.0,0.861,133674.1842,True
C00908,Petrol Station,Nairobi,At Risk,Core Small Outlets,46,21.0,316110.0,0.5714,0.2381,2.0,0.4216,133283.5929,True
C00581,Wholesaler,Western,Champions,Key Accounts,3,58.0,9747734.0,0.875,0.2069,2.0,0.0136,132217.3761,True
C02047,Wholesaler,Nairobi,Champions,Key Accounts,4,55.0,10217981.0,1.0227,0.1455,1.0,0.0129,131564.4126,True
C03863,Supermarket,Nairobi,Loyal,Key Accounts,22,49.0,3282562.0,1.1842,0.2449,2.0,0.0401,131486.4692,True
C02821,Petrol Station,Nairobi,Champions,Core Small Outlets,3,72.0,2413969.0,0.403,0.0278,0.0,0.0543,131138.4766,True
C02539,Supermarket,Coast,Loyal,Key Accounts,13,100.0,13262850.0,1.0519,0.13,7.0,0.0099,131134.7082,True
C03965,Wholesaler,Nairobi,Champions,Key Accounts,7,20.0,1940434.0,0.6,0.2,0.0,0.0676,131116.9518,True
C00186,Wholesaler,Nairobi,Champions,Key Accounts,5,43.0,8160944.0,1.1471,0.1395,0.0,0.0161,131063.9062,True
C02061,HoReCa,Nairobi,Loyal,Core Small Outlets,18,36.0,951532.0,0.6364,0.2222,4.0,0.1367,130048.6064,True
C00082,Wholesaler,Coast,Champions,Key Accounts,5,37.0,4434515.0,1.1,0.1892,4.0,0.0293,130031.8011,True
C03790,Wholesaler,Rift Valley,Champions,Key Accounts,3,58.0,10888113.0,0.72,0.0862,0.0,0.0119,129710.662,True
C02721,Supermarket,Nairobi,Champions,Key Accounts,5,33.0,1603961.0,0.9643,0.1818,3.0,0.0808,129654.3116,True
C02461,Wholesaler,Nairobi,Champions,Key Accounts,8,41.0,5827511.0,0.9706,0.1463,2.0,0.0222,129372.5851,True
C00941,Wholesaler,Central,Loyal,Key Accounts,15,28.0,2777356.0,0.84,0.1786,2.0,0.0463,128483.7838,True
C01862,Supermarket,Western,Champions,Key Accounts,9,44.0,6587065.0,2.76,0.0682,2.0,0.0194,128116.7049,True
C02187,Wholesaler,Central,Loyal,Key Accounts,13,54.0,12182398.0,1.2439,0.0926,4.0,0.0105,127408.4316,True
C01743,Wholesaler,Coast,Champions,Key Accounts,3,82.0,19015094.0,0.7941,0.0732,2.0,0.0067,126951.8471,True
C01893,HoReCa,Western,Champions,Core Small Outlets,8,31.0,788074.0,0.5,0.129,2.0,0.1608,126759.2486,True
C03846,Petrol Station,Central,Champions,Core Small Outlets,3,60.0,1536907.0,0.6923,0.2333,3.0,0.0824,126648.2542,True
C00444,Supermarket,Rift Valley,Champions,Key Accounts,3,69.0,9463463.0,1.6596,0.1014,3.0,0.0134,126491.9132,True
C03678,Duka,Nyanza,Loyal,Core Small Outlets,25,37.0,697612.0,1.1,0.2973,3.0,0.1804,125880.4864,True
C03150,Petrol Station,Nyanza,Loyal,Core Small Outlets,14,34.0,650314.0,0.6774,0.2941,0.0,0.1925,125169.8003,True
C02313,Supermarket,Nairobi,Champions,Key Accounts,3,75.0,7992026.0,0.95,0.1333,5.0,0.0156,124698.2294,True
C00430,Petrol Station,Coast,Hibernating / Lost,Core Small Outlets,35,11.0,199078.0,0.75,0.0909,0.0,0.6254,124511.9278,True
C00663,Supermarket,Nyanza,Loyal,Key Accounts,13,58.0,4703311.0,0.875,0.1897,5.0,0.0265,124440.7618,True
C00777,HoReCa,Rift Valley,Champions,Core Small Outlets,6,47.0,1882578.0,0.6429,0.1064,2.0,0.066,124339.9076,True
C03157,Wholesaler,Coast,Champions,Key Accounts,10,52.0,10519318.0,1.6667,0.0769,3.0,0.0118,124266.8435,True
C00729,Wholesaler,Western,Champions,Key Accounts,5,66.0,16391190.0,1.2,0.1818,4.0,0.0076,124105.3902,True
C02010,HoReCa,Rift Valley,Champions,Core Small Outlets,11,44.0,1799185.0,1.1143,0.2273,4.0,0.0684,123067.7458,True
C03088,Petrol Station,Central,Loyal,Core Small Outlets,20,46.0,1230328.0,0.75,0.0435,2.0,0.0992,122074.7907,True
C02180,Duka,Nairobi,Hibernating / Lost,Lapsed Small Outlets,75,19.0,134295.0,0.2857,0.2105,1.0,0.9088,122050.7148,True
C00477,HoReCa,Rift Valley,Loyal,Core Small Outlets,18,40.0,1571377.0,0.5676,0.125,1.0,0.0777,122022.057,True
C02066,Duka,Nairobi,At Risk,Core Small Outlets,39,25.0,311286.0,0.3462,0.0,0.0,0.389,121101.9332,True
C02131,Petrol Station,Nairobi,Loyal,Core Small Outlets,12,24.0,450186.0,0.6522,0.0,0.0,0.2677,120509.8183,True
C03237,Supermarket,Nairobi,Champions,Key Accounts,4,78.0,9992393.0,0.7846,0.1282,0.0,0.0121,120466.232,True
C01797,Petrol Station,Nairobi,Loyal,Core Small Outlets,28,29.0,379301.0,0.5357,0.1379,1.0,0.3176,120448.7804,True
C00601,Supermarket,Western,Champions,Key Accounts,8,70.0,6984711.0,0.7,0.1286,3.0,0.0172,120194.0808,True
C01437,Supermarket,Nairobi,Champions,Key Accounts,9,68.0,5717871.0,0.661,0.1471,3.0,0.021,120105.2731,True
C00113,Wholesaler,Central,Champions,Key Accounts,4,74.0,17185404.0,0.9,0.1351,4.0,0.007,119943.8843,True
C02820,Supermarket,Central,Champions,Key Accounts,7,66.0,5609461.0,0.6207,0.0909,1.0,0.0213,119582.3153,True
C03393,Supermarket,Nairobi,Champions,Key Accounts,9,33.0,2060306.0,0.8276,0.2121,2.0,0.0579,119233.7839,True
C01330,Duka,Rift Valley,Hibernating / Lost,Lapsed Small Outlets,48,19.0,180772.0,0.45,0.1579,0.0,0.6587,119076.6183,True
C03516,Duka,Western,Hibernating / Lost,Lapsed Small Outlets,81,18.0,156307.0,0.4737,0.1111,0.0,0.761,118953.3174,True
C01607,Duka,Nairobi,At Risk,Lapsed Small Outlets,36,25.0,250545.0,0.2222,0.2,0.0,0.4747,118924.2153,True
C00983,Supermarket,Nairobi,Loyal,Key Accounts,16,46.0,3627038.0,0.75,0.1304,0.0,0.0328,118837.6622,True
C01229,HoReCa,Central,Loyal,Core Small Outlets,13,27.0,1044695.0,1.65,0.1481,3.0,0.1134,118479.4649,True
C01243,Petrol Station,Nyanza,Promising / New,Core Small Outlets,10,14.0,269948.0,0.8571,0.1429,2.0,0.4377,118151.6516,True
C00840,Wholesaler,Central,Champions,Key Accounts,8,42.0,5551413.0,0.7297,0.119,2.0,0.0212,117753.5639,True
C03661,Duka,Western,Champions,Core Small Outlets,8,43.0,804617.0,0.7105,0.2791,8.0,0.1453,116900.8891,True
C03977,Duka,Nairobi,Loyal,Core Small Outlets,13,59.0,1199064.0,0.5,0.2203,3.0,0.0974,116740.5023,True
C03706,Duka,Central,Hibernating / Lost,Lapsed Small Outlets,72,18.0,162917.0,0.3,0.0556,1.0,0.7153,116526.9137,True
C03211,Wholesaler,Central,Champions,Key Accounts,10,42.0,7540854.0,1.3125,0.1905,1.0,0.0154,116456.6616,True
C02893,HoReCa,Coast,Champions,Core Small Outlets,5,47.0,1705437.0,0.7317,0.1489,1.0,0.0681,116061.9528,True
C03288,Duka,Western,Hibernating / Lost,Lapsed Small Outlets,88,17.0,132472.0,0.3158,0.0,0.0,0.874,115775.2637,True
C03639,Wholesaler,Central,Champions,Key Accounts,3,28.0,2786055.0,0.6923,0.1071,1.0,0.0415,115573.2507,True
C02606,Supermarket,Rift Valley,Champions,Key Accounts,7,54.0,3923961.0,0.551,0.0926,1.0,0.0294,115521.8528,True
C01045,Petrol Station,Western,Promising / New,Core Small Outlets,7,19.0,207444.0,0.2857,0.1053,0.0,0.5555,115225.3929,True
C03611,Wholesaler,Rift Valley,Champions,Key Accounts,10,110.0,42009398.0,0.7582,0.1273,2.0,0.0027,114133.2222,True
C01585,Petrol Station,Western,At Risk,Core Small Outlets,37,24.0,373884.0,0.5,0.1667,1.0,0.3026,113147.8706,True
C03061,HoReCa,Coast,Loyal,Core Small Outlets,21,33.0,803597.0,0.8276,0.1515,2.0,0.1404,112807.5618,True
C03998,Supermarket,Nairobi,Champions,Key Accounts,9,62.0,5547639.0,0.6,0.1129,3.0,0.0203,112463.8585,True
C02543,Supermarket,Nairobi,Champions,Key Accounts,10,63.0,5494478.0,0.8654,0.1905,4.0,0.0204,112260.7319,True
C02920,Supermarket,Western,Champions,Key Accounts,3,44.0,2398980.0,0.6,0.1591,3.0,0.0463,111107.4737,True
C02139,Supermarket,Western,Champions,Key Accounts,3,87.0,13071285.0,1.2656,0.1149,4.0,0.0085,110962.846,True
C03542,Petrol Station,Western,Loyal,Core Small Outlets,15,43.0,916266.0,0.7105,0.1628,2.0,0.1205,110383.7109,True
C00560,Supermarket,Central,Loyal,Key Accounts,15,64.0,5126192.0,0.9231,0.1406,3.0,0.0215,110375.8282,True
C01648,Wholesaler,Coast,Champions,Key Accounts,4,48.0,6862915.0,1.1053,0.125,1.0,0.0161,110371.09,True
C00447,HoReCa,Nyanza,Loyal,Core Small Outlets,15,46.0,1774684.0,0.5714,0.1087,3.0,0.062,109970.047,True
C00926,Wholesaler,Nairobi,Loyal,Key Accounts,12,52.0,6989726.0,1.0,0.0769,1.0,0.0157,109689.4302,True
C01662,Petrol Station,Rift Valley,Loyal,Core Small Outlets,20,56.0,1465193.0,1.0909,0.125,4.0,0.0747,109441.3276,True
C00241,HoReCa,Coast,Hibernating / Lost,Lapsed Small Outlets,68,6.0,129201.0,0.75,0.0,0.0,0.847,109438.4816,True
C01114,Wholesaler,Nairobi,Champions,Key Accounts,6,32.0,3638275.0,1.0,0.0938,0.0,0.0299,108883.389,True
C01152,Wholesaler,Nairobi,Loyal,Key Accounts,15,68.0,15414123.0,1.0755,0.0588,1.0,0.0071,108805.9466,True
C00063,Supermarket,Rift Valley,Champions,Key Accounts,7,83.0,14445929.0,1.9245,0.0482,3.0,0.0075,108458.6368,True
C00458,HoReCa,Western,Loyal,Core Small Outlets,17,48.0,1640493.0,0.6279,0.125,4.0,0.0661,108370.6201,True
C01717,HoReCa,Western,Champions,Core Small Outlets,11,34.0,772319.0,0.5625,0.1471,2.0,0.1403,108359.2865,True
C00781,Wholesaler,Coast,Champions,Key Accounts,3,136.0,56791778.0,1.2857,0.2574,7.0,0.0019,108019.093,True
C01582,Wholesaler,Central,Champions,Key Accounts,3,61.0,12439788.0,0.9,0.082,1.0,0.0087,107880.9099,True
C02165,Wholesaler,Western,Champions,Key Accounts,10,104.0,41655675.0,0.8571,0.0577,2.0,0.0026,107715.3556,True
C01024,Supermarket,Nairobi,Champions,Key Accounts,4,51.0,3316912.0,0.8372,0.1373,2.0,0.0324,107552.4907,True
C02107,Wholesaler,Western,Champions,Key Accounts,6,55.0,9845413.0,1.2143,0.0909,0.0,0.0109,107428.5053,True
C01361,HoReCa,Coast,Champions,Core Small Outlets,8,67.0,3139779.0,1.0962,0.1493,3.0,0.0342,107400.8782,True
C03982,Wholesaler,Nairobi,Champions,Key Accounts,7,47.0,7221142.0,1.0263,0.1277,3.0,0.0148,106719.8366,True
C01620,Wholesaler,Nairobi,Champions,Key Accounts,6,38.0,4976737.0,1.0645,0.1842,1.0,0.0214,106675.2617,True
C01019,Wholesaler,Nairobi,Champions,Key Accounts,4,60.0,11011883.0,1.4651,0.1667,4.0,0.0097,106320.4841,True
C03606,Supermarket,Nairobi,Champions,Key Accounts,6,124.0,18772820.0,0.9184,0.2339,19.0,0.0057,106084.49,True
C03947,Supermarket,Nairobi,Champions,Key Accounts,4,108.0,15362033.0,0.7333,0.1481,2.0,0.0069,105751.1041,True
C03980,Duka,Rift Valley,Loyal,Core Small Outlets,14,45.0,1036814.0,1.2,0.1111,2.0,0.1019,105657.2045,True
C01926,Supermarket,Rift Valley,Champions,Key Accounts,5,64.0,5836432.0,1.25,0.1719,5.0,0.018,105144.9774,True
C02817,HoReCa,Nyanza,Champions,Core Small Outlets,9,32.0,966199.0,0.7241,0.0312,2.0,0.1086,104920.8395,True
C00334,Wholesaler,Nairobi,Champions,Key Accounts,9,91.0,23073892.0,0.7013,0.1099,1.0,0.0045,104758.2842,True
C02076,Wholesaler,Coast,Champions,Key Accounts,4,66.0,11065752.0,0.9623,0.1515,1.0,0.0095,104754.936,True
C02275,Petrol Station,Nairobi,At Risk,Core Small Outlets,40,22.0,502777.0,1.5882,0.0,0.0,0.2082,104703.0864,True
C01146,Wholesaler,Nyanza,Loyal,Key Accounts,15,30.0,3624489.0,0.7778,0.1,0.0,0.0289,104698.6282,True
C01212,Petrol Station,Coast,Loyal,Core Small Outlets,5,24.0,321624.0,0.36,0.2917,1.0,0.3249,104506.8863,True
C01946,Wholesaler,Rift Valley,Champions,Key Accounts,4,64.0,13625744.0,0.9231,0.1094,0.0,0.0077,104321.8531,True
C00061,Supermarket,Rift Valley,Champions,Key Accounts,5,91.0,13093581.0,1.1912,0.0989,3.0,0.0079,103479.4932,True
C03379,Supermarket,Central,Champions,Key Accounts,3,68.0,6259083.0,1.0755,0.1324,5.0,0.0165,103444.2205,True
C01626,Wholesaler,Central,Loyal,Key Accounts,18,48.0,9660529.0,2.0323,0.0833,4.0,0.0107,102989.2968,True
C02155,Supermarket,Rift Valley,Champions,Key Accounts,3,63.0,6067370.0,0.8654,0.1587,3.0,0.017,102986.7335,True
C00526,Wholesaler,Coast,Champions,Key Accounts,4,45.0,6091481.0,1.2,0.1556,0.0,0.0169,102794.2323,True
C03343,Supermarket,Nyanza,Loyal,Key Accounts,11,84.0,10181156.0,0.7183,0.1429,5.0,0.0101,102716.2836,True
C01868,Supermarket,Central,Champions,Key Accounts,6,110.0,15817822.0,1.0714,0.2455,12.0,0.0065,102528.1658,True
C00449,Wholesaler,Western,Champions,Key Accounts,9,32.0,4406955.0,1.0,0.1562,1.0,0.0232,102391.0533,True
C00296,Supermarket,Nyanza,Champions,Key Accounts,5,50.0,3844566.0,0.6818,0.18,2.0,0.0266,102345.9221,True
C02715,HoReCa,Coast,Loyal,Core Small Outlets,16,26.0,601486.0,0.6,0.0769,0.0,0.1698,102123.989,True
C01086,Wholesaler,Nairobi,Loyal,Key Accounts,17,36.0,3682624.0,0.75,0.1389,2.0,0.0277,101830.9528,True
C02113,HoReCa,Western,Champions,Core Small Outlets,4,39.0,2100829.0,1.1613,0.0256,1.0,0.0484,101644.39,True
C02004,Petrol Station,Nyanza,Loyal,Core Small Outlets,12,94.0,3799144.0,0.6296,0.0745,1.0,0.0267,101522.9655,True
C01381,Duka,Nairobi,Hibernating / Lost,Lapsed Small Outlets,83,10.0,110219.0,0.5,0.1,1.0,0.9202,101426.3747,True
C01899,HoReCa,Coast,Hibernating / Lost,Lapsed Small Outlets,82,6.0,118378.0,0.75,0.1667,0.0,0.8549,101203.0313,True
C00660,Petrol Station,Western,Loyal,Core Small Outlets,11,22.0,430592.0,1.875,0.2727,4.0,0.2349,101146.9775,True
C03360,Supermarket,Nairobi,Loyal,Key Accounts,13,108.0,17493835.0,0.6129,0.0648,3.0,0.0058,100693.7504,True
C00040,Duka,Nairobi,Champions,Core Small Outlets,7,51.0,927629.0,0.5106,0.2745,2.0,0.1084,100554.349,True
C02053,Wholesaler,Nyanza,Champions,Key Accounts,8,35.0,5675328.0,2.85,0.2,4.0,0.0177,100383.0701,True
C03270,HoReCa,Nairobi,Loyal,Core Small Outlets,26,33.0,1030483.0,0.5806,0.0,1.0,0.0973,100311.8714,True
C00716,Supermarket,Nairobi,Champions,Key Accounts,7,50.0,3469010.0,1.05,0.22,4.0,0.0289,100279.6894,True
C02159,Duka,Coast,Can't Lose Them,Core Small Outlets,38,38.0,505937.0,0.7059,0.1842,1.0,0.1981,100205.0006,True
C03540,Supermarket,Coast,Loyal,Key Accounts,13,110.0,17450979.0,1.0235,0.1818,10.0,0.0057,100049.7,True
C02083,Duka,Central,At Risk,Core Small Outlets,64,26.0,254172.0,1.0909,0.3462,4.0,0.3905,99251.3796,True
C03686,Wholesaler,Nyanza,Champions,Key Accounts,3,56.0,13806215.0,0.913,0.0893,2.0,0.0072,99165.5792,True
C02396,Duka,Nairobi,Can't Lose Them,Core Small Outlets,38,35.0,479432.0,1.0345,0.2571,2.0,0.2065,98984.0879,True
C00374,Supermarket,Rift Valley,Champions,Key Accounts,5,71.0,6995817.0,0.629,0.0423,0.0,0.0141,98579.2286,True
C02225,Duka,Central,Hibernating / Lost,Lapsed Small Outlets,84,18.0,140804.0,0.3,0.1111,0.0,0.6994,98483.8238,True
C00010,Duka,Nairobi,Hibernating / Lost,Lapsed Small Outlets,68,17.0,141710.0,0.5,0.1765,1.0,0.6869,97335.189,True
C03851,Wholesaler,Nairobi,Loyal,Key Accounts,19,31.0,3303582.0,0.8889,0.129,0.0,0.0293,96694.4378,True
C01034,Wholesaler,Central,Champions,Key Accounts,7,60.0,12328936.0,1.0,0.2333,1.0,0.0078,96577.7908,True
C02649,Supermarket,Nairobi,Champions,Key Accounts,5,96.0,11571765.0,0.8961,0.1458,4.0,0.0083,96280.5816,True
C01475,Supermarket,Western,Champions,Key Accounts,5,58.0,4416514.0,0.875,0.2414,2.0,0.0218,96247.0364,True
C00964,Duka,Rift Valley,Hibernating / Lost,Lapsed Small Outlets,78,17.0,120007.0,0.5,0.1765,3.0,0.8016,96195.5008,True
C03849,Supermarket,Nyanza,Champions,Key Accounts,10,42.0,2910964.0,1.0588,0.2619,6.0,0.0329,95915.2722,True
C01642,Duka,Nairobi,Can't Lose Them,Core Small Outlets,40,32.0,281560.0,0.375,0.0938,0.0,0.339,95454.508,True
C01106,Wholesaler,Coast,Loyal,Key Accounts,17,49.0,5889118.0,0.975,0.0408,0.0,0.0162,95192.3424,True
C00153,Supermarket,Nairobi,Champions,Key Accounts,8,24.0,1136902.0,0.8182,0.125,0.0,0.0837,95117.9259,True
C02449,Supermarket,Rift Valley,Loyal,Key Accounts,27,49.0,3290390.0,0.878,0.0816,0.0,0.0286,94122.997,True
C03305,Supermarket,Rift Valley,Champions,Key Accounts,6,82.0,8291754.0,0.7941,0.0976,2.0,0.0113,94047.6568,True
C02995,Supermarket,Coast,Champions,Key Accounts,8,106.0,17524312.0,0.8372,0.0283,0.0,0.0054,93862.4471,True
C03078,Duka,Central,Loyal,Core Small Outlets,22,31.0,379398.0,0.5,0.1935,3.0,0.2473,93840.3596,True
C00012,Petrol Station,Nyanza,Loyal,Core Small Outlets,11,30.0,623227.0,0.6429,0.1667,0.0,0.1504,93712.5407,True
C01300,Petrol Station,Rift Valley,Champions,Core Small Outlets,10,35.0,606205.0,0.7742,0.2,3.0,0.1545,93630.2393,True
C03833,HoReCa,Rift Valley,Loyal,Core Small Outlets,13,57.0,2158689.0,0.8125,0.2105,1.0,0.0433,93519.0672,True
C03339,Supermarket,Rift Valley,Champions,Key Accounts,7,84.0,8718579.0,0.9403,0.2024,4.0,0.0107,93483.2117,True
C02270,HoReCa,Western,Hibernating / Lost,Core Small Outlets,45,15.0,223806.0,0.5625,0.1333,1.0,0.4127,92362.9412,True
C00361,Wholesaler,Western,Champions,Key Accounts,6,32.0,4449250.0,1.9091,0.0938,2.0,0.0207,92188.4989,True
C01174,Duka,Rift Valley,Hibernating / Lost,Core Small Outlets,52,26.0,237386.0,0.75,0.1538,1.0,0.3876,92016.2243,True
C02722,Supermarket,Rift Valley,Champions,Key Accounts,3,73.0,7172650.0,1.125,0.3973,4.0,0.0128,92012.984,True
C01798,Supermarket,Central,Champions,Key Accounts,8,64.0,4351990.0,0.5172,0.125,1.0,0.0211,91933.0258,True
C03028,HoReCa,Central,Loyal,Key Accounts,16,88.0,8482071.0,0.7297,0.0795,2.0,0.0108,91895.7606,True
C03470,Duka,Central,Hibernating / Lost,Lapsed Small Outlets,49,22.0,162965.0,0.3913,0.1818,0.0,0.5609,91408.272,True
C03143,Supermarket,Nyanza,Champions,Key Accounts,8,32.0,1958905.0,1.6957,0.2188,1.0,0.0465,91134.4794,True
C00325,Supermarket,Nyanza,Loyal,Key Accounts,28,50.0,3703276.0,0.9512,0.18,2.0,0.0246,90917.6756,True
C03060,Petrol Station,Western,Loyal,Core Small Outlets,18,29.0,573004.0,0.4138,0.0,0.0,0.1576,90283.4173,True
C02558,Petrol Station,Rift Valley,At Risk,Core Small Outlets,50,24.0,255656.0,0.6522,0.25,2.0,0.353,90247.5953,True
C03013,Duka,Nairobi,Hibernating / Lost,Lapsed Small Outlets,55,24.0,143532.0,0.2308,0.1667,1.0,0.6281,90150.2623,True
C01615,HoReCa,Western,Loyal,Core Small Outlets,8,24.0,649731.0,0.6522,0.125,0.0,0.1387,90106.3954,True
C00506,Duka,Nairobi,At Risk,Core Small Outlets,39,32.0,230530.0,0.375,0.0938,0.0,0.3897,89847.89,True
C03946,Wholesaler,Central,Champions,Key Accounts,3,81.0,19513405.0,0.8636,0.1605,2.0,0.0046,89618.175,True
C01004,Supermarket,Western,Loyal,Key Accounts,14,40.0,1805272.0,0.8824,0.2,0.0,0.0495,89365.0144,True
C02406,Wholesaler,Central,Champions,Key Accounts,5,65.0,15238610.0,1.14,0.1385,3.0,0.0059,89207.362,True
C00523,Petrol Station,Coast,Needs Attention,Core Small Outlets,17,22.0,199327.0,0.7143,0.2727,1.0,0.4469,89088.1142,True
C00053,Duka,Nairobi,Loyal,Core Small Outlets,29,30.0,429574.0,0.7778,0.0667,1.0,0.2071,88981.0102,True
C01524,Wholesaler,Nairobi,Champions,Key Accounts,4,43.0,8738951.0,1.1471,0.0698,0.0,0.0102,88959.1068,True
C03140,Supermarket,Nairobi,Champions,Key Accounts,6,71.0,8745710.0,0.8136,0.0563,0.0,0.0102,88811.8697,True
C02347,Wholesaler,Rift Valley,Champions,Key Accounts,6,38.0,5552594.0,0.9375,0.0526,1.0,0.016,88580.1051,True
C03711,Petrol Station,Central,Hibernating / Lost,Lapsed Small Outlets,67,6.0,91788.0,0.75,0.5,0.0,0.9601,88123.0899,True
C01280,Wholesaler,Nairobi,Loyal,Key Accounts,12,84.0,18962546.0,0.8261,0.1071,1.0,0.0046,87976.8103,True
C02020,HoReCa,Western,Champions,Core Small Outlets,10,29.0,754238.0,0.6667,0.1379,0.0,0.1155,87123.8078,True
C03689,Supermarket,Western,Champions,Key Accounts,8,82.0,8803008.0,0.9692,0.1951,5.0,0.0098,86623.7077,True
C01097,HoReCa,Coast,Champions,Core Small Outlets,7,63.0,3202808.0,1.102,0.2063,7.0,0.0266,85305.5605,True
C03267,Petrol Station,Rift Valley,Loyal,Core Small Outlets,23,36.0,722783.0,0.871,0.1389,0.0,0.1175,84921.7988,True
C02913,Wholesaler,Nyanza,Champions,Key Accounts,5,57.0,9653938.0,0.7347,0.0877,3.0,0.0088,84809.6735,True
C03286,Wholesaler,Nairobi,Champions,Key Accounts,3,30.0,2798329.0,0.6429,0.1,2.0,0.0302,84576.6893,True
C02909,HoReCa,Rift Valley,Hibernating / Lost,Lapsed Small Outlets,71,12.0,154537.0,0.6923,0.0833,0.0,0.5469,84516.0421,True
C03213,Supermarket,Coast,Champions,Key Accounts,3,57.0,3612068.0,0.8936,0.1228,3.0,0.0234,84510.6879,True
C00227,Supermarket,Nairobi,Champions,Key Accounts,3,84.0,12324612.0,1.4746,0.0714,5.0,0.0068,84296.0392,True
C01187,Petrol Station,Western,Loyal,Core Small Outlets,15,47.0,942599.0,0.7317,0.1064,5.0,0.0891,84003.6919,True
C03042,Petrol Station,Nairobi,At Risk,Core Small Outlets,70,25.0,371054.0,0.7826,0.08,0.0,0.2259,83835.9809,True
C02412,HoReCa,Rift Valley,Loyal,Core Small Outlets,16,24.0,520564.0,0.6522,0.25,3.0,0.1608,83688.0735,True
C03190,Petrol Station,Coast,Loyal,Core Small Outlets,23,46.0,862725.0,0.6585,0.087,0.0,0.0968,83517.2926,True
C00708,Supermarket,Western,Champions,Key Accounts,10,72.0,6290739.0,0.8644,0.1389,4.0,0.0133,83444.1742,True
C01745,Duka,Rift Valley,Champions,Core Small Outlets,9,37.0,490439.0,0.5143,0.3784,3.0,0.1701,83399.4754,True
C01539,Wholesaler,Rift Valley,Loyal,Key Accounts,14,35.0,4586074.0,1.3333,0.0857,2.0,0.0182,83276.6332,True
C00229,Supermarket,Central,Champions,Key Accounts,6,105.0,15455399.0,0.8929,0.2,8.0,0.0054,83196.0625,True
C03687,Wholesaler,Rift Valley,Champions,Key Accounts,10,56.0,9162950.0,1.0,0.125,3.0,0.0091,82944.5845,True
C00826,Supermarket,Nairobi,Champions,Key Accounts,4,102.0,13433611.0,0.9259,0.1176,3.0,0.0062,82935.1943,True
C01037,Duka,Rift Valley,Champions,Core Small Outlets,8,55.0,964765.0,0.6875,0.1091,1.0,0.0859,82901.3139,True
C03522,Supermarket,Western,Loyal,Key Accounts,13,31.0,1357962.0,0.75,0.0968,1.0,0.061,82871.2939,True
C01317,Duka,Nairobi,Needs Attention,Core Small Outlets,23,20.0,198369.0,0.4286,0.15,0.0,0.4168,82674.5004,True
C03488,Wholesaler,Nairobi,Champions,Key Accounts,4,104.0,32860413.0,1.2632,0.125,2.0,0.0025,82609.878,True
C01121,Wholesaler,Western,Champions,Key Accounts,5,39.0,5312844.0,1.7778,0.0513,4.0,0.0155,82493.5381,True
C00923,Petrol Station,Nairobi,Loyal,Core Small Outlets,16,46.0,1069490.0,0.6585,0.0217,1.0,0.0771,82412.967,True
C01226,Supermarket,Western,Champions,Key Accounts,4,66.0,5681425.0,1.0385,0.197,3.0,0.0145,82379.2273,True
C03775,Supermarket,Coast,Loyal,Key Accounts,20,33.0,1774274.0,0.8276,0.0909,1.0,0.0462,81929.1756,True
C03331,HoReCa,Central,Champions,Core Small Outlets,9,38.0,877095.0,0.5,0.1316,1.0,0.0932,81701.8237,True
C01980,Duka,Coast,Hibernating / Lost,Lapsed Small Outlets,81,8.0,101804.0,1.0,0.0,0.0,0.8019,81641.2861,True
C00885,Duka,Western,Loyal,Core Small Outlets,25,29.0,277712.0,0.4138,0.1379,2.0,0.2934,81485.7493,True
C01036,HoReCa,Nairobi,Champions,Core Small Outlets,9,37.0,937561.0,0.9677,0.2703,3.0,0.0865,81108.1982,True
C01262,Wholesaler,Nairobi,Champions,Key Accounts,6,22.0,1685186.0,1.1053,0.1818,0.0,0.048,80963.9308,True
C02845,HoReCa,Western,Champions,Core Small Outlets,4,44.0,2112554.0,0.8919,0.2727,2.0,0.0383,80945.1101,True
C00006,HoReCa,Coast,Champions,Core Small Outlets,5,74.0,5002415.0,0.9661,0.0946,2.0,0.0162,80829.2764,True
C01129,Wholesaler,Nairobi,Loyal,Key Accounts,15,18.0,1347936.0,0.8824,0.0556,0.0,0.06,80816.9316,True
C02191,Wholesaler,Nairobi,Champions,Key Accounts,4,44.0,7560616.0,1.0,0.0455,2.0,0.0107,80742.393,True
C02618,Supermarket,Nairobi,Champions,Key Accounts,3,60.0,5050314.0,0.84,0.0833,0.0,0.016,80556.9372,True
C02064,Wholesaler,Central,Champions,Key Accounts,3,94.0,26429237.0,0.973,0.1596,4.0,0.003,79902.1815,True
C02891,Supermarket,Nyanza,Champions,Key Accounts,3,58.0,3475437.0,0.7959,0.069,0.0,0.023,79776.4943,True
C02092,Wholesaler,Western,Champions,Key Accounts,4,86.0,23385914.0,0.9706,0.1163,3.0,0.0034,79595.8739,True
C02691,Duka,Nairobi,Needs Attention,Core Small Outlets,13,21.0,192726.0,0.4091,0.1429,2.0,0.4098,78976.0238,True
C03795,Supermarket,Nairobi,Champions,Key Accounts,10,87.0,10262834.0,0.7917,0.1379,2.0,0.0077,78853.1081,True
C00674,Supermarket,Central,Champions,Key Accounts,5,42.0,2540470.0,0.8333,0.0476,2.0,0.031,78727.4311,True
C02716,Petrol Station,Western,Champions,Core Small Outlets,3,39.0,649514.0,0.4865,0.2051,2.0,0.1211,78650.9078,True
C00513,Petrol Station,Nairobi,Needs Attention,Core Small Outlets,22,9.0,147385.0,0.9,0.2222,3.0,0.5321,78426.2937,True
C03050,Duka,Nairobi,Hibernating / Lost,Lapsed Small Outlets,49,21.0,144825.0,0.4091,0.0952,0.0,0.5407,78307.3953,True
C03197,Wholesaler,Nairobi,Loyal,Key Accounts,11,40.0,4856716.0,1.125,0.15,2.0,0.0161,78300.3783,True
C01444,Petrol Station,Nairobi,Needs Attention,Core Small Outlets,20,9.0,111380.0,0.9,0.4444,3.0,0.703,78296.5567,True
C01418,Duka,Coast,At Risk,Core Small Outlets,34,24.0,281831.0,1.0,0.1667,1.0,0.2778,78280.1311,True
C03971,Supermarket,Rift Valley,Champions,Key Accounts,6,63.0,5431909.0,1.3696,0.2063,4.0,0.0144,77968.6068,True
C01605,Duka,Nairobi,Loyal,Core Small Outlets,18,33.0,450005.0,0.8276,0.2424,4.0,0.1731,77880.339,True
C02888,Petrol Station,Western,Hibernating / Lost,Lapsed Small Outlets,60,16.0,156483.0,0.75,0.0625,1.0,0.4939,77282.1133,True
C03224,Supermarket,Nairobi,Champions,Key Accounts,3,98.0,12282527.0,1.1351,0.2755,18.0,0.0063,77251.2557,True
C00215,Duka,Central,Hibernating / Lost,Lapsed Small Outlets,77,18.0,110475.0,0.3,0.0,0.0,0.6992,77246.2511,True
C02138,Duka,Rift Valley,Loyal,Core Small Outlets,14,27.0,451711.0,1.2273,0.2593,1.0,0.1708,77170.3987,True
C00103,Wholesaler,Nyanza,Loyal,Key Accounts,13,29.0,5716394.0,4.0714,0.2069,5.0,0.0135,77162.8782,True
C00821,Duka,Rift Valley,Champions,Core Small Outlets,9,33.0,359714.0,0.4688,0.2727,1.0,0.2136,76835.2872,True
C03829,Duka,Nyanza,Hibernating / Lost,Lapsed Small Outlets,47,22.0,199015.0,0.25,0.0455,0.0,0.3857,76758.9099,True
C02685,Supermarket,Rift Valley,Loyal,Key Accounts,13,67.0,6181417.0,1.0189,0.1493,5.0,0.0124,76702.0775,True
C01260,Supermarket,Central,Loyal,Key Accounts,15,44.0,3069723.0,1.3636,0.0,1.0,0.0249,76502.6604,True
C01151,Duka,Coast,Hibernating / Lost,Core Small Outlets,35,21.0,203367.0,0.75,0.2381,2.0,0.374,76055.2738,True
C03920,Supermarket,Western,Champions,Key Accounts,6,26.0,2192960.0,3.0,0.0769,3.0,0.0347,76024.1003,True
C03505,Wholesaler,Rift Valley,Champions,Key Accounts,3,111.0,38204043.0,1.1566,0.1351,2.0,0.002,75700.0533,True
C01826,Supermarket,Nairobi,Loyal,Key Accounts,24,32.0,1711258.0,0.8571,0.0938,1.0,0.0442,75577.7503,True
C03144,Supermarket,Nairobi,Champions,Key Accounts,5,45.0,2546427.0,0.8684,0.2667,4.0,0.0297,75550.3318,True
C01783,Supermarket,Central,Champions,Key Accounts,9,66.0,6091060.0,0.8182,0.1515,3.0,0.0124,75415.9341,True
C02747,Wholesaler,Nyanza,Champions,Key Accounts,10,49.0,8415547.0,0.878,0.0612,0.0,0.0089,75237.9886,True
C00360,Supermarket,Central,Champions,Key Accounts,3,83.0,8162605.0,0.527,0.1325,4.0,0.0092,74933.1923,True
C00606,Supermarket,Rift Valley,Champions,Key Accounts,4,55.0,3894354.0,0.766,0.1273,1.0,0.0192,74656.1898,True
C00123,Duka,Nairobi,Loyal,Core Small Outlets,28,40.0,438451.0,0.4737,0.15,2.0,0.1702,74615.885,True
C03169,Supermarket,Nairobi,Champions,Key Accounts,3,99.0,11839427.0,0.8625,0.202,10.0,0.0063,74527.9624,True
C01311,HoReCa,Nairobi,Champions,Core Small Outlets,4,57.0,2393029.0,0.9783,0.2281,6.0,0.0311,74432.2047,True
C01065,Wholesaler,Central,Champions,Key Accounts,6,55.0,9840403.0,1.1163,0.0364,2.0,0.0075,74176.9775,True
C01461,Supermarket,Nairobi,Champions,Key Accounts,7,40.0,3823736.0,2.28,0.1,2.0,0.0193,73883.2345,True
C00333,Duka,Coast,Hibernating / Lost,Lapsed Small Outlets,69,13.0,82777.0,0.4,0.3077,0.0,0.8909,73744.8387,True
C00864,Supermarket,Nairobi,Loyal,Key Accounts,23,50.0,3107784.0,0.8571,0.12,0.0,0.0235,73136.1975,True
C00943,Wholesaler,Nairobi,Champions,Key Accounts,3,31.0,4508155.0,1.5652,0.2258,2.0,0.0162,73123.1237,True
C01415,Wholesaler,Rift Valley,Champions,Key Accounts,8,45.0,6848648.0,1.3235,0.0889,3.0,0.0107,72959.0397,True
C01447,Petrol Station,Nairobi,Champions,Core Small Outlets,5,51.0,1912920.0,1.3421,0.0392,0.0,0.0381,72826.7119,True
C01109,Supermarket,Rift Valley,Champions,Key Accounts,7,71.0,5694511.0,1.0909,0.1972,5.0,0.0128,72815.2748,True
C03659,Wholesaler,Central,Champions,Key Accounts,3,40.0,5065746.0,1.0,0.05,2.0,0.0143,72629.3884,True
C01977,Petrol Station,Rift Valley,Loyal,Core Small Outlets,7,27.0,379885.0,0.5769,0.2222,4.0,0.191,72571.6123,True
C02834,Supermarket,Rift Valley,Champions,Key Accounts,8,89.0,9749489.0,0.9296,0.2022,5.0,0.0074,72517.1554,True
C03804,Wholesaler,Central,Champions,Key Accounts,3,74.0,14678023.0,1.3333,0.3108,6.0,0.0049,72269.7036,True
C01901,Wholesaler,Nyanza,Champions,Key Accounts,11,62.0,10187638.0,1.2128,0.0968,0.0,0.0071,72161.6856,True
C00767,Duka,Nairobi,Loyal,Core Small Outlets,24,41.0,593365.0,0.6486,0.1707,0.0,0.1216,72126.0785,True
C00519,Supermarket,Coast,Champions,Key Accounts,5,41.0,2189191.0,0.75,0.1463,4.0,0.0329,72030.7167,True
C00692,Wholesaler,Central,Champions,Key Accounts,7,37.0,6487094.0,1.7308,0.2432,1.0,0.0111,71732.6454,True
C00056,Wholesaler,Nairobi,Champions,Key Accounts,3,35.0,2579246.0,0.6562,0.1429,1.0,0.0278,71606.3656,True
C01812,Wholesaler,Central,Champions,Key Accounts,5,31.0,3139118.0,0.8889,0.2581,1.0,0.0228,71546.4399,True
C02454,Supermarket,Western,Champions,Key Accounts,5,35.0,2130298.0,1.1786,0.0571,1.0,0.0335,71314.5742,True
C00627,Duka,Nairobi,Loyal,Core Small Outlets,14,60.0,1315830.0,0.4909,0.1833,1.0,0.0541,71156.6916,True
C00287,HoReCa,Western,Champions,Core Small Outlets,9,51.0,2677876.0,1.2308,0.1176,3.0,0.0265,70881.5671,True
C01866,HoReCa,Nairobi,Champions,Core Small Outlets,4,81.0,5955745.0,0.8636,0.037,2.0,0.0119,70757.9078,True
C01298,HoReCa,Western,Champions,Core Small Outlets,4,54.0,2087203.0,0.7826,0.0926,3.0,0.0339,70742.9603,True
C02267,Petrol Station,Rift Valley,Can't Lose Them,Core Small Outlets,51,32.0,492740.0,1.0,0.1875,0.0,0.1428,70353.554,True
C02271,Supermarket,Nyanza,Loyal,Key Accounts,14,59.0,3916374.0,0.78,0.1525,3.0,0.0179,70094.1838,True
C02203,Duka,Central,Hibernating / Lost,Lapsed Small Outlets,69,12.0,89326.0,0.4286,0.1667,0.0,0.7806,69725.1442,True
C02395,HoReCa,Nairobi,Champions,Core Small Outlets,7,59.0,2632213.0,0.8571,0.1186,0.0,0.0264,69563.6374,True
C01675,HoReCa,Western,Loyal,Core Small Outlets,9,18.0,662396.0,2.5,0.2222,2.0,0.103,68257.2452,True
C01823,Duka,Nairobi,Loyal,Core Small Outlets,28,28.0,377021.0,0.84,0.0714,1.0,0.1808,68176.2555,True
C01808,Supermarket,Nairobi,Champions,Key Accounts,3,58.0,3746727.0,1.0435,0.1897,2.0,0.0182,68109.904,True
C01184,Supermarket,Central,Loyal,Key Accounts,14,47.0,3647076.0,1.5,0.1915,2.0,0.0186,67985.7704,True
C01304,Petrol Station,Nairobi,Champions,Core Small Outlets,6,42.0,747957.0,0.8333,0.119,0.0,0.0907,67874.9423,True
C03513,Petrol Station,Coast,Champions,Core Small Outlets,3,48.0,1297295.0,1.5882,0.1458,3.0,0.052,67487.9219,True
C01222,HoReCa,Rift Valley,Champions,Core Small Outlets,7,46.0,1764034.0,1.0541,0.1522,4.0,0.0382,67365.1469,True
C00460,Duka,Nairobi,Hibernating / Lost,Core Small Outlets,45,23.0,190684.0,0.5217,0.1739,0.0,0.3519,67109.1926,True
C01532,Petrol Station,Nairobi,Loyal,Core Small Outlets,10,26.0,583685.0,1.7368,0.1154,2.0,0.1147,66954.4645,True
C00778,Supermarket,Coast,Champions,Key Accounts,7,68.0,5957261.0,0.9273,0.1324,3.0,0.0112,66946.7439,True
C02277,Duka,Central,Hibernating / Lost,Core Small Outlets,53,18.0,200143.0,1.4,0.0,1.0,0.3343,66911.5977,True
C02567,Supermarket,Western,Loyal,Key Accounts,19,37.0,1606787.0,0.7273,0.0541,0.0,0.0416,66893.3663,True
C02815,Duka,Central,Loyal,Core Small Outlets,6,24.0,252345.0,0.36,0.1667,0.0,0.265,66879.4069,True
C02419,Wholesaler,Nairobi,Champions,Key Accounts,3,54.0,11145104.0,1.0465,0.0556,1.0,0.006,66787.6443,True
C02940,Wholesaler,Western,Champions,Key Accounts,4,38.0,5427699.0,1.2,0.1316,0.0,0.0123,66771.9162,True
C01210,Wholesaler,Coast,Champions,Key Accounts,4,31.0,3150912.0,1.2,0.1935,2.0,0.0212,66721.9726,True
C02452,Supermarket,Rift Valley,Champions,Key Accounts,5,61.0,5602431.0,1.0625,0.1475,2.0,0.0119,66628.1764,True
C02647,Duka,Nairobi,Champions,Core Small Outlets,8,44.0,836353.0,0.7895,0.2273,3.0,0.0795,66448.6904,True
C01581,Wholesaler,Rift Valley,Champions,Key Accounts,5,112.0,41713699.0,1.4051,0.125,1.0,0.0016,66094.9817,True
C00724,Petrol Station,Western,Hibernating / Lost,Core Small Outlets,29,18.0,250787.0,1.125,0.1667,2.0,0.2633,66033.1957,True
C03674,Petrol Station,Coast,Loyal,Core Small Outlets,25,42.0,966017.0,0.7297,0.0714,1.0,0.0683,66015.2042,True
C03645,Wholesaler,Rift Valley,Champions,Key Accounts,4,43.0,7458605.0,1.2727,0.093,3.0,0.0088,65892.7903,True
C01591,Supermarket,Nairobi,Champions,Key Accounts,4,84.0,7821581.0,0.8261,0.2262,1.0,0.0084,65780.3264,True
C00766,Supermarket,Central,Champions,Key Accounts,11,64.0,5344028.0,0.9231,0.0938,2.0,0.0123,65624.1825,True
C03053,Duka,Nairobi,Hibernating / Lost,Lapsed Small Outlets,84,14.0,86034.0,0.375,0.0,0.0,0.7623,65580.4159,True
C00653,Supermarket,Central,Champions,Key Accounts,3,55.0,4185682.0,0.766,0.1273,1.0,0.0157,65569.1201,True
C03745,Supermarket,Rift Valley,Loyal,Key Accounts,18,36.0,1807702.0,0.871,0.1389,3.0,0.036,65083.4521,True
C00412,HoReCa,Nyanza,Loyal,Core Small Outlets,13,25.0,548923.0,0.3462,0.12,1.0,0.1185,65051.2646,True
C01257,Supermarket,Central,Champions,Key Accounts,8,107.0,15240871.0,0.7,0.1402,4.0,0.0043,64982.4114,True
C00990,Wholesaler,Nairobi,Champions,Key Accounts,9,51.0,6922659.0,1.0244,0.0392,0.0,0.0093,64512.8257,True
C02385,Duka,Nairobi,Hibernating / Lost,Lapsed Small Outlets,69,21.0,155961.0,0.4091,0.0476,1.0,0.4123,64306.7293,True
C00865,HoReCa,Central,Champions,Core Small Outlets,6,63.0,3394832.0,1.102,0.1429,4.0,0.0188,63898.0948,True
C01119,Supermarket,Coast,Loyal,Key Accounts,9,19.0,652613.0,1.0588,0.3158,0.0,0.0979,63866.9781,True
C03076,Duka,Western,Champions,Core Small Outlets,3,50.0,1559642.0,1.3784,0.16,6.0,0.0409,63840.2838,True
C01809,Duka,Rift Valley,Needs Attention,Core Small Outlets,19,24.0,197732.0,0.5,0.0417,2.0,0.3223,63725.34,True
C02152,Duka,Nairobi,Loyal,Core Small Outlets,25,33.0,356596.0,0.4688,0.0909,2.0,0.1778,63409.353,True
C00887,Duka,Nairobi,Loyal,Core Small Outlets,18,52.0,654090.0,0.6522,0.0962,1.0,0.0969,63404.4301,True
C03607,Supermarket,Central,Champions,Key Accounts,10,38.0,2126320.0,1.0645,0.1842,4.0,0.0298,63388.2393,True
C00431,Wholesaler,Nyanza,Champions,Key Accounts,3,71.0,16239910.0,1.2453,0.0563,1.0,0.0039,63270.3463,True
C03200,Duka,Nairobi,Hibernating / Lost,Lapsed Small Outlets,69,11.0,74577.0,0.4615,0.2727,0.0,0.8455,63058.5548,True
C02546,HoReCa,Western,Loyal,Core Small Outlets,13,29.0,692372.0,0.6667,0.0,1.0,0.09,62311.6126,True
C00051,Wholesaler,Central,Champions,Key Accounts,8,42.0,5490061.0,1.0588,0.0476,1.0,0.0113,62159.3737,True
C03220,HoReCa,Western,Champions,Core Small Outlets,9,53.0,2672837.0,1.275,0.0566,3.0,0.0232,61914.4583,True
C01833,Supermarket,Nairobi,Champions,Key Accounts,5,67.0,6565637.0,1.1765,0.1194,2.0,0.0094,61678.344,True
C02399,Petrol Station,Nairobi,Loyal,Core Small Outlets,14,30.0,554494.0,1.08,0.2333,3.0,0.111,61521.4139,True
C00247,Supermarket,Nairobi,Champions,Key Accounts,4,53.0,6529954.0,2.1818,0.0566,2.0,0.0094,61503.5062,True
C03876,Supermarket,Central,Champions,Key Accounts,9,46.0,3246776.0,1.0541,0.1739,1.0,0.0189,61404.778,True
C01681,HoReCa,Nyanza,Loyal,Core Small Outlets,16,31.0,833305.0,0.8889,0.1935,3.0,0.0735,61289.2704,True
C00089,Supermarket,Coast,Loyal,Key Accounts,14,38.0,2161033.0,1.3448,0.1053,3.0,0.0281,60829.0876,True
C00656,Duka,Coast,Hibernating / Lost,Core Small Outlets,46,20.0,164051.0,0.6,0.15,0.0,0.3699,60681.8907,True
C03326,Supermarket,Rift Valley,Champions,Key Accounts,5,89.0,12021408.0,0.875,0.1348,5.0,0.005,60363.9085,True
C00462,Supermarket,Nyanza,Champions,Key Accounts,3,89.0,9721299.0,0.875,0.2247,8.0,0.0062,60215.5662,True
C02928,Duka,Western,Hibernating / Lost,Lapsed Small Outlets,38,16.0,127432.0,0.3333,0.0625,1.0,0.4703,59932.7534,True
C02093,HoReCa,Rift Valley,Champions,Core Small Outlets,10,51.0,1502677.0,0.75,0.1373,1.0,0.0398,59856.4755,True
C00225,Duka,Nairobi,Needs Attention,Lapsed Small Outlets,24,11.0,91473.0,0.4615,0.1818,1.0,0.6542,59845.0381,True
C03984,Supermarket,Central,Champions,Key Accounts,5,65.0,5356588.0,0.9057,0.2154,1.0,0.0112,59843.8289,True
C03292,Supermarket,Nairobi,Champions,Key Accounts,8,62.0,6065774.0,0.96,0.0645,1.0,0.0099,59816.7991,True
C00845,Wholesaler,Nairobi,Champions,Key Accounts,5,33.0,3492701.0,0.8276,0.1212,1.0,0.0171,59728.7489,True
C01616,Wholesaler,Central,Champions,Key Accounts,5,31.0,3053223.0,1.375,0.129,1.0,0.0196,59721.9339,True
C03336,Wholesaler,Nairobi,Champions,Key Accounts,6,61.0,9759061.0,1.3333,0.1148,3.0,0.0061,59531.2742,True
C03953,Wholesaler,Coast,Loyal,Key Accounts,15,26.0,1902166.0,1.5,0.1154,1.0,0.0313,59492.3782,True
C00189,Wholesaler,Nairobi,Champions,Key Accounts,11,24.0,3452211.0,4.0,0.125,3.0,0.0172,59454.6394,True
C00355,Duka,Coast,Champions,Core Small Outlets,9,33.0,476643.0,1.1111,0.1818,2.0,0.1247,59446.5812,True
C03526,HoReCa,Rift Valley,Champions,Core Small Outlets,8,53.0,2130324.0,0.7174,0.1698,2.0,0.0279,59397.3044,True
C03112,Supermarket,Nairobi,Champions,Key Accounts,8,53.0,3447548.0,0.8864,0.2453,3.0,0.0172,59270.0492,True
C01413,Duka,Nairobi,Loyal,Core Small Outlets,14,69.0,1491129.0,0.4219,0.1594,2.0,0.0396,59120.1136,True
C00532,HoReCa,Nairobi,Loyal,Core Small Outlets,25,22.0,424898.0,0.7143,0.2273,0.0,0.1391,59115.9778,True
C02533,Wholesaler,Nairobi,Champions,Key Accounts,3,45.0,7798698.0,1.3235,0.1778,1.0,0.0076,59027.5719,True
C00721,HoReCa,Rift Valley,Needs Attention,Core Small Outlets,26,12.0,299856.0,2.3333,0.25,2.0,0.1962,58836.609,True
C03861,HoReCa,Nairobi,Loyal,Core Small Outlets,15,47.0,1526047.0,0.825,0.1064,1.0,0.0385,58696.8092,True
C02374,HoReCa,Nairobi,Needs Attention,Core Small Outlets,27,18.0,400075.0,1.4,0.2222,1.0,0.1467,58695.7391,True
C01047,Supermarket,Nairobi,Champions,Key Accounts,10,49.0,3459523.0,0.975,0.1224,2.0,0.017,58646.629,True
C01178,Supermarket,Rift Valley,Champions,Key Accounts,5,60.0,5591062.0,1.4651,0.0833,2.0,0.0105,58505.3749,True
C01754,Petrol Station,Nairobi,Promising / New,Core Small Outlets,4,19.0,241462.0,0.6316,0.1053,0.0,0.2416,58329.2985,True
C02574,Duka,Coast,Hibernating / Lost,Lapsed Small Outlets,72,14.0,80167.0,0.375,0.1429,1.0,0.7258,58187.2675,True
C02843,Supermarket,Nyanza,Champions,Key Accounts,8,40.0,2358919.0,0.8824,0.175,3.0,0.0247,58171.9885,True
C01425,Supermarket,Western,Champions,Key Accounts,6,58.0,4080098.0,1.2273,0.1552,1.0,0.0142,58032.2785,True
C03826,Supermarket,Central,Loyal,Key Accounts,12,49.0,3249611.0,1.1842,0.1224,3.0,0.0178,57930.8022,True
C02451,HoReCa,Central,Needs Attention,Core Small Outlets,28,13.0,230421.0,0.9231,0.3846,0.0,0.2514,57925.3593,True
C00750,HoReCa,Nyanza,Champions,Core Small Outlets,8,49.0,1774070.0,1.1842,0.3265,3.0,0.0326,57896.9483,True
C01048,Duka,Rift Valley,Hibernating / Lost,Lapsed Small Outlets,90,7.0,58910.0,0.3,0.1429,0.0,0.9824,57873.1345,True
C00418,Supermarket,Nairobi,Champions,Key Accounts,5,74.0,7447846.0,0.9,0.1081,2.0,0.0077,57702.0072,True
C03843,HoReCa,Western,Hibernating / Lost,Lapsed Small Outlets,64,4.0,78874.0,1.8,0.25,0.0,0.7309,57645.9825,True
C02285,Wholesaler,Nairobi,Champions,Key Accounts,3,31.0,3561626.0,1.375,0.1935,3.0,0.0162,57637.5677,True
C03620,Duka,Nairobi,Champions,Core Small Outlets,10,48.0,800958.0,0.5455,0.1458,0.0,0.072,57637.2472,True
C03068,Duka,Rift Valley,Hibernating / Lost,Core Small Outlets,35,29.0,211503.0,0.4138,0.069,1.0,0.272,57531.899,True
C02201,Duka,Nairobi,At Risk,Core Small Outlets,69,32.0,228469.0,0.4839,0.0938,0.0,0.2516,57482.1297,True
C02033,Supermarket,Nairobi,Champions,Key Accounts,3,115.0,15920347.0,0.9231,0.1217,2.0,0.0036,57441.041,True
C00807,HoReCa,Rift Valley,Champions,Core Small Outlets,3,58.0,2997186.0,1.1333,0.1379,4.0,0.019,57061.7952,True
C02595,Wholesaler,Nyanza,Champions,Key Accounts,7,80.0,15972419.0,1.0645,0.1125,0.0,0.0036,56973.677,True
C03011,Duka,Coast,Champions,Core Small Outlets,5,35.0,431409.0,0.9,0.3429,4.0,0.1317,56824.8836,True
C01525,HoReCa,Western,Loyal,Core Small Outlets,22,45.0,1571808.0,1.0833,0.1333,3.0,0.036,56606.9033,True
C03871,Supermarket,Nairobi,Champions,Key Accounts,8,71.0,5791393.0,0.75,0.1408,1.0,0.0098,56602.6572,True
C00975,Supermarket,Nyanza,Champions,Key Accounts,5,60.0,4699385.0,0.9184,0.1833,2.0,0.012,56554.0389,True
C03893,Wholesaler,Central,Champions,Key Accounts,3,23.0,2561386.0,1.7647,0.1739,4.0,0.0221,56551.4666,True
C00603,Supermarket,Nairobi,Champions,Key Accounts,4,97.0,15089808.0,0.9351,0.1134,0.0,0.0037,56551.0804,True
C02231,Supermarket,Central,Champions,Key Accounts,9,61.0,4215383.0,0.75,0.1311,3.0,0.0134,56456.7741,True
C02272,Petrol Station,Nairobi,Champions,Core Small Outlets,7,29.0,1583698.0,6.9,0.2069,5.0,0.0356,56456.7018,True
C00568,Wholesaler,Central,Loyal,Key Accounts,14,83.0,22476962.0,1.0781,0.0482,1.0,0.0025,56439.0434,True
C03530,Supermarket,Rift Valley,Champions,Key Accounts,6,123.0,20780175.0,1.1413,0.2602,12.0,0.0027,56408.4277,True
C02099,Supermarket,Nairobi,Loyal,Key Accounts,19,27.0,984344.0,0.72,0.1481,1.0,0.0573,56400.9606,True
C00008,Duka,Rift Valley,Needs Attention,Core Small Outlets,26,19.0,200412.0,0.8333,0.4737,3.0,0.2811,56331.9063,True
C03419,Supermarket,Nairobi,Champions,Key Accounts,4,44.0,2449557.0,0.8919,0.0682,4.0,0.023,56266.3929,True
C03501,Duka,Rift Valley,Hibernating / Lost,Core Small Outlets,36,9.0,97990.0,1.3333,0.3333,0.0,0.5715,56002.1145,True
C03156,Petrol Station,Central,Can't Lose Them,Core Small Outlets,36,35.0,580358.0,0.9,0.0286,1.0,0.0965,55994.0046,True
C02470,Wholesaler,Rift Valley,Champions,Key Accounts,4,26.0,3068622.0,1.2857,0.1538,1.0,0.0182,55954.8431,True
C00725,HoReCa,Central,Champions,Core Small Outlets,6,55.0,2242796.0,0.6875,0.0364,1.0,0.0249,55909.8671,True
C03657,Duka,Rift Valley,Promising / New,Core Small Outlets,8,26.0,236330.0,0.75,0.3077,2.0,0.236,55779.0125,True
C02966,Petrol Station,Western,Champions,Core Small Outlets,3,74.0,3029898.0,0.7143,0.0405,1.0,0.0184,55731.141,True
C03026,HoReCa,Nairobi,Champions,Core Small Outlets,5,33.0,1015424.0,0.8276,0.1212,1.0,0.0548,55634.5409,True
C00555,Wholesaler,Nyanza,Champions,Key Accounts,7,63.0,13894544.0,1.102,0.0794,2.0,0.004,55515.2838,True
C02807,Supermarket,Nairobi,Champions,Key Accounts,5,49.0,3388565.0,0.975,0.1429,2.0,0.0163,55372.1662,True
C00925,Supermarket,Central,Champions,Key Accounts,7,54.0,4405999.0,1.1429,0.1481,7.0,0.0126,55302.1499,True
C02137,Supermarket,Western,Champions,Key Accounts,4,91.0,8498524.0,0.9583,0.2857,9.0,0.0065,55222.9851,True
C03041,HoReCa,Nairobi,Needs Attention,Core Small Outlets,20,17.0,262156.0,0.5,0.1765,0.0,0.2104,55164.5399,True
C03296,Supermarket,Western,Champions,Key Accounts,7,56.0,2909785.0,0.5294,0.0893,0.0,0.0189,54995.1318,True
C00493,HoReCa,Central,Champions,Core Small Outlets,11,43.0,1479645.0,1.0286,0.1628,4.0,0.0371,54948.2919,True
C00699,HoReCa,Nairobi,Loyal,Core Small Outlets,20,20.0,375156.0,0.7895,0.2,2.0,0.1464,54917.8609,True
C01483,HoReCa,Nairobi,Champions,Core Small Outlets,10,60.0,3169819.0,0.9184,0.1833,5.0,0.0173,54705.2063,True
C01001,HoReCa,Nyanza,Champions,Core Small Outlets,5,38.0,1252031.0,0.6,0.2368,2.0,0.0436,54623.3154,True
C03289,HoReCa,Rift Valley,Loyal,Core Small Outlets,15,54.0,2372690.0,1.0465,0.1111,1.0,0.023,54510.5319,True
C03665,Supermarket,Rift Valley,Champions,Key Accounts,8,103.0,13591261.0,1.1154,0.2136,4.0,0.004,54446.9645,True
C03319,Petrol Station,Nairobi,Champions,Core Small Outlets,4,42.0,730911.0,0.5385,0.0952,0.0,0.0745,54417.9143,True
C03348,Supermarket,Nairobi,Loyal,Key Accounts,11,59.0,5749856.0,1.0213,0.0508,3.0,0.0094,54248.8911,True
C01278,Duka,Central,Hibernating / Lost,Core Small Outlets,67,6.0,65860.0,1.2857,0.5,0.0,0.8232,54213.768,True
C03845,Supermarket,Coast,Loyal,Key Accounts,13,60.0,4601623.0,1.2667,0.1167,2.0,0.0118,54124.3724,True
C03163,Supermarket,Nairobi,Champions,Key Accounts,3,67.0,7430607.0,2.325,0.1642,5.0,0.0073,54076.2924,True
C00719,HoReCa,Nyanza,Loyal,Core Small Outlets,24,29.0,560844.0,0.5357,0.0,0.0,0.0963,53998.3125,True
C00393,Supermarket,Central,Champions,Key Accounts,3,63.0,5240895.0,1.02,0.1746,5.0,0.0103,53947.0039,True
C00451,Petrol Station,Central,Loyal,Core Small Outlets,3,21.0,450016.0,1.6875,0.2857,2.0,0.1196,53828.1148,True
C02580,Wholesaler,Central,Champions,Key Accounts,4,94.0,27004358.0,0.8684,0.0745,2.0,0.002,53799.4057,True
C03407,Wholesaler,Central,Champions,Key Accounts,4,30.0,3841586.0,1.6364,0.1,3.0,0.014,53785.124,True
C01137,Supermarket,Nairobi,Champions,Key Accounts,3,65.0,5381927.0,0.9057,0.1077,2.0,0.01,53697.8082,True
C03595,Duka,Coast,Champions,Core Small Outlets,9,82.0,2433372.0,0.7941,0.1585,4.0,0.0219,53378.9654,True
C02401,Supermarket,Nairobi,Champions,Key Accounts,10,24.0,717476.0,0.6522,0.0833,1.0,0.0743,53310.5811,True
C01289,HoReCa,Rift Valley,Champions,Core Small Outlets,4,57.0,2652336.0,0.8125,0.0526,1.0,0.0201,53304.7651,True
C00873,Wholesaler,Nyanza,Champions,Key Accounts,7,55.0,9414391.0,1.1163,0.1273,5.0,0.0057,53206.6334,True
C01168,Petrol Station,Rift Valley,Hibernating / Lost,Core Small Outlets,39,15.0,164177.0,0.8,0.2,0.0,0.3223,52909.8968,True
C00046,Supermarket,Central,Champions,Key Accounts,5,44.0,3078999.0,1.3636,0.25,2.0,0.0172,52822.9466,True
C03422,Petrol Station,Central,Hibernating / Lost,Lapsed Small Outlets,78,11.0,71813.0,0.4615,0.2727,2.0,0.734,52710.6126,True
C01593,Duka,Nyanza,Champions,Core Small Outlets,6,33.0,466699.0,0.4688,0.1818,2.0,0.1125,52511.478,True
C01566,Wholesaler,Nyanza,Loyal,Key Accounts,24,13.0,919449.0,0.9231,0.1538,2.0,0.0571,52495.6002,True
C02654,Supermarket,Coast,Loyal,Key Accounts,19,52.0,3503666.0,0.907,0.0769,1.0,0.015,52467.3973,True
C01104,HoReCa,Nairobi,Champions,Core Small Outlets,4,45.0,1622544.0,1.0833,0.2222,5.0,0.0322,52293.3921,True
C03372,Duka,Western,Needs Attention,Core Small Outlets,20,13.0,225739.0,2.6667,0.3077,3.0,0.2316,52290.5372,True
C00723,Petrol Station,Rift Valley,Loyal,Core Small Outlets,4,27.0,370087.0,0.72,0.2593,1.0,0.141,52192.6769,True
C02665,Wholesaler,Nairobi,Loyal,Key Accounts,13,27.0,2856292.0,1.65,0.1111,0.0,0.0182,52025.8837,True
C02345,Petrol Station,Nairobi,Hibernating / Lost,Lapsed Small Outlets,68,13.0,101369.0,0.4,0.1538,0.0,0.5124,51943.6084,True
C02763,Wholesaler,Rift Valley,At Risk,Key Accounts,51,16.0,1027013.0,1.6154,0.125,1.0,0.0505,51824.0826,True
C01666,Wholesaler,Coast,Champions,Key Accounts,5,32.0,3457203.0,1.1538,0.0938,1.0,0.015,51816.3934,True
C03364,HoReCa,Coast,Loyal,Core Small Outlets,13,34.0,953334.0,0.931,0.0882,1.0,0.054,51488.2238,True
C03808,Duka,Rift Valley,Needs Attention,Core Small Outlets,14,23.0,192135.0,0.5217,0.3478,4.0,0.2672,51337.3511,True
C03762,HoReCa,Coast,Champions,Core Small Outlets,9,46.0,1831097.0,0.8462,0.1739,3.0,0.0279,51109.6676,True
C01442,Duka,Nyanza,Loyal,Core Small Outlets,12,36.0,558125.0,0.6364,0.0833,1.0,0.0915,51081.6991,True
C00363,HoReCa,Western,Champions,Core Small Outlets,7,34.0,1012813.0,0.8,0.1765,5.0,0.0504,51000.7746,True
C00896,HoReCa,Nairobi,Champions,Core Small Outlets,7,40.0,1249171.0,0.6667,0.175,1.0,0.0407,50903.0386,True
C01613,Duka,Rift Valley,Hibernating / Lost,Core Small Outlets,54,19.0,183928.0,0.6316,0.1053,1.0,0.2767,50892.6008,True
C01878,Petrol Station,Nairobi,Hibernating / Lost,Lapsed Small Outlets,53,12.0,96407.0,0.4286,0.0833,1.0,0.5267,50779.797,True
C00783,HoReCa,Nairobi,Loyal,Core Small Outlets,13,47.0,1871121.0,0.825,0.1915,1.0,0.027,50581.1758,True
C01240,Supermarket,Western,Champions,Key Accounts,6,96.0,11208754.0,1.0,0.1458,6.0,0.0045,50523.0823,True
C03773,HoReCa,Central,Champions,Core Small Outlets,4,62.0,3058571.0,0.8824,0.0968,1.0,0.0165,50479.7687,True
C02408,HoReCa,Nairobi,Loyal,Core Small Outlets,11,43.0,1964442.0,0.7105,0.0465,1.0,0.0256,50346.4696,True
C01927,Wholesaler,Nairobi,Loyal,Key Accounts,12,58.0,8458581.0,1.1333,0.0862,0.0,0.006,50329.1061,True
C03019,HoReCa,Coast,Promising / New,Core Small Outlets,9,18.0,394395.0,0.6667,0.3333,0.0,0.1269,50062.6077,True
C02448,Duka,Nairobi,Loyal,Core Small Outlets,18,35.0,472207.0,0.4412,0.0,0.0,0.106,50042.6552,True
C00657,Petrol Station,Nairobi,Loyal,Core Small Outlets,22,42.0,945660.0,0.5385,0.0476,0.0,0.0528,49960.0106,True
C01299,Wholesaler,Coast,Champions,Key Accounts,11,27.0,2230370.0,1.0435,0.0741,0.0,0.0223,49825.8518,True
C01448,Supermarket,Western,Champions,Key Accounts,3,24.0,1564267.0,1.9412,0.0833,2.0,0.0318,49736.2232,True
C01529,Petrol Station,Coast,Champions,Core Small Outlets,3,34.0,521665.0,0.5625,0.0882,1.0,0.0952,49645.6528,True
C02712,Duka,Coast,Hibernating / Lost,Lapsed Small Outlets,40,11.0,84770.0,0.75,0.3636,2.0,0.5838,49489.8938,True
C03115,Petrol Station,Nairobi,Champions,Core Small Outlets,5,100.0,4853903.0,1.16,0.21,9.0,0.0102,49451.1977,True
C03335,Supermarket,Rift Valley,Loyal,Key Accounts,11,41.0,2240536.0,1.6552,0.1463,4.0,0.0221,49433.9097,True
C00531,HoReCa,Western,Champions,Core Small Outlets,3,54.0,3049819.0,1.0465,0.037,0.0,0.0161,49230.2925,True
C00450,Wholesaler,Nyanza,Champions,Key Accounts,8,33.0,4226353.0,0.9643,0.1212,2.0,0.0116,49087.1052,True
C00774,Supermarket,Nairobi,Loyal,Key Accounts,12,23.0,947011.0,1.05,0.0435,0.0,0.0517,48998.9893,True
C02463,Wholesaler,Nairobi,Champions,Key Accounts,10,58.0,7406983.0,1.2273,0.1207,0.0,0.0066,48804.6547,True
C00216,Duka,Nairobi,Hibernating / Lost,Core Small Outlets,45,23.0,183789.0,0.5217,0.1739,1.0,0.2649,48694.2654,True
C00199,Duka,Western,Hibernating / Lost,Lapsed Small Outlets,68,10.0,72523.0,0.8182,0.2,0.0,0.6714,48692.2368,True
C02623,Duka,Rift Valley,Needs Attention,Core Small Outlets,26,15.0,169728.0,1.75,0.4667,2.0,0.2864,48604.3125,True
C02343,Duka,Nairobi,Hibernating / Lost,Core Small Outlets,40,16.0,203706.0,1.6154,0.125,0.0,0.2377,48419.0644,True
C00561,Petrol Station,Nairobi,Loyal,Core Small Outlets,13,30.0,458176.0,0.7778,0.1333,1.0,0.1055,48332.7573,True
C01801,HoReCa,Western,Loyal,Core Small Outlets,4,22.0,391742.0,0.7143,0.2273,1.0,0.1232,48271.0498,True
C01014,HoReCa,Nairobi,Champions,Core Small Outlets,5,40.0,1068317.0,0.6667,0.05,2.0,0.0451,48173.9648,True
C00007,Petrol Station,Central,Loyal,Core Small Outlets,17,22.0,276674.0,0.5455,0.0909,0.0,0.1737,48045.307,True
C00503,Petrol Station,Nairobi,Champions,Core Small Outlets,6,62.0,2110307.0,0.96,0.0806,2.0,0.0227,48007.9545,True
C01882,Duka,Nyanza,Hibernating / Lost,Core Small Outlets,51,21.0,168142.0,0.5714,0.1429,0.0,0.2853,47976.4148,True
C02102,Supermarket,Rift Valley,Loyal,Key Accounts,18,44.0,1965201.0,1.2353,0.2273,2.0,0.0244,47964.4892,True
C03332,Duka,Rift Valley,Champions,Core Small Outlets,6,53.0,884843.0,0.4898,0.1887,2.0,0.0541,47889.4267,True
C03545,Petrol Station,Nairobi,Champions,Core Small Outlets,8,114.0,7311830.0,0.9775,0.1053,3.0,0.0065,47828.7382,True
C01693,Duka,Western,Loyal,Core Small Outlets,23,26.0,265855.0,1.0909,0.0385,2.0,0.1792,47644.4554,True
C03277,Wholesaler,Nairobi,Champions,Key Accounts,4,95.0,31450154.0,1.0685,0.0421,0.0,0.0015,47572.114,True
C03093,Duka,Nyanza,At Risk,Core Small Outlets,44,23.0,251924.0,0.8571,0.1304,0.0,0.1887,47549.4173,True
C03899,Supermarket,Central,Loyal,Key Accounts,18,81.0,7405925.0,0.75,0.0247,3.0,0.0064,47465.4386,True
C02115,HoReCa,Nairobi,Loyal,Core Small Outlets,12,52.0,2160862.0,0.7333,0.0962,0.0,0.022,47464.2814,True
C01896,HoReCa,Rift Valley,Champions,Core Small Outlets,6,57.0,2360536.0,0.8125,0.1053,3.0,0.02,47249.6205,True
C03701,Supermarket,Western,Champions,Key Accounts,3,88.0,11889431.0,1.1194,0.0682,1.0,0.004,47116.8486,True
C01247,Supermarket,Central,Champions,Key Accounts,3,51.0,2905496.0,0.8372,0.1373,3.0,0.0162,47094.5107,True
C02387,Duka,Western,Loyal,Core Small Outlets,24,46.0,705577.0,0.9474,0.1087,2.0,0.0665,46932.4801,True
C02358,HoReCa,Western,Champions,Core Small Outlets,4,32.0,2628662.0,6.0,0.1875,4.0,0.0178,46857.7311,True
C01514,Duka,Rift Valley,Promising / New,Core Small Outlets,10,17.0,230156.0,1.2,0.2941,0.0,0.2029,46688.2815,True
C00730,Supermarket,Central,Loyal,Key Accounts,14,57.0,4427055.0,0.8936,0.0702,0.0,0.0105,46585.6276,True
C00478,Petrol Station,Nyanza,Champions,Core Small Outlets,6,45.0,1130820.0,0.8684,0.1778,2.0,0.0412,46568.4676,True
C02328,Petrol Station,Rift Valley,Champions,Core Small Outlets,3,61.0,2271510.0,0.6792,0.1311,1.0,0.0205,46495.4714,True
C00369,Petrol Station,Western,Loyal,Core Small Outlets,28,25.0,412876.0,1.5789,0.24,1.0,0.1124,46386.8274,True
C03783,Supermarket,Central,Champions,Key Accounts,3,77.0,8364394.0,0.7385,0.1169,1.0,0.0055,46381.9032,True
C01544,HoReCa,Nairobi,Champions,Core Small Outlets,10,45.0,1525168.0,0.973,0.0667,1.0,0.0303,46241.9104,True
C00792,Supermarket,Nairobi,Loyal,Key Accounts,17,63.0,5031622.0,1.5682,0.1429,3.0,0.0092,46226.0395,True
C02428,HoReCa,Nairobi,Champions,Core Small Outlets,7,39.0,1253264.0,1.3,0.1026,0.0,0.0368,46096.9948,True
C00079,Duka,Central,Loyal,Core Small Outlets,16,35.0,413456.0,0.5455,0.1429,0.0,0.1114,46076.7536,True
C01640,HoReCa,Nairobi,Champions,Core Small Outlets,3,53.0,1893402.0,0.5625,0.0566,0.0,0.0243,45977.75,True
C00086,Wholesaler,Rift Valley,Loyal,Key Accounts,13,35.0,3933556.0,1.68,0.2571,2.0,0.0117,45962.9573,True
C01855,Duka,Nairobi,At Risk,Core Small Outlets,35,28.0,257431.0,0.6923,0.1429,1.0,0.1784,45924.6689,True
C02999,Supermarket,Central,Champions,Key Accounts,5,55.0,8687693.0,3.8077,0.0909,2.0,0.0053,45914.261,True
C03554,Duka,Coast,Champions,Core Small Outlets,10,44.0,677573.0,0.8919,0.1136,0.0,0.0675,45763.6394,True
C03533,Wholesaler,Coast,Champions,Key Accounts,4,28.0,4849287.0,3.8571,0.0714,2.0,0.0094,45671.6579,True
C00684,Supermarket,Nyanza,Champions,Key Accounts,5,26.0,1707208.0,1.5,0.1538,2.0,0.0267,45666.5389,True
C01530,Petrol Station,Central,Loyal,Core Small Outlets,20,29.0,401228.0,0.96,0.1379,0.0,0.1137,45606.454,True
C00492,Supermarket,Western,Champions,Key Accounts,5,75.0,7664572.0,0.8852,0.08,3.0,0.0059,45464.9316,True
C02907,Duka,Nairobi,Hibernating / Lost,Lapsed Small Outlets,83,10.0,77117.0,0.8182,0.1,0.0,0.5886,45392.8654,True
C01127,Supermarket,Nyanza,Loyal,Key Accounts,20,38.0,1513261.0,0.8182,0.0263,0.0,0.03,45350.1973,True
C00634,Wholesaler,Nairobi,Champions,Key Accounts,6,43.0,5566018.0,1.1471,0.0698,0.0,0.0081,45287.8218,True
C03602,Duka,Nairobi,Loyal,Core Small Outlets,16,28.0,305449.0,0.6923,0.1786,3.0,0.1476,45088.3966,True
C02527,HoReCa,Coast,Loyal,Core Small Outlets,17,34.0,937759.0,1.3846,0.2647,2.0,0.048,45041.3955,True
C02006,Petrol Station,Western,Champions,Core Small Outlets,3,42.0,1089058.0,1.9286,0.119,3.0,0.0411,44803.9618,True
C00704,Duka,Western,Hibernating / Lost,Lapsed Small Outlets,43,14.0,101844.0,0.375,0.2857,0.0,0.439,44705.3821,True
C02380,HoReCa,Nairobi,Champions,Core Small Outlets,8,40.0,1364393.0,1.2581,0.2,0.0,0.0328,44702.6696,True
C02656,Wholesaler,Rift Valley,Champions,Key Accounts,5,35.0,3954183.0,1.3333,0.1143,0.0,0.0113,44638.9355,True
C03386,Petrol Station,Nairobi,Loyal,Core Small Outlets,12,49.0,1133566.0,0.878,0.1429,1.0,0.0394,44630.3439,True
C02498,Petrol Station,Central,Loyal,Core Small Outlets,13,25.0,377298.0,0.7826,0.12,0.0,0.1177,44421.602,True
C03494,Duka,Western,Champions,Core Small Outlets,3,102.0,3782596.0,0.6552,0.2353,9.0,0.0117,44398.9314,True
C00041,Wholesaler,Rift Valley,Champions,Key Accounts,5,26.0,2664063.0,1.0909,0.0769,0.0,0.0166,44293.3001,True
C00314,Petrol Station,Rift Valley,Hibernating / Lost,Core Small Outlets,37,19.0,226620.0,0.6316,0.1053,0.0,0.1954,44287.6058,True
C01914,Petrol Station,Nairobi,Champions,Core Small Outlets,3,73.0,2766065.0,0.85,0.0685,0.0,0.016,44235.9643,True
C01713,Supermarket,Nairobi,Champions,Key Accounts,6,52.0,3660413.0,0.907,0.0577,2.0,0.0121,44231.6168,True
C01440,Duka,Central,Needs Attention,Core Small Outlets,23,22.0,129685.0,0.3913,0.1818,0.0,0.3407,44181.5651,True
C01902,Wholesaler,Nyanza,Champions,Key Accounts,9,32.0,5190460.0,1.32,0.125,0.0,0.0085,44179.9935,True
C01120,Wholesaler,Nairobi,Loyal,Key Accounts,20,22.0,1381231.0,0.7143,0.0455,0.0,0.032,44142.1814,True
C00111,Wholesaler,Central,Champions,Key Accounts,6,72.0,18227445.0,1.3846,0.0417,2.0,0.0024,43929.645,True
C03713,Wholesaler,Coast,Champions,Key Accounts,10,106.0,31453195.0,0.9759,0.1226,2.0,0.0014,43885.0848,True
C00349,Duka,Rift Valley,Loyal,Core Small Outlets,23,49.0,710103.0,0.6136,0.0612,0.0,0.0618,43866.2244,True
C02404,HoReCa,Rift Valley,Champions,Core Small Outlets,6,44.0,1376325.0,0.8919,0.1136,1.0,0.0318,43801.5194,True
C03085,Supermarket,Nairobi,Champions,Key Accounts,7,96.0,10179170.0,0.75,0.125,2.0,0.0043,43731.2206,True
C03604,Supermarket,Central,Loyal,Key Accounts,27,27.0,1043117.0,0.875,0.1481,0.0,0.0418,43650.2613,True
C03439,HoReCa,Nairobi,Champions,Core Small Outlets,8,30.0,852796.0,0.9231,0.1,3.0,0.0512,43633.0327,True
C03967,Petrol Station,Nairobi,Champions,Core Small Outlets,9,74.0,2233817.0,0.8361,0.1081,2.0,0.0195,43601.8135,True
C03250,Wholesaler,Nyanza,Loyal,Key Accounts,26,20.0,2856903.0,2.5385,0.0,0.0,0.0153,43568.2455,True
C00599,Petrol Station,Coast,Champions,Core Small Outlets,10,50.0,1534360.0,1.05,0.12,6.0,0.0283,43432.4727,True
C00828,Wholesaler,Nairobi,Loyal,Key Accounts,13,39.0,4357769.0,1.6071,0.1026,2.0,0.01,43371.1721,True
C02213,Supermarket,Central,Loyal,Key Accounts,11,42.0,2503468.0,1.0588,0.119,1.0,0.0173,43311.3393,True
C03328,Duka,Nairobi,Loyal,Core Small Outlets,16,30.0,234678.0,1.08,0.3333,5.0,0.1842,43229.8699,True
C02436,Wholesaler,Nairobi,Champions,Key Accounts,3,23.0,2723498.0,1.05,0.0,0.0,0.0159,43199.9987,True
C01562,Wholesaler,Western,Champions,Key Accounts,3,22.0,2535390.0,2.5714,0.0909,0.0,0.017,42988.9937,True
C02164,Duka,Western,Hibernating / Lost,Core Small Outlets,48,20.0,120547.0,0.6,0.2,0.0,0.3544,42721.5794,True
C00120,Supermarket,Nairobi,Champions,Key Accounts,5,42.0,2290166.0,0.9429,0.1667,3.0,0.0187,42711.6794,True
C02086,Supermarket,Nairobi,Champions,Key Accounts,6,92.0,10333128.0,0.8919,0.087,4.0,0.0041,42693.664,True
C00289,Supermarket,Rift Valley,Champions,Key Accounts,5,30.0,1249778.0,1.25,0.0667,0.0,0.0341,42656.841,True
C01112,HoReCa,Nairobi,Loyal,Core Small Outlets,22,35.0,845925.0,0.5455,0.0571,0.0,0.0502,42470.6899,True
C02186,Supermarket,Nyanza,Champions,Key Accounts,3,52.0,4008858.0,1.2,0.2308,4.0,0.0106,42449.3493,True
C02628,Duka,Coast,Hibernating / Lost,Lapsed Small Outlets,59,14.0,60073.0,0.375,0.0714,1.0,0.7054,42373.2802,True
C00874,Duka,Central,Hibernating / Lost,Core Small Outlets,41,12.0,90056.0,0.6923,0.1667,1.0,0.4705,42368.0059,True
C03122,HoReCa,Central,Champions,Core Small Outlets,9,43.0,1241624.0,0.525,0.186,1.0,0.0341,42354.816,True
C01794,HoReCa,Rift Valley,Champions,Core Small Outlets,9,36.0,973490.0,0.871,0.0833,0.0,0.0434,42280.0002,True
C00593,Petrol Station,Nairobi,Champions,Core Small Outlets,6,31.0,463930.0,0.8889,0.0968,1.0,0.091,42198.5911,True
C00122,Petrol Station,Nairobi,Hibernating / Lost,Core Small Outlets,37,11.0,144701.0,1.5,0.1818,1.0,0.2903,42012.9529,True
C03396,HoReCa,Nairobi,Loyal,Core Small Outlets,14,64.0,3145940.0,1.0,0.0781,4.0,0.0134,42007.1466,True
C00443,HoReCa,Rift Valley,Champions,Core Small Outlets,9,39.0,1289099.0,0.9091,0.2308,1.0,0.0326,42000.8798,True
C02651,Wholesaler,Nairobi,Champions,Key Accounts,9,38.0,4333332.0,1.6667,0.0789,0.0,0.0097,41975.8186,True
C03355,HoReCa,Coast,Loyal,Core Small Outlets,16,20.0,376487.0,1.0,0.05,0.0,0.1114,41929.4121,True
C03318,Duka,Coast,Loyal,Core Small Outlets,28,34.0,394739.0,0.6774,0.0882,1.0,0.1061,41863.6292,True
C00204,HoReCa,Coast,Champions,Core Small Outlets,4,38.0,1026717.0,0.9375,0.1842,1.0,0.0408,41839.9532,True
C00174,Petrol Station,Coast,Loyal,Core Small Outlets,20,58.0,1680613.0,1.4286,0.0517,1.0,0.0249,41828.7352,True
C02200,Petrol Station,Nairobi,Loyal,Core Small Outlets,17,37.0,996233.0,0.8438,0.027,2.0,0.0419,41735.8826,True
C00895,HoReCa,Rift Valley,Needs Attention,Core Small Outlets,21,11.0,195011.0,0.75,0.0,0.0,0.2134,41608.0703,True
C02315,Petrol Station,Rift Valley,Hibernating / Lost,Lapsed Small Outlets,75,4.0,46780.0,1.0,0.0,0.0,0.8831,41311.8553,True
C02674,Supermarket,Nairobi,Champions,Key Accounts,8,27.0,1319788.0,1.0435,0.1111,1.0,0.0313,41304.2629,True
C01879,Supermarket,Western,Champions,Key Accounts,4,119.0,19856145.0,1.0109,0.1176,3.0,0.0021,41266.8369,True
C02912,HoReCa,Rift Valley,Loyal,Core Small Outlets,13,28.0,645607.0,0.84,0.1786,1.0,0.0638,41171.3146,True
C02042,Duka,Coast,Champions,Core Small Outlets,9,35.0,415467.0,1.0345,0.0857,2.0,0.0991,41153.9721,True
C03095,Supermarket,Western,Champions,Key Accounts,4,94.0,10810554.0,0.92,0.117,1.0,0.0038,41093.1563,True
C01571,HoReCa,Central,Hibernating / Lost,Lapsed Small Outlets,37,11.0,130408.0,0.4615,0.0909,1.0,0.3148,41051.4744,True
C00400,Wholesaler,Coast,Champions,Key Accounts,4,97.0,23908486.0,0.9351,0.0412,0.0,0.0017,40998.6833,True
C03511,Supermarket,Rift Valley,Champions,Key Accounts,4,69.0,6560297.0,0.9107,0.0145,0.0,0.0062,40939.1823,True
C00749,Supermarket,Rift Valley,Champions,Key Accounts,4,91.0,14922579.0,2.2778,0.1099,4.0,0.0027,40928.2852,True
C01929,Supermarket,Nairobi,Champions,Key Accounts,3,77.0,8860961.0,1.1897,0.1558,4.0,0.0046,40804.3867,True
C00318,Supermarket,Nairobi,Promising / New,Core Small Outlets,5,19.0,536792.0,0.8333,0.0526,1.0,0.076,40794.3113,True
C03907,Duka,Rift Valley,Loyal,Core Small Outlets,18,38.0,574471.0,0.5,0.0526,1.0,0.0706,40560.9426,True
C01390,Wholesaler,Nairobi,Champions,Key Accounts,5,138.0,62503311.0,0.9813,0.1159,4.0,0.0006,40489.3362,True
C00776,Supermarket,Nairobi,Loyal,Key Accounts,13,32.0,1706073.0,1.32,0.125,2.0,0.0237,40366.1094,True
C01997,Wholesaler,Nairobi,Champions,Key Accounts,3,42.0,5035535.0,1.6,0.0952,2.0,0.008,40248.9755,True
C02660,Supermarket,Coast,Champions,Key Accounts,7,96.0,9817795.0,1.0,0.125,2.0,0.0041,40200.4775,True
C01657,Duka,Rift Valley,Loyal,Core Small Outlets,11,20.0,319440.0,1.2353,0.05,0.0,0.1258,40190.3117,True
C01091,Petrol Station,Nyanza,Champions,Core Small Outlets,9,35.0,839634.0,0.7742,0.0286,0.0,0.0478,40170.5843,True
C03586,Supermarket,Nyanza,Champions,Key Accounts,5,56.0,4050563.0,0.913,0.1607,0.0,0.0099,40064.2511,True
C03248,Wholesaler,Nyanza,Loyal,Key Accounts,22,50.0,6373626.0,1.3784,0.1,1.0,0.0063,39959.9929,True
C03791,Supermarket,Coast,Champions,Key Accounts,3,68.0,5629567.0,1.4082,0.1176,2.0,0.0071,39769.3698,True
C03835,Wholesaler,Rift Valley,Champions,Key Accounts,4,45.0,5469833.0,0.973,0.0222,1.0,0.0073,39690.0082,True
C01364,HoReCa,Central,Champions,Core Small Outlets,8,44.0,1360830.0,0.8919,0.1591,0.0,0.0291,39610.7828,True
C03529,Petrol Station,Central,Champions,Core Small Outlets,3,56.0,1593984.0,0.75,0.125,4.0,0.0248,39578.9016,True
C01042,Supermarket,Coast,Loyal,Key Accounts,19,30.0,1251552.0,1.08,0.0333,0.0,0.0315,39386.6544,True
C01641,Duka,Nairobi,Champions,Core Small Outlets,9,93.0,2796971.0,1.0417,0.1828,7.0,0.014,39268.3045,True
C02564,Supermarket,Nairobi,Champions,Key Accounts,5,88.0,9541108.0,1.0,0.0795,1.0,0.0041,39221.4674,True
C02457,Duka,Central,Hibernating / Lost,Lapsed Small Outlets,70,9.0,56043.0,0.5455,0.4444,2.0,0.6986,39151.5008,True
C01170,Wholesaler,Central,Champions,Key Accounts,6,45.0,6382245.0,1.2,0.1111,0.0,0.0061,39129.0296,True
C00518,Supermarket,Nyanza,Champions,Key Accounts,7,65.0,5612381.0,1.0588,0.0923,2.0,0.007,39081.1093,True
C03096,Supermarket,Central,Champions,Key Accounts,5,74.0,5814068.0,0.6,0.0946,0.0,0.0067,39068.6626,True
C03866,Duka,Central,Loyal,Core Small Outlets,16,51.0,1015529.0,0.75,0.1765,2.0,0.0384,39012.8986,True
C02570,Petrol Station,Nairobi,Hibernating / Lost,Lapsed Small Outlets,65,3.0,46338.0,1.2,0.0,0.0,0.8409,38967.7255,True
C02148,Petrol Station,Coast,Promising / New,Core Small Outlets,3,17.0,178299.0,0.3158,0.1765,0.0,0.2184,38939.4736,True
C02752,Petrol Station,Nyanza,Loyal,Core Small Outlets,22,26.0,406955.0,0.75,0.0769,0.0,0.0955,38848.6823,True
C03347,Supermarket,Central,Champions,Key Accounts,3,44.0,2348867.0,0.7895,0.1136,2.0,0.0165,38846.8082,True
C00132,Wholesaler,Central,Champions,Key Accounts,3,33.0,4638288.0,1.2692,0.1515,1.0,0.0084,38828.318,True
C02085,Supermarket,Nairobi,Champions,Key Accounts,5,78.0,7374787.0,1.0328,0.1538,2.0,0.0053,38780.8951,True
C02133,Wholesaler,Central,Loyal,Key Accounts,14,17.0,1304021.0,1.8462,0.1176,0.0,0.0297,38778.8441,True
C03951,Duka,Nairobi,Champions,Core Small Outlets,8,66.0,1535708.0,1.0385,0.1364,3.0,0.0251,38538.3035,True
C03502,Petrol Station,Rift Valley,Loyal,Core Small Outlets,4,29.0,606698.0,0.8077,0.0,1.0,0.0634,38476.6641,True
C01130,Supermarket,Coast,Champions,Key Accounts,3,89.0,10319095.0,1.2273,0.1573,4.0,0.0037,38392.5383,True
C01102,HoReCa,Western,Loyal,Core Small Outlets,17,54.0,2044468.0,1.0465,0.037,0.0,0.0188,38358.4326,True
C02376,Duka,Nairobi,Loyal,Core Small Outlets,26,27.0,281814.0,1.0435,0.037,0.0,0.1361,38355.5542,True
C01084,Duka,Western,Champions,Core Small Outlets,3,31.0,323746.0,0.8889,0.3226,3.0,0.1183,38286.9347,True
C03872,Supermarket,Western,Champions,Key Accounts,6,87.0,10773202.0,1.1364,0.1379,3.0,0.0036,38264.2561,True
C03043,Petrol Station,Nairobi,Loyal,Core Small Outlets,15,57.0,1344916.0,1.1591,0.1404,4.0,0.0284,38225.2403,True
C00970,Duka,Nairobi,Loyal,Core Small Outlets,12,47.0,828355.0,0.4773,0.1277,0.0,0.046,38136.4382,True
C02273,Duka,Nairobi,Hibernating / Lost,Core Small Outlets,42,10.0,82809.0,1.2,0.2,0.0,0.4604,38124.3103,True
C00812,HoReCa,Western,Champions,Core Small Outlets,4,46.0,1742345.0,1.0541,0.087,3.0,0.0219,38097.6368,True
C02241,Petrol Station,Rift Valley,Loyal,Core Small Outlets,9,24.0,383573.0,0.8182,0.0833,2.0,0.0988,37878.541,True
C00335,HoReCa,Western,Hibernating / Lost,Lapsed Small Outlets,80,3.0,45254.0,1.2,0.0,1.0,0.8367,37865.5654,True
C01839,Supermarket,Coast,Champions,Key Accounts,3,122.0,22613527.0,0.8969,0.1148,4.0,0.0017,37852.8461,True
C01162,Duka,Nairobi,Hibernating / Lost,Core Small Outlets,45,23.0,146567.0,0.6818,0.2174,0.0,0.2575,37737.3882,True
C03092,Supermarket,Central,Champions,Key Accounts,3,57.0,3800702.0,1.1591,0.2456,3.0,0.0099,37703.8255,True
C00961,HoReCa,Rift Valley,Champions,Core Small Outlets,8,61.0,3571388.0,0.8235,0.0656,2.0,0.0105,37677.681,True
C03119,HoReCa,Nairobi,Loyal,Core Small Outlets,4,24.0,514865.0,0.6522,0.0833,2.0,0.0731,37646.045,True
C00030,Duka,Nairobi,Hibernating / Lost,Lapsed Small Outlets,70,14.0,89205.0,0.6,0.2143,0.0,0.4213,37582.6512,True
C00212,Supermarket,Nairobi,Champions,Key Accounts,4,59.0,4177984.0,1.2,0.2203,5.0,0.0089,37367.431,True
C03614,Petrol Station,Western,Champions,Core Small Outlets,5,44.0,1153925.0,1.1143,0.1136,2.0,0.0324,37345.9593,True
C00773,Wholesaler,Coast,Loyal,Key Accounts,12,16.0,2395734.0,3.0,0.0,1.0,0.0156,37268.194,True
C02560,Supermarket,Central,Champions,Key Accounts,9,109.0,14899188.0,0.6848,0.0826,2.0,0.0025,37189.692,True
C00191,Duka,Rift Valley,Hibernating / Lost,Core Small Outlets,34,23.0,240525.0,0.5217,0.087,0.0,0.1546,37183.4573,True
C01473,Duka,Central,Loyal,Core Small Outlets,5,26.0,446556.0,1.7368,0.2692,4.0,0.0829,37011.568,True
C00065,Petrol Station,Western,Promising / New,Core Small Outlets,11,12.0,209919.0,1.3636,0.1667,0.0,0.1762,36987.9669,True
C01738,Duka,Nyanza,Hibernating / Lost,Core Small Outlets,40,25.0,144517.0,0.48,0.08,0.0,0.2558,36964.6096,True
C01457,Duka,Western,Hibernating / Lost,Core Small Outlets,38,6.0,71423.0,2.0,0.1667,1.0,0.5155,36821.5753,True
C00897,Petrol Station,Nyanza,Loyal,Core Small Outlets,14,28.0,564506.0,1.0,0.1786,0.0,0.0651,36770.7632,True
C03787,Duka,Nairobi,Loyal,Core Small Outlets,18,27.0,297678.0,0.4444,0.1852,1.0,0.1234,36729.5985,True
C01836,Supermarket,Central,Loyal,Key Accounts,20,33.0,1578195.0,1.1111,0.1212,1.0,0.0232,36673.6566,True
C01193,HoReCa,Coast,Champions,Core Small Outlets,8,31.0,628037.0,0.6207,0.0323,0.0,0.058,36452.2287,True
C00800,Duka,Western,Hibernating / Lost,Core Small Outlets,53,12.0,110901.0,2.3333,0.25,2.0,0.3276,36332.179,True
C01954,Supermarket,Rift Valley,Champions,Key Accounts,11,108.0,13401354.0,0.9529,0.1574,4.0,0.0027,36281.963,True
C02863,Supermarket,Central,Champions,Key Accounts,9,70.0,5421050.0,0.8947,0.1714,2.0,0.0067,36221.2291,True
C01885,Duka,Rift Valley,Loyal,Core Small Outlets,12,72.0,2242703.0,1.0714,0.1528,3.0,0.0161,36195.0576,True
C02809,Petrol Station,Central,Champions,Core Small Outlets,4,69.0,2768419.0,0.8421,0.1159,1.0,0.013,36112.2747,True
C02002,Petrol Station,Western,Champions,Core Small Outlets,4,40.0,776021.0,0.7714,0.125,3.0,0.0465,36094.188,True
C03662,Supermarket,Coast,Loyal,Key Accounts,15,25.0,1250580.0,1.5789,0.04,0.0,0.0289,36079.8974,True
C03902,Petrol Station,Coast,Champions,Core Small Outlets,7,38.0,907639.0,1.0645,0.0789,0.0,0.0398,36079.5888,True
C03892,Duka,Nairobi,Hibernating / Lost,Core Small Outlets,43,23.0,217154.0,1.05,0.1739,3.0,0.1656,35968.7082,True
C01921,HoReCa,Coast,Champions,Core Small Outlets,3,33.0,1118550.0,1.625,0.0,0.0,0.0321,35883.7627,True
C02070,Duka,Nyanza,Hibernating / Lost,Lapsed Small Outlets,67,12.0,77986.0,0.4286,0.25,0.0,0.4601,35881.5672,True
C01500,HoReCa,Western,Champions,Core Small Outlets,4,49.0,1442533.0,0.6136,0.0204,0.0,0.0249,35859.6707,True
C03236,Petrol Station,Nairobi,Champions,Core Small Outlets,4,75.0,3214629.0,1.2321,0.16,4.0,0.0111,35666.6801,True
C00770,Supermarket,Western,Champions,Key Accounts,3,108.0,18679893.0,1.1481,0.2222,5.0,0.0019,35649.4603,True
C02732,Duka,Central,Loyal,Core Small Outlets,21,29.0,298443.0,0.8077,0.2759,2.0,0.1194,35634.3796,True
C01281,Petrol Station,Nairobi,Loyal,Core Small Outlets,24,29.0,372363.0,0.8077,0.069,1.0,0.0955,35571.3377,True
C02434,Supermarket,Central,Champions,Key Accounts,8,60.0,5237862.0,1.2667,0.1,2.0,0.0068,35569.3145,True
C01744,HoReCa,Nyanza,Champions,Core Small Outlets,7,68.0,4061960.0,0.9273,0.0441,0.0,0.0088,35559.9087,True
C00337,HoReCa,Nairobi,Loyal,Core Small Outlets,20,39.0,816693.0,1.0312,0.2051,2.0,0.0435,35546.8174,True
C00646,Supermarket,Western,Champions,Key Accounts,9,36.0,2394647.0,2.4545,0.0833,1.0,0.0148,35481.8463,True
C03512,Supermarket,Central,Champions,Key Accounts,7,29.0,1363718.0,1.3043,0.2759,3.0,0.0259,35366.8557,True
C02783,Wholesaler,Nyanza,Champions,Key Accounts,7,36.0,5416429.0,1.6154,0.1389,2.0,0.0065,35319.0732,True
C02922,Duka,Coast,Champions,Core Small Outlets,10,44.0,547049.0,0.6923,0.1364,1.0,0.0645,35297.5621,True
C01209,Duka,Coast,Hibernating / Lost,Lapsed Small Outlets,40,21.0,104502.0,0.2609,0.0476,0.0,0.3378,35295.7271,True
C03161,Duka,Rift Valley,Champions,Core Small Outlets,7,44.0,572113.0,0.3488,0.0682,0.0,0.0615,35191.8795,True
C03032,HoReCa,Rift Valley,Champions,Core Small Outlets,3,71.0,3454998.0,0.8136,0.1127,2.0,0.0102,35158.2537,True
C01740,Duka,Coast,Needs Attention,Core Small Outlets,18,20.0,143593.0,0.6,0.3,1.0,0.2446,35118.6258,True
C01251,Supermarket,Western,Champions,Key Accounts,6,76.0,7518349.0,1.898,0.2237,11.0,0.0047,35112.6102,True
C00898,Wholesaler,Central,Champions,Key Accounts,4,54.0,7951463.0,1.1429,0.0926,1.0,0.0044,35065.6422,True
C02142,Duka,Nyanza,Needs Attention,Core Small Outlets,15,18.0,136475.0,0.3,0.1111,0.0,0.2569,35063.3931,True
C03005,Supermarket,Nairobi,Champions,Key Accounts,3,72.0,7131409.0,1.3019,0.0972,3.0,0.0049,34777.0451,True
C01234,HoReCa,Nairobi,Champions,Core Small Outlets,6,57.0,2243749.0,1.2558,0.1754,2.0,0.0155,34699.2388,True
C02652,Duka,Rift Valley,Hibernating / Lost,Lapsed Small Outlets,87,12.0,44188.0,0.6923,0.0833,0.0,0.7848,34676.8123,True
C00580,HoReCa,Nairobi,Champions,Core Small Outlets,4,33.0,1084463.0,0.8276,0.1818,3.0,0.0319,34582.7762,True
C00157,HoReCa,Rift Valley,Hibernating / Lost,Core Small Outlets,52,3.0,113062.0,2.25,0.0,0.0,0.3057,34562.5683,True
C00172,Duka,Central,Needs Attention,Core Small Outlets,28,13.0,92158.0,0.9231,0.3077,1.0,0.3743,34494.9826,True
C01739,Duka,Rift Valley,Hibernating / Lost,Core Small Outlets,58,7.0,80141.0,1.7143,0.1429,0.0,0.4304,34492.3318,True
C00464,Supermarket,Central,Champions,Key Accounts,3,91.0,11379129.0,0.8514,0.0989,3.0,0.003,34470.191,True
C03090,Wholesaler,Central,Champions,Key Accounts,9,66.0,9580570.0,1.2,0.0758,1.0,0.0036,34446.5707,True
C02849,Wholesaler,Rift Valley,Champions,Key Accounts,4,57.0,10556480.0,1.3571,0.0526,1.0,0.0032,34236.4233,True
C03472,HoReCa,Nairobi,Hibernating / Lost,Lapsed Small Outlets,44,2.0,67097.0,1.5,0.0,0.0,0.5098,34207.8382,True
C03556,HoReCa,Nairobi,Loyal,Core Small Outlets,3,28.0,649642.0,0.84,0.1786,4.0,0.0526,34193.5305,True
C01815,Duka,Nairobi,Hibernating / Lost,Core Small Outlets,36,22.0,233305.0,0.5455,0.0455,1.0,0.1465,34176.823,True
C00158,Duka,Rift Valley,At Risk,Core Small Outlets,36,30.0,278453.0,0.6429,0.0333,0.0,0.1226,34137.0521,True
C03756,Duka,Central,Loyal,Core Small Outlets,17,38.0,626938.0,1.2,0.1053,0.0,0.0542,33977.8689,True
C03601,Wholesaler,Western,Champions,Key Accounts,3,119.0,47984800.0,1.3412,0.1345,5.0,0.0007,33970.6786,True
C03932,Petrol Station,Central,Loyal,Core Small Outlets,11,31.0,508205.0,1.2,0.0323,0.0,0.0668,33957.3705,True
C01726,Supermarket,Nairobi,Champions,Key Accounts,5,111.0,15715437.0,1.1071,0.1351,4.0,0.0022,33891.6444,True
C00141,Wholesaler,Central,Champions,Key Accounts,7,27.0,2468636.0,1.2273,0.1852,0.0,0.0137,33883.6673,True
C03126,Supermarket,Nairobi,Champions,Key Accounts,6,73.0,7079388.0,0.9828,0.0959,2.0,0.0048,33881.558,True
C01771,Supermarket,Nairobi,Champions,Key Accounts,8,87.0,10008823.0,1.3333,0.092,3.0,0.0034,33855.532,True
C03247,Wholesaler,Central,Champions,Key Accounts,4,19.0,2736542.0,3.2727,0.2105,1.0,0.0124,33851.8136,True
C02962,Duka,Nairobi,Hibernating / Lost,Lapsed Small Outlets,45,14.0,115065.0,0.6,0.1429,0.0,0.2941,33837.7131,True
C02209,Duka,Nairobi,Promising / New,Core Small Outlets,3,23.0,189142.0,0.6818,0.1739,1.0,0.1787,33791.5024,True
C02692,Duka,Coast,Needs Attention,Core Small Outlets,22,16.0,284812.0,3.0,0.0,0.0,0.1185,33738.3669,True
C00067,Duka,Nyanza,Loyal,Core Small Outlets,29,29.0,310894.0,1.125,0.2414,3.0,0.1084,33710.3834,True
C02679,Supermarket,Central,Champions,Key Accounts,4,52.0,3087007.0,1.0,0.1731,1.0,0.0109,33698.9635,True
C00224,Supermarket,Central,Champions,Key Accounts,3,73.0,9229925.0,1.9149,0.137,6.0,0.0036,33640.2889,True
C02961,HoReCa,Coast,Loyal,Core Small Outlets,20,34.0,907488.0,0.931,0.1471,1.0,0.0371,33628.4011,True
C00733,Wholesaler,Central,Champions,Key Accounts,3,20.0,1888957.0,2.5385,0.05,2.0,0.0177,33479.2402,True
C00879,Duka,Coast,Hibernating / Lost,Core Small Outlets,42,19.0,129834.0,0.8333,0.0526,1.0,0.2577,33461.7659,True
C00866,Duka,Rift Valley,Needs Attention,Core Small Outlets,12,19.0,175048.0,0.8333,0.2105,1.0,0.191,33434.2302,True
C00846,Petrol Station,Rift Valley,Champions,Core Small Outlets,3,36.0,869827.0,1.2857,0.1944,2.0,0.0384,33418.2681,True
C01732,Duka,Nyanza,Loyal,Core Small Outlets,28,39.0,564323.0,1.0312,0.1026,2.0,0.0592,33387.803,True
C03280,Supermarket,Nairobi,Champions,Key Accounts,4,40.0,1987006.0,1.4,0.25,6.0,0.0168,33371.3999,True
C03135,Duka,Nairobi,Hibernating / Lost,Lapsed Small Outlets,64,11.0,48578.0,0.4615,0.0909,0.0,0.6845,33251.8895,True
C03255,Duka,Rift Valley,Loyal,Core Small Outlets,17,34.0,584159.0,1.75,0.1471,4.0,0.0569,33234.5907,True
C03720,HoReCa,Nyanza,Champions,Core Small Outlets,5,72.0,5080636.0,1.75,0.1389,4.0,0.0065,33112.9755,True
C02813,Duka,Nairobi,Hibernating / Lost,Lapsed Small Outlets,49,9.0,52034.0,0.5455,0.2222,1.0,0.6362,33103.2421,True
C00250,Duka,Rift Valley,Champions,Core Small Outlets,11,43.0,688123.0,0.7105,0.0233,0.0,0.0481,33070.178,True
C02486,Duka,Western,Hibernating / Lost,Core Small Outlets,35,27.0,220731.0,0.875,0.1481,0.0,0.1496,33032.2268,True
C02031,HoReCa,Nairobi,Champions,Core Small Outlets,7,41.0,1524376.0,0.9706,0.0244,1.0,0.0216,33002.2707,True
C01041,Petrol Station,Central,Champions,Core Small Outlets,8,47.0,1248300.0,0.9231,0.1064,3.0,0.0264,32955.868,True
C02939,Duka,Coast,Champions,Core Small Outlets,8,51.0,1142587.0,0.9286,0.0588,0.0,0.0288,32948.5879,True
C03827,Supermarket,Central,Loyal,Key Accounts,11,55.0,4720427.0,2.0571,0.2,3.0,0.007,32927.0869,True
C02586,Duka,Nyanza,Hibernating / Lost,Lapsed Small Outlets,81,13.0,69155.0,0.4,0.0769,0.0,0.4742,32791.6697,True
C03148,Wholesaler,Nairobi,Champions,Key Accounts,3,45.0,5727329.0,1.2,0.0667,0.0,0.0057,32724.208,True
C02645,Supermarket,Nairobi,Champions,Key Accounts,5,119.0,17397908.0,1.0549,0.2017,11.0,0.0019,32709.9776,True
C00028,Supermarket,Coast,Champions,Key Accounts,5,87.0,9927254.0,0.9565,0.023,1.0,0.0033,32664.4537,True
C00402,Duka,Nyanza,Loyal,Core Small Outlets,21,38.0,349335.0,0.6,0.1579,2.0,0.0932,32545.1409,True
C02603,Supermarket,Nairobi,Champions,Key Accounts,6,71.0,5452765.0,1.0909,0.1831,5.0,0.0059,32416.1566,True
C03924,Wholesaler,Coast,Loyal,Key Accounts,26,13.0,917973.0,1.6364,0.0769,0.0,0.0353,32364.0806,True
C00822,HoReCa,Nairobi,Loyal,Core Small Outlets,22,33.0,691883.0,0.7,0.0606,2.0,0.0468,32358.9445,True
C01711,Duka,Coast,Loyal,Core Small Outlets,14,33.0,536217.0,0.9643,0.0606,0.0,0.0603,32333.8137,True
C00650,Duka,Western,Loyal,Core Small Outlets,21,48.0,625046.0,0.8049,0.0833,1.0,0.0517,32320.4638,True
C03685,Petrol Station,Coast,Needs Attention,Core Small Outlets,11,10.0,306463.0,3.0,0.0,0.0,0.1054,32289.6977,True
C00091,Petrol Station,Nairobi,Hibernating / Lost,Core Small Outlets,54,6.0,83815.0,2.0,0.3333,1.0,0.3845,32230.7593,True
C01925,HoReCa,Nairobi,Champions,Core Small Outlets,6,53.0,1685877.0,0.8,0.1321,1.0,0.0191,32181.153,True
C01663,Supermarket,Nyanza,Champions,Key Accounts,5,86.0,9448832.0,1.0909,0.1744,4.0,0.0034,32179.2402,True
C00869,Duka,Coast,Needs Attention,Core Small Outlets,12,12.0,109877.0,1.3636,0.25,0.0,0.2925,32135.293,True
C03999,Duka,Nairobi,Loyal,Core Small Outlets,13,30.0,444096.0,0.6429,0.2,1.0,0.0723,32119.2741,True
C00058,Duka,Rift Valley,Loyal,Core Small Outlets,4,26.0,244915.0,0.4615,0.1923,2.0,0.131,32079.8935,True
C01935,Duka,Nairobi,Hibernating / Lost,Core Small Outlets,44,29.0,197414.0,0.5357,0.2069,0.0,0.1624,32068.7897,True
C02266,Duka,Rift Valley,Champions,Core Small Outlets,5,49.0,788668.0,0.975,0.2449,7.0,0.0406,32024.3079,True
C03543,Petrol Station,Coast,Champions,Core Small Outlets,6,84.0,2907070.0,0.9403,0.1429,1.0,0.011,31852.3413,True
C00488,Supermarket,Nairobi,Loyal,Key Accounts,15,87.0,9663087.0,0.9565,0.092,1.0,0.0033,31833.2279,True
C02228,Duka,Rift Valley,Hibernating / Lost,Core Small Outlets,53,19.0,135029.0,0.6316,0.0,0.0,0.2356,31815.7541,True
C00505,Duka,Western,Hibernating / Lost,Core Small Outlets,35,20.0,186702.0,0.7895,0.2,2.0,0.1702,31776.592,True
C02584,HoReCa,Rift Valley,Hibernating / Lost,Core Small Outlets,51,10.0,123695.0,1.6667,0.1,2.0,0.2563,31697.0794,True
C01188,HoReCa,Rift Valley,Champions,Core Small Outlets,3,70.0,2992178.0,0.8276,0.1,0.0,0.0106,31657.3865,True
C02411,Duka,Nairobi,Loyal,Core Small Outlets,16,30.0,321629.0,0.5172,0.1,1.0,0.0983,31609.8159,True
C01038,Duka,Nyanza,Loyal,Core Small Outlets,17,34.0,452615.0,1.0714,0.2647,4.0,0.0696,31520.9401,True
C02367,Duka,Central,Hibernating / Lost,Core Small Outlets,59,16.0,125580.0,0.75,0.0,0.0,0.2501,31410.8505,True
C00101,HoReCa,Nairobi,Champions,Core Small Outlets,11,49.0,1984869.0,1.6765,0.1224,3.0,0.0158,31364.0406,True
C02572,Supermarket,Nyanza,Champions,Key Accounts,5,51.0,2738389.0,1.2308,0.2353,6.0,0.0114,31322.4679,True
C02573,Duka,Nairobi,Loyal,Core Small Outlets,6,28.0,383242.0,1.3636,0.2857,3.0,0.0817,31314.7088,True
C03952,Duka,Nairobi,Loyal,Core Small Outlets,11,32.0,366111.0,0.6,0.0625,2.0,0.0855,31297.8151,True
C00210,HoReCa,Coast,Champions,Core Small Outlets,6,87.0,5950937.0,0.9565,0.023,2.0,0.0053,31244.3916,True
C03548,Duka,Rift Valley,Champions,Core Small Outlets,10,49.0,781329.0,0.878,0.1633,2.0,0.0399,31175.3869,True
C02281,Duka,Central,Needs Attention,Core Small Outlets,26,27.0,222314.0,0.5769,0.037,0.0,0.1398,31084.7721,True
C02929,Duka,Rift Valley,Loyal,Core Small Outlets,16,29.0,314725.0,0.5357,0.1034,0.0,0.0986,31032.7811,True
C01249,Duka,Western,Champions,Core Small Outlets,3,97.0,3138662.0,1.04,0.2887,5.0,0.0099,30970.579,True
C03133,HoReCa,Central,Champions,Core Small Outlets,4,43.0,1209833.0,0.8108,0.093,2.0,0.0256,30940.8327,True
C03897,Petrol Station,Rift Valley,Champions,Core Small Outlets,3,70.0,2501656.0,1.0364,0.0857,0.0,0.0124,30935.8958,True
C00281,HoReCa,Nairobi,Champions,Core Small Outlets,6,88.0,4635821.0,0.7808,0.0568,1.0,0.0067,30925.5335,True
C02019,HoReCa,Central,Hibernating / Lost,Core Small Outlets,47,8.0,157307.0,1.5,0.25,2.0,0.1954,30732.6029,True
C00629,Petrol Station,Nairobi,Needs Attention,Core Small Outlets,18,12.0,172681.0,3.0,0.3333,2.0,0.1777,30687.8427,True
C01953,HoReCa,Coast,Champions,Core Small Outlets,5,28.0,718813.0,1.1739,0.0357,1.0,0.0426,30639.1634,True
C03567,HoReCa,Nairobi,Champions,Core Small Outlets,3,35.0,1212115.0,0.9,0.1429,3.0,0.0252,30507.3148,True
C01502,Supermarket,Western,Champions,Key Accounts,5,107.0,15044595.0,0.8276,0.0748,1.0,0.002,30505.2817,True
C00974,Duka,Nairobi,Hibernating / Lost,Core Small Outlets,50,18.0,137340.0,0.8824,0.0556,0.0,0.2212,30383.5398,True
C02158,Petrol Station,Nairobi,Promising / New,Core Small Outlets,7,17.0,209363.0,0.9375,0.1176,0.0,0.1449,30346.7565,True
C02437,Petrol Station,Rift Valley,Loyal,Core Small Outlets,17,20.0,264041.0,1.5,0.0,0.0,0.1147,30295.9873,True
C02311,HoReCa,Western,Champions,Core Small Outlets,4,58.0,3080068.0,1.1333,0.2414,2.0,0.0098,30237.3606,True
C03992,Duka,Rift Valley,Loyal,Core Small Outlets,11,27.0,361801.0,1.0435,0.037,0.0,0.0829,29993.4127,False
C00422,Duka,Coast,Loyal,Core Small Outlets,13,47.0,763964.0,1.0263,0.1702,6.0,0.0391,29899.6839,False
C00758,HoReCa,Rift Valley,Champions,Core Small Outlets,8,49.0,1767970.0,1.0769,0.0612,1.0,0.0169,29853.9349,False
C01250,HoReCa,Rift Valley,Champions,Core Small Outlets,5,39.0,1243764.0,0.9091,0.1795,3.0,0.024,29796.3602,False
C03887,Supermarket,Coast,Champions,Key Accounts,9,47.0,3397839.0,1.5,0.0638,3.0,0.0087,29730.9643,False
C02608,Supermarket,Central,Loyal,Key Accounts,4,17.0,1053885.0,3.3,0.1765,2.0,0.0282,29717.0879,False
C01248,Duka,Nyanza,Loyal,Core Small Outlets,12,42.0,741895.0,1.6,0.1905,2.0,0.04,29647.9658,False
C00170,Duka,Western,Champions,Core Small Outlets,6,45.0,737172.0,0.8684,0.0889,0.0,0.0402,29633.6134,False
C03549,HoReCa,Central,Champions,Core Small Outlets,4,47.0,3085569.0,2.2759,0.0213,1.0,0.0096,29613.7,False
C00886,Duka,Rift Valley,Hibernating / Lost,Lapsed Small Outlets,90,9.0,33878.0,0.25,0.0,0.0,0.8737,29598.1151,False
C00234,Supermarket,Rift Valley,Loyal,Key Accounts,16,58.0,3556932.0,1.0435,0.069,1.0,0.0083,29587.4623,False
C01511,Duka,Central,Loyal,Core Small Outlets,6,30.0,286893.0,0.5172,0.1,0.0,0.103,29543.4355,False
C01765,Duka,Nairobi,Promising / New,Core Small Outlets,7,19.0,232818.0,1.6,0.2105,3.0,0.1263,29401.3215,False
C03823,Supermarket,Central,Champions,Key Accounts,4,109.0,16663754.0,0.9419,0.156,4.0,0.0018,29395.3524,False
C03923,Duka,Rift Valley,Hibernating / Lost,Lapsed Small Outlets,81,8.0,42605.0,0.6,0.125,0.0,0.6894,29372.6215,False
C01559,HoReCa,Nairobi,Loyal,Core Small Outlets,16,27.0,782271.0,1.0435,0.1111,1.0,0.0375,29302.6369,False
C01960,HoReCa,Central,Champions,Core Small Outlets,9,66.0,3469368.0,1.2,0.1061,3.0,0.0084,29281.3816,False
C01933,Supermarket,Nairobi,Champions,Key Accounts,4,78.0,7136065.0,0.9677,0.0769,2.0,0.0041,29258.2978,False
C00171,Duka,Western,Champions,Core Small Outlets,5,38.0,653423.0,0.7059,0.0526,0.0,0.0446,29121.8622,False
C03180,Supermarket,Central,Champions,Key Accounts,5,113.0,14718529.0,1.0345,0.1416,3.0,0.002,29096.2214,False
C03037,HoReCa,Western,Loyal,Core Small Outlets,28,31.0,716541.0,1.5652,0.1613,1.0,0.0406,29059.2115,False
C03658,Supermarket,Nairobi,Champions,Key Accounts,4,33.0,1824757.0,1.1111,0.0909,1.0,0.0159,29058.4513,False
C00399,Wholesaler,Nairobi,Champions,Key Accounts,7,66.0,14182034.0,1.6667,0.0455,1.0,0.002,28949.8142,False
C01869,Duka,Coast,Needs Attention,Core Small Outlets,13,25.0,223158.0,0.9545,0.28,3.0,0.1296,28918.5119,False
C02864,HoReCa,Coast,Champions,Core Small Outlets,8,33.0,798468.0,1.44,0.1212,2.0,0.0362,28894.4883,False
C00528,Petrol Station,Rift Valley,Loyal,Core Small Outlets,14,37.0,582658.0,1.1,0.1622,3.0,0.0495,28820.377,False
C01678,Supermarket,Coast,Champions,Key Accounts,5,74.0,6591868.0,1.0345,0.0946,3.0,0.0044,28763.7188,False
C01870,HoReCa,Nyanza,Champions,Core Small Outlets,8,45.0,1533448.0,0.675,0.0889,1.0,0.0187,28699.5456,False
C00832,Duka,Rift Valley,Loyal,Core Small Outlets,5,28.0,316375.0,0.5556,0.1786,0.0,0.0906,28671.8404,False
C02045,Supermarket,Western,Champions,Key Accounts,4,69.0,7436622.0,1.2941,0.0435,0.0,0.0039,28647.584,False
C01270,Duka,Coast,Needs Attention,Core Small Outlets,12,22.0,148367.0,0.7143,0.3636,3.0,0.1925,28558.6385,False
C00661,Supermarket,Central,Loyal,Key Accounts,14,77.0,7004087.0,0.8571,0.1039,0.0,0.0041,28538.6983,False
C01133,Supermarket,Coast,Champions,Key Accounts,9,54.0,4367060.0,1.7027,0.1111,1.0,0.0065,28530.777,False
C00324,HoReCa,Rift Valley,Promising / New,Core Small Outlets,10,18.0,315915.0,0.8824,0.1111,1.0,0.0897,28351.0973,False
C03632,Supermarket,Coast,Champions,Key Accounts,7,33.0,2432635.0,2.55,0.0909,2.0,0.0116,28287.9362,False
C03404,Duka,Nairobi,Needs Attention,Core Small Outlets,27,22.0,170197.0,1.3333,0.2273,4.0,0.1653,28141.1454,False
C02090,Supermarket,Nairobi,Champions,Key Accounts,4,48.0,3361481.0,1.4571,0.125,3.0,0.0084,28137.8522,False
C03221,Wholesaler,Western,Champions,Key Accounts,3,34.0,3726581.0,1.3846,0.0882,0.0,0.0075,27930.2485,False
C01697,Petrol Station,Rift Valley,Champions,Core Small Outlets,3,90.0,3638672.0,0.8108,0.1111,3.0,0.0077,27908.5814,False
C00588,HoReCa,Nairobi,Champions,Core Small Outlets,5,40.0,1542471.0,1.5517,0.05,0.0,0.0181,27879.6937,False
C02537,Duka,Nairobi,Needs Attention,Core Small Outlets,25,27.0,228108.0,0.5769,0.037,1.0,0.1222,27866.0918,False
C02135,HoReCa,Coast,Promising / New,Core Small Outlets,9,19.0,307167.0,0.8333,0.1579,2.0,0.0907,27865.1716,False
C03256,Supermarket,Rift Valley,Champions,Key Accounts,9,92.0,8945338.0,0.7403,0.0435,0.0,0.0031,27857.303,False
C01972,Supermarket,Nairobi,Champions,Key Accounts,6,44.0,2668132.0,1.5,0.1818,1.0,0.0104,27848.5479,False
C03631,Duka,Nairobi,Loyal,Core Small Outlets,26,34.0,427484.0,1.0714,0.0882,1.0,0.065,27788.2068,False
C02896,Wholesaler,Nairobi,Champions,Key Accounts,5,116.0,49104055.0,1.0,0.0517,0.0,0.0006,27770.9463,False
C02542,HoReCa,Central,Champions,Core Small Outlets,10,61.0,2872467.0,1.2391,0.1475,5.0,0.0097,27759.2023,False
C03016,Duka,Nairobi,Champions,Core Small Outlets,7,42.0,477918.0,0.9429,0.1429,5.0,0.058,27738.7218,False
C01230,Duka,Nairobi,Loyal,Core Small Outlets,13,23.0,267468.0,1.5,0.2609,5.0,0.1037,27728.2751,False
C03204,HoReCa,Nyanza,Loyal,Core Small Outlets,20,33.0,765712.0,1.44,0.2424,1.0,0.0361,27671.7945,False
C02120,Petrol Station,Nyanza,Loyal,Core Small Outlets,6,21.0,289446.0,0.75,0.2381,0.0,0.0956,27668.9503,False
C01975,Petrol Station,Rift Valley,Champions,Core Small Outlets,6,61.0,1651420.0,1.1489,0.1475,4.0,0.0167,27654.7227,False
C00797,Duka,Central,Hibernating / Lost,Core Small Outlets,67,9.0,75745.0,1.875,0.2222,0.0,0.3633,27517.8501,False
C01716,Petrol Station,Nairobi,Loyal,Core Small Outlets,5,27.0,405684.0,0.875,0.1852,1.0,0.0678,27494.7508,False
C02494,Petrol Station,Central,Hibernating / Lost,Core Small Outlets,40,7.0,62029.0,1.125,0.1429,1.0,0.4428,27464.4557,False
C02782,Petrol Station,Rift Valley,Loyal,Core Small Outlets,10,26.0,347823.0,1.0909,0.1154,2.0,0.0787,27376.8734,False
C03151,Petrol Station,Western,Loyal,Core Small Outlets,18,24.0,265430.0,1.0,0.0417,1.0,0.103,27331.4774,False
C01220,Duka,Rift Valley,Hibernating / Lost,Lapsed Small Outlets,83,5.0,35530.0,0.8571,0.0,0.0,0.769,27323.1906,False
C01599,Duka,Western,Promising / New,Core Small Outlets,4,20.0,204091.0,0.7895,0.05,0.0,0.1338,27314.0705,False
C00805,Duka,Western,Champions,Core Small Outlets,8,51.0,809544.0,1.0244,0.098,4.0,0.0336,27232.8473,False
C01553,Duka,Coast,Champions,Core Small Outlets,5,70.0,1535349.0,1.1887,0.1571,1.0,0.0176,27070.4341,False
C01715,Supermarket,Western,Champions,Key Accounts,5,70.0,5975190.0,1.5306,0.0714,2.0,0.0045,27035.4227,False
C03278,Duka,Rift Valley,Champions,Core Small Outlets,4,35.0,349896.0,0.6562,0.2286,2.0,0.0772,27020.5936,False
C00673,HoReCa,Central,Champions,Core Small Outlets,10,65.0,3212610.0,0.8333,0.2,3.0,0.0084,27020.0735,False
C03365,Supermarket,Central,Champions,Key Accounts,5,58.0,5647291.0,1.7692,0.1207,0.0,0.0048,27004.4204,False
C03802,Duka,Western,Champions,Core Small Outlets,3,43.0,722001.0,1.2727,0.2791,2.0,0.0373,26920.9022,False
C00088,Wholesaler,Central,Loyal,Key Accounts,13,33.0,3203454.0,1.2692,0.0909,0.0,0.0084,26893.0957,False
C00070,Duka,Central,Loyal,Core Small Outlets,29,28.0,255122.0,0.6923,0.2143,1.0,0.1054,26878.4707,False
C03818,Supermarket,Coast,Loyal,Key Accounts,13,20.0,893092.0,2.5385,0.05,1.0,0.03,26833.1407,False
C01840,Duka,Coast,Hibernating / Lost,Lapsed Small Outlets,81,7.0,36375.0,1.125,0.1429,1.0,0.7377,26833.1131,False
C01996,HoReCa,Rift Valley,Loyal,Core Small Outlets,14,21.0,338389.0,0.75,0.0952,0.0,0.0793,26826.1392,False
C02556,Duka,Nairobi,Hibernating / Lost,Core Small Outlets,38,9.0,144883.0,2.5714,0.1111,0.0,0.1849,26782.5538,False
C02391,HoReCa,Nairobi,Champions,Core Small Outlets,4,100.0,6296037.0,0.8519,0.13,3.0,0.0043,26777.5275,False
C02643,Supermarket,Nairobi,Champions,Key Accounts,3,139.0,24663738.0,1.125,0.2158,11.0,0.0011,26691.9332,False
C01730,Wholesaler,Nairobi,Champions,Key Accounts,4,63.0,11286641.0,1.4667,0.1429,0.0,0.0024,26654.4879,False
C03403,Supermarket,Coast,Champions,Key Accounts,4,128.0,25128347.0,1.0825,0.1094,4.0,0.0011,26653.0812,False
C01336,Supermarket,Nairobi,Champions,Key Accounts,9,34.0,1523710.0,1.0714,0.2059,2.0,0.0175,26601.7963,False
C02514,Supermarket,Nairobi,Champions,Key Accounts,9,90.0,10695073.0,0.9167,0.0444,1.0,0.0025,26540.0158,False
C03406,HoReCa,Central,Loyal,Core Small Outlets,14,39.0,1523721.0,1.1613,0.1026,0.0,0.0174,26522.5684,False
C01574,Supermarket,Central,Champions,Key Accounts,6,50.0,3398886.0,1.3784,0.08,1.0,0.0078,26478.8901,False
C01484,Duka,Nyanza,Champions,Core Small Outlets,8,32.0,730688.0,2.4,0.0938,6.0,0.0362,26455.2455,False
C00512,Supermarket,Central,Champions,Key Accounts,5,95.0,10260701.0,0.7595,0.0632,2.0,0.0026,26398.6018,False
C02745,Duka,Coast,Champions,Core Small Outlets,10,52.0,712424.0,0.907,0.2115,1.0,0.037,26393.0007,False
C03097,Duka,Nairobi,Hibernating / Lost,Lapsed Small Outlets,49,14.0,71076.0,0.375,0.0,1.0,0.371,26365.7484,False
C01171,Supermarket,Central,Champions,Key Accounts,5,111.0,14610991.0,0.9655,0.1261,1.0,0.0018,26335.4295,False
C03589,Duka,Coast,Loyal,Core Small Outlets,4,26.0,248409.0,0.75,0.1923,3.0,0.106,26334.5336,False
C00435,Duka,Nairobi,Hibernating / Lost,Core Small Outlets,42,12.0,138520.0,1.8,0.3333,1.0,0.1901,26328.2921,False
C00586,Supermarket,Nairobi,Champions,Key Accounts,3,84.0,8517628.0,1.0,0.131,4.0,0.0031,26324.5381,False
C00541,Supermarket,Central,Champions,Key Accounts,6,109.0,14939219.0,0.8523,0.0642,3.0,0.0018,26304.028,False
C02986,Duka,Western,Loyal,Core Small Outlets,5,27.0,274433.0,0.72,0.1481,0.0,0.0955,26211.6506,False
C03592,HoReCa,Coast,Champions,Core Small Outlets,8,70.0,4044185.0,0.8276,0.0571,1.0,0.0065,26136.9908,False
C03797,Duka,Nairobi,Loyal,Core Small Outlets,17,44.0,718045.0,1.1143,0.0455,1.0,0.0364,26103.3837,False
C02450,Duka,Nairobi,Needs Attention,Core Small Outlets,28,22.0,190459.0,0.7143,0.3182,1.0,0.1369,26069.4554,False
C01462,Duka,Nyanza,Hibernating / Lost,Core Small Outlets,44,21.0,142954.0,0.9474,0.1905,1.0,0.1822,26041.7195,False
C02146,Petrol Station,Nyanza,Champions,Core Small Outlets,7,67.0,2247265.0,1.26,0.1493,2.0,0.0116,25997.7273,False
C02666,Duka,Western,Promising / New,Core Small Outlets,3,22.0,220069.0,0.5455,0.0455,0.0,0.118,25977.4926,False
C00697,HoReCa,Nyanza,Needs Attention,Core Small Outlets,21,8.0,156624.0,1.5,0.0,0.0,0.1659,25976.4723,False
C03416,Duka,Nairobi,Needs Attention,Core Small Outlets,20,24.0,185271.0,0.8182,0.25,0.0,0.1398,25907.4121,False
C02646,Duka,Nairobi,Promising / New,Core Small Outlets,9,19.0,214576.0,1.0588,0.0526,1.0,0.1205,25851.015,False
C02827,Supermarket,Central,Champions,Key Accounts,6,71.0,6713104.0,1.4118,0.1972,5.0,0.0038,25809.9482,False
C01670,Duka,Coast,Champions,Core Small Outlets,8,44.0,940137.0,1.8,0.1136,0.0,0.0274,25737.988,False
C03282,Duka,Nairobi,Promising / New,Core Small Outlets,5,27.0,235673.0,0.4444,0.1481,1.0,0.1091,25710.7973,False
C03281,Petrol Station,Coast,Loyal,Core Small Outlets,19,22.0,284353.0,0.9,0.1364,0.0,0.0903,25683.2864,False
C01139,Supermarket,Western,Champions,Key Accounts,5,74.0,6052322.0,0.9661,0.0541,1.0,0.0042,25660.4456,False
C01817,Duka,Central,Champions,Core Small Outlets,5,42.0,569321.0,0.7297,0.1429,2.0,0.045,25606.858,False
C00047,Supermarket,Western,Champions,Key Accounts,3,125.0,20311905.0,1.2527,0.144,6.0,0.0013,25524.5052,False
C01859,Duka,Coast,Hibernating / Lost,Core Small Outlets,44,18.0,121224.0,0.6667,0.0556,0.0,0.2098,25428.1739,False
C01312,Petrol Station,Rift Valley,Loyal,Core Small Outlets,6,22.0,240857.0,0.9,0.2727,1.0,0.1054,25378.6002,False
C01150,HoReCa,Nairobi,Champions,Core Small Outlets,10,51.0,1945817.0,0.75,0.0588,0.0,0.013,25348.9859,False
C00320,Duka,Central,Needs Attention,Core Small Outlets,17,19.0,296602.0,1.0588,0.2105,0.0,0.0855,25345.5456,False
C01757,HoReCa,Central,Champions,Core Small Outlets,4,29.0,809033.0,1.125,0.1379,2.0,0.0313,25299.5867,False
C01534,Duka,Coast,Champions,Core Small Outlets,9,42.0,577414.0,0.8333,0.0952,0.0,0.0437,25252.7365,False
C02106,Supermarket,Central,Loyal,Key Accounts,6,14.0,719757.0,1.9091,0.2143,2.0,0.035,25224.6288,False
C03869,HoReCa,Coast,Loyal,Core Small Outlets,18,30.0,677037.0,0.9231,0.0333,0.0,0.0372,25213.6246,False
C01302,Petrol Station,Nairobi,Champions,Core Small Outlets,3,46.0,980967.0,0.6585,0.1522,0.0,0.0256,25117.1323,False
C01971,Wholesaler,Nairobi,Champions,Key Accounts,3,49.0,9167701.0,1.6765,0.0408,2.0,0.0027,24999.5037,False
C02687,Petrol Station,Western,Champions,Core Small Outlets,5,83.0,3084152.0,1.2097,0.1446,2.0,0.0081,24994.7845,False
C03266,Duka,Rift Valley,Loyal,Core Small Outlets,15,28.0,284324.0,0.6923,0.1786,2.0,0.0879,24980.814,False
C02576,Duka,Nairobi,Hibernating / Lost,Lapsed Small Outlets,57,13.0,71620.0,0.4,0.0,0.0,0.348,24924.9327,False
C00542,HoReCa,Nairobi,Hibernating / Lost,Core Small Outlets,38,17.0,309360.0,1.2,0.1765,1.0,0.0806,24921.6357,False
C00176,Duka,Nairobi,Needs Attention,Core Small Outlets,21,22.0,177340.0,0.5455,0.1818,2.0,0.1404,24903.7357,False
C00276,Supermarket,Western,Champions,Key Accounts,3,70.0,5105083.0,1.3529,0.1857,3.0,0.0049,24886.7573,False
C03264,Supermarket,Nyanza,Champions,Key Accounts,10,52.0,5284496.0,1.9412,0.0,0.0,0.0047,24815.1235,False
C02582,Duka,Nairobi,Champions,Core Small Outlets,6,64.0,907726.0,1.3404,0.3438,3.0,0.0273,24792.137,False
C01246,Petrol Station,Rift Valley,Champions,Core Small Outlets,5,49.0,1141565.0,1.2973,0.0408,0.0,0.0217,24727.6485,False
C03480,Duka,Rift Valley,Champions,Core Small Outlets,4,48.0,814185.0,0.9,0.1458,1.0,0.0304,24723.1412,False
C00401,Duka,Western,Promising / New,Core Small Outlets,7,19.0,127928.0,0.45,0.1579,0.0,0.1931,24707.2962,False
C00954,Supermarket,Nairobi,Champions,Key Accounts,3,68.0,5340593.0,0.7895,0.0441,2.0,0.0046,24686.2775,False
C02541,HoReCa,Nairobi,Champions,Key Accounts,4,126.0,12011692.0,0.75,0.1508,6.0,0.0021,24670.4852,False
C02415,Petrol Station,Rift Valley,Loyal,Core Small Outlets,13,35.0,820206.0,1.0345,0.0286,1.0,0.03,24637.6679,False
C01100,Duka,Central,Loyal,Core Small Outlets,18,38.0,352006.0,0.5,0.1053,0.0,0.0698,24579.0377,False
C02250,HoReCa,Nyanza,Champions,Core Small Outlets,3,40.0,1029634.0,1.0,0.075,2.0,0.0238,24556.1127,False
C03253,Duka,Nairobi,Needs Attention,Core Small Outlets,16,26.0,203212.0,0.6,0.0385,0.0,0.1207,24532.4081,False
C03915,HoReCa,Central,Champions,Core Small Outlets,7,58.0,2386618.0,1.2273,0.1379,1.0,0.0103,24491.4413,False
C00558,Duka,Central,Champions,Core Small Outlets,4,47.0,758887.0,0.7317,0.1915,1.0,0.0322,24430.0787,False
C03937,Supermarket,Rift Valley,Champions,Key Accounts,3,87.0,10763645.0,1.2656,0.1264,3.0,0.0023,24383.2746,False
C02946,Duka,Central,Champions,Core Small Outlets,5,38.0,474789.0,0.7059,0.2105,1.0,0.0514,24382.6739,False
C03087,Wholesaler,Nairobi,Champions,Key Accounts,4,21.0,2248553.0,2.7692,0.0952,3.0,0.0108,24328.1511,False
C02905,HoReCa,Nairobi,Champions,Core Small Outlets,4,42.0,1008474.0,0.6316,0.0952,1.0,0.0241,24311.0405,False
C01068,Duka,Coast,Loyal,Core Small Outlets,11,30.0,270780.0,0.7778,0.3,3.0,0.0895,24247.4866,False
C01791,Wholesaler,Coast,Loyal,Key Accounts,15,34.0,3393481.0,1.9565,0.1176,2.0,0.0071,24233.3188,False
C00893,Duka,Western,Needs Attention,Core Small Outlets,17,24.0,221076.0,0.8182,0.1667,0.0,0.1095,24200.1137,False
C02210,HoReCa,Nairobi,Champions,Core Small Outlets,3,99.0,7703590.0,1.2917,0.1818,7.0,0.0031,24143.6869,False
C02669,Duka,Western,Champions,Core Small Outlets,6,47.0,660531.0,0.9231,0.0851,2.0,0.0364,24024.2675,False
C01058,Wholesaler,Coast,Champions,Key Accounts,7,20.0,2754550.0,5.0,0.2,1.0,0.0087,23986.6122,False
C01802,Duka,Nairobi,Champions,Core Small Outlets,10,37.0,417067.0,0.9677,0.2703,3.0,0.0571,23831.4356,False
C02740,Supermarket,Rift Valley,Champions,Key Accounts,5,130.0,22572429.0,0.8654,0.1154,5.0,0.0011,23755.8342,False
C01433,Wholesaler,Nyanza,Champions,Key Accounts,4,36.0,4927239.0,1.8,0.1667,1.0,0.0048,23700.4913,False
C03482,Duka,Coast,Hibernating / Lost,Lapsed Small Outlets,87,9.0,45702.0,0.5455,0.0,1.0,0.5173,23641.6159,False
C02877,Duka,Coast,Promising / New,Core Small Outlets,8,13.0,133064.0,1.25,0.1538,2.0,0.1773,23591.3331,False
C02766,Petrol Station,Nyanza,Champions,Core Small Outlets,4,84.0,3457389.0,0.6667,0.2024,3.0,0.0068,23591.2308,False
C02506,Supermarket,Western,Champions,Key Accounts,7,44.0,2192606.0,1.0,0.1136,1.0,0.0107,23554.0568,False
C01291,Duka,Coast,Champions,Core Small Outlets,8,74.0,1658697.0,1.0345,0.1622,1.0,0.0142,23552.3473,False
C00161,Supermarket,Rift Valley,Champions,Key Accounts,4,36.0,1656558.0,1.6154,0.2222,0.0,0.0142,23540.4303,False
C01723,HoReCa,Western,Loyal,Core Small Outlets,13,85.0,4386659.0,1.1719,0.0588,2.0,0.0054,23505.7932,False
C03039,HoReCa,Coast,Hibernating / Lost,Core Small Outlets,37,16.0,302371.0,1.0,0.125,0.0,0.0777,23490.3336,False
C00214,Duka,Central,Needs Attention,Core Small Outlets,23,25.0,199182.0,0.7826,0.2,4.0,0.1178,23469.993,False
C03831,HoReCa,Central,Champions,Core Small Outlets,7,56.0,2289310.0,1.6154,0.125,2.0,0.0103,23468.9718,False
C02544,HoReCa,Nyanza,Champions,Core Small Outlets,6,35.0,1661104.0,2.85,0.0857,2.0,0.0141,23465.2359,False
C02420,Duka,Rift Valley,Loyal,Core Small Outlets,18,30.0,318732.0,0.7778,0.0,0.0,0.0736,23462.2219,False
C01969,Duka,Coast,Promising / New,Core Small Outlets,5,18.0,155758.0,0.4737,0.1667,0.0,0.1504,23423.3037,False
C03889,Petrol Station,Nairobi,Champions,Core Small Outlets,10,43.0,725695.0,0.9167,0.1163,3.0,0.032,23237.2873,False
C03103,HoReCa,Nairobi,Champions,Core Small Outlets,5,49.0,1905004.0,1.0769,0.1224,1.0,0.0121,23094.541,False
C00680,Duka,Rift Valley,Hibernating / Lost,Core Small Outlets,29,12.0,77366.0,0.6923,0.1667,0.0,0.2984,23085.6549,False
C02872,Duka,Western,Hibernating / Lost,Core Small Outlets,41,20.0,162324.0,1.0,0.05,0.0,0.1417,22996.4181,False
C03683,HoReCa,Rift Valley,Champions,Core Small Outlets,9,35.0,949837.0,0.7742,0.0857,2.0,0.0241,22920.6533,False
C00856,Supermarket,Rift Valley,Champions,Key Accounts,7,64.0,4190901.0,0.8491,0.0781,2.0,0.0055,22881.2341,False
C02012,HoReCa,Western,Loyal,Core Small Outlets,26,23.0,365439.0,0.8571,0.087,1.0,0.0626,22878.4341,False
C00484,Supermarket,Central,Champions,Key Accounts,5,36.0,3587936.0,4.0588,0.1389,5.0,0.0064,22795.8741,False
C02513,HoReCa,Rift Valley,Loyal,Core Small Outlets,4,20.0,332749.0,0.7895,0.35,3.0,0.0683,22712.6513,False
C00517,Supermarket,Western,Champions,Key Accounts,3,62.0,5196721.0,1.3043,0.0645,1.0,0.0044,22703.6356,False
C03746,Duka,Rift Valley,Champions,Core Small Outlets,4,42.0,653733.0,1.0588,0.0952,0.0,0.0347,22655.077,False
C01003,HoReCa,Nairobi,Loyal,Core Small Outlets,20,23.0,459775.0,0.8571,0.087,2.0,0.0493,22650.6024,False
C00669,Petrol Station,Western,Champions,Core Small Outlets,10,69.0,2660556.0,1.1321,0.0725,1.0,0.0085,22569.6293,False
C03380,Supermarket,Nyanza,Champions,Key Accounts,4,78.0,8078498.0,1.1695,0.0641,2.0,0.0028,22567.4535,False
C02847,HoReCa,Nairobi,Loyal,Core Small Outlets,16,20.0,373582.0,1.5,0.25,2.0,0.0604,22555.7362,False
C01775,Supermarket,Nairobi,Champions,Key Accounts,3,129.0,19963486.0,0.8365,0.0543,2.0,0.0011,22555.5597,False
C01054,Supermarket,Nairobi,Champions,Key Accounts,3,43.0,2484918.0,1.0286,0.0698,0.0,0.0091,22507.5302,False
C00671,Petrol Station,Nairobi,Champions,Core Small Outlets,11,55.0,1570103.0,1.1163,0.0545,0.0,0.0143,22454.6975,False
C00545,HoReCa,Nairobi,Champions,Core Small Outlets,3,42.0,1450769.0,1.3125,0.2381,6.0,0.0155,22444.4414,False
C00218,Petrol Station,Nyanza,Hibernating / Lost,Core Small Outlets,35,20.0,151668.0,1.5,0.25,0.0,0.1479,22432.3859,False
C02878,Petrol Station,Nyanza,Champions,Core Small Outlets,5,42.0,999392.0,0.9429,0.0952,2.0,0.0224,22384.4549,False
C02371,Supermarket,Rift Valley,Champions,Key Accounts,4,106.0,14718729.0,1.0244,0.0566,4.0,0.0015,22368.8339,False
C02023,HoReCa,Central,Loyal,Core Small Outlets,19,26.0,729585.0,3.0,0.1923,5.0,0.0306,22331.7579,False
C02108,Duka,Rift Valley,Champions,Core Small Outlets,3,79.0,1949392.0,1.0161,0.1392,8.0,0.0115,22323.8286,False
C03761,Petrol Station,Nairobi,Champions,Core Small Outlets,10,67.0,2648687.0,1.1765,0.0896,1.0,0.0084,22160.5964,False
C03263,Duka,Nairobi,At Risk,Core Small Outlets,51,25.0,269673.0,0.9545,0.08,0.0,0.082,22114.9886,False
C02857,Duka,Coast,Hibernating / Lost,Lapsed Small Outlets,79,10.0,56586.0,0.8182,0.0,1.0,0.3898,22058.6823,False
C03456,HoReCa,Rift Valley,Champions,Core Small Outlets,4,45.0,1786462.0,1.2,0.1556,4.0,0.0123,21982.4147,False
C02192,Petrol Station,Coast,Needs Attention,Core Small Outlets,22,18.0,570881.0,5.25,0.2222,2.0,0.0382,21825.4488,False
C00753,HoReCa,Rift Valley,Champions,Core Small Outlets,5,101.0,7778787.0,0.7952,0.0792,1.0,0.0028,21794.916,False
C01492,Supermarket,Nairobi,Champions,Key Accounts,4,61.0,4559117.0,1.0625,0.1148,3.0,0.0048,21776.8961,False
C03226,Duka,Rift Valley,Needs Attention,Core Small Outlets,14,20.0,143871.0,0.6,0.2,0.0,0.1513,21767.902,False
C01346,Supermarket,Nairobi,Champions,Key Accounts,6,67.0,5241302.0,1.26,0.0896,1.0,0.0042,21765.7538,False
C00993,HoReCa,Western,Champions,Core Small Outlets,3,72.0,3724471.0,0.8,0.0972,1.0,0.0058,21744.3379,False
C03582,HoReCa,Rift Valley,Champions,Core Small Outlets,9,39.0,1584552.0,1.4483,0.0513,0.0,0.0137,21726.545,False
C01956,Duka,Coast,Loyal,Core Small Outlets,12,26.0,269666.0,0.75,0.0769,1.0,0.0802,21629.1703,False
C01841,Duka,Nyanza,Loyal,Core Small Outlets,18,34.0,352334.0,0.8,0.1176,3.0,0.0609,21460.0255,False
C00497,Supermarket,Rift Valley,Needs Attention,Core Small Outlets,21,12.0,263827.0,0.6923,0.0833,0.0,0.0812,21422.1808,False
C02710,Supermarket,Nyanza,Champions,Key Accounts,6,50.0,3317022.0,1.05,0.06,1.0,0.0064,21393.4248,False
C00483,Duka,Rift Valley,Hibernating / Lost,Core Small Outlets,34,22.0,181921.0,0.7143,0.0455,0.0,0.1176,21392.6147,False
C03911,Duka,Central,Loyal,Core Small Outlets,25,27.0,283695.0,0.875,0.1111,0.0,0.0753,21350.23,False
C01117,Duka,Central,Needs Attention,Core Small Outlets,12,26.0,211870.0,0.4615,0.1154,1.0,0.1005,21283.0566,False
C03181,Supermarket,Nyanza,Champions,Key Accounts,3,111.0,14019176.0,0.7912,0.1171,4.0,0.0015,21282.6302,False
C01338,Supermarket,Nyanza,Champions,Key Accounts,11,78.0,6977143.0,1.1,0.1154,0.0,0.003,21235.3117,False
C00835,Duka,Western,Hibernating / Lost,Core Small Outlets,35,18.0,148569.0,0.6667,0.2222,0.0,0.1427,21206.7935,False
C03054,HoReCa,Central,Champions,Core Small Outlets,6,39.0,1052862.0,1.3,0.1538,2.0,0.0201,21144.7561,False
C02244,Petrol Station,Central,Champions,Core Small Outlets,6,58.0,1406505.0,0.875,0.069,1.0,0.015,21120.5463,False
C03055,Supermarket,Nairobi,Champions,Key Accounts,4,131.0,21238169.0,0.8942,0.1298,5.0,0.001,21095.4554,False
C03495,Supermarket,Central,Champions,Key Accounts,10,39.0,1937485.0,1.3,0.1282,4.0,0.0109,21057.2501,False
C01520,Duka,Coast,Needs Attention,Core Small Outlets,13,23.0,230718.0,0.6818,0.2174,2.0,0.0912,21046.1115,False
C00911,Duka,Western,Hibernating / Lost,Core Small Outlets,40,25.0,212561.0,0.7826,0.12,1.0,0.0989,21031.9909,False
C03045,Duka,Coast,Loyal,Core Small Outlets,13,33.0,506703.0,1.2692,0.1212,1.0,0.0414,20960.1926,False
C01966,Supermarket,Nairobi,Champions,Key Accounts,7,61.0,4199748.0,1.4318,0.1967,1.0,0.005,20958.3677,False
C02087,Supermarket,Central,Champions,Key Accounts,6,47.0,2724982.0,0.9231,0.1489,2.0,0.0077,20927.7994,False
C01814,Wholesaler,Coast,Promising / New,Key Accounts,6,9.0,1355785.0,3.5,0.0,0.0,0.0154,20900.7392,False
C03498,Supermarket,Coast,Loyal,Key Accounts,11,28.0,1271752.0,1.0,0.0357,0.0,0.0164,20854.0849,False
C00515,Supermarket,Nairobi,Champions,Key Accounts,4,163.0,37283241.0,0.7955,0.0859,9.0,0.0006,20828.2175,False
C02954,Duka,Rift Valley,Needs Attention,Core Small Outlets,23,27.0,184935.0,0.72,0.0741,1.0,0.1124,20788.1655,False
C03608,Duka,Nairobi,Hibernating / Lost,Lapsed Small Outlets,51,11.0,53950.0,0.4615,0.2727,0.0,0.3849,20764.2052,False
C00357,Duka,Nairobi,Needs Attention,Core Small Outlets,12,21.0,150413.0,0.5714,0.1429,0.0,0.138,20763.456,False
C03118,Petrol Station,Western,Loyal,Core Small Outlets,13,27.0,328096.0,1.2273,0.1481,3.0,0.0632,20748.2782,False
C02157,Petrol Station,Nairobi,Loyal,Core Small Outlets,8,23.0,288840.0,0.8571,0.2174,2.0,0.0717,20713.3132,False
C02013,Duka,Rift Valley,Champions,Core Small Outlets,5,47.0,732650.0,0.7317,0.1064,2.0,0.0283,20708.1274,False
C01314,Duka,Nairobi,Needs Attention,Core Small Outlets,16,21.0,173717.0,0.9474,0.0476,0.0,0.1192,20704.4944,False
C01405,Duka,Coast,Loyal,Core Small Outlets,3,30.0,293643.0,0.7778,0.1667,0.0,0.0705,20693.6963,False
C02340,Duka,Central,At Risk,Core Small Outlets,41,27.0,283606.0,0.72,0.037,0.0,0.0729,20687.5103,False
C03782,Duka,Central,Needs Attention,Core Small Outlets,25,17.0,157422.0,0.9375,0.2941,0.0,0.1311,20642.8266,False
C00197,Petrol Station,Nairobi,Champions,Core Small Outlets,7,67.0,1858184.0,1.0962,0.1194,4.0,0.0111,20632.0441,False
C01584,HoReCa,Nyanza,Champions,Core Small Outlets,7,29.0,1100569.0,3.1875,0.2759,6.0,0.0187,20556.6101,False
C03091,HoReCa,Nairobi,Loyal,Core Small Outlets,17,36.0,648905.0,0.871,0.1667,1.0,0.0317,20544.1234,False
C01988,Duka,Central,Hibernating / Lost,Lapsed Small Outlets,51,15.0,82861.0,0.5625,0.1333,0.0,0.2478,20530.806,False
C03576,Duka,Nairobi,Hibernating / Lost,Lapsed Small Outlets,87,6.0,27640.0,0.75,0.0,0.0,0.741,20482.26,False
C02860,Petrol Station,Coast,Champions,Core Small Outlets,7,49.0,1027291.0,0.6136,0.0612,0.0,0.0199,20435.5071,False
C01393,Duka,Coast,Needs Attention,Core Small Outlets,23,17.0,216339.0,2.7273,0.1176,1.0,0.0944,20413.3329,False
C01145,HoReCa,Rift Valley,Champions,Core Small Outlets,4,50.0,2019873.0,1.6286,0.1,2.0,0.0101,20373.2382,False
C01439,Duka,Nairobi,Loyal,Core Small Outlets,6,23.0,255700.0,0.8571,0.1304,0.0,0.0794,20308.2441,False
C03785,Petrol Station,Central,Loyal,Core Small Outlets,11,66.0,1894506.0,0.8182,0.1515,2.0,0.0107,20271.4262,False
C02795,Duka,Central,Loyal,Core Small Outlets,17,33.0,316834.0,0.8276,0.1515,0.0,0.0639,20252.5485,False
C00292,Duka,Nyanza,Champions,Core Small Outlets,8,77.0,1683722.0,0.6818,0.1169,3.0,0.012,20184.3397,False
C01301,HoReCa,Central,Champions,Core Small Outlets,9,32.0,827397.0,1.32,0.125,0.0,0.0244,20176.3733,False
C00553,Duka,Rift Valley,Champions,Core Small Outlets,9,38.0,549199.0,0.9375,0.1842,0.0,0.0367,20130.1215,False
C00194,Supermarket,Western,Loyal,Key Accounts,13,21.0,778138.0,2.0,0.1429,3.0,0.0258,20076.9394,False
C01625,Petrol Station,Rift Valley,Needs Attention,Core Small Outlets,23,22.0,202947.0,0.3913,0.0,1.0,0.0985,19999.6079,False
C00072,Duka,Nairobi,Champions,Core Small Outlets,3,58.0,1134711.0,1.0435,0.1552,4.0,0.0176,19989.9773,False
C01795,Petrol Station,Nairobi,Promising / New,Core Small Outlets,10,18.0,261696.0,1.7143,0.3333,1.0,0.0762,19934.8735,False
C02409,Petrol Station,Central,Champions,Core Small Outlets,6,29.0,993054.0,3.1875,0.1724,4.0,0.02,19891.3163,False
C03716,Supermarket,Central,Champions,Key Accounts,5,82.0,8177097.0,1.0312,0.061,1.0,0.0024,19884.5202,False
C00642,Duka,Central,Promising / New,Core Small Outlets,5,26.0,239925.0,0.913,0.1154,1.0,0.0828,19869.6513,False
C03813,Duka,Coast,Needs Attention,Core Small Outlets,13,25.0,179891.0,0.625,0.12,1.0,0.1104,19862.0148,False
C00479,Duka,Nyanza,Champions,Core Small Outlets,6,42.0,636434.0,0.8333,0.0476,2.0,0.0308,19573.2502,False
C00173,Supermarket,Nyanza,Champions,Key Accounts,4,64.0,6045908.0,1.08,0.0625,2.0,0.0032,19556.8466,False
C01749,Petrol Station,Nairobi,Hibernating / Lost,Lapsed Small Outlets,82,4.0,23925.0,1.0,0.25,0.0,0.8146,19489.6323,False
C02472,Wholesaler,Nairobi,Loyal,Key Accounts,10,16.0,863373.0,1.2857,0.125,2.0,0.0225,19465.3187,False
C02035,Duka,Western,Hibernating / Lost,Core Small Outlets,36,18.0,110630.0,0.8824,0.1667,0.0,0.1758,19449.2908,False
C02627,Duka,Nairobi,Champions,Core Small Outlets,7,74.0,1276834.0,0.6,0.027,2.0,0.0152,19377.8943,False
C00900,HoReCa,Nyanza,Champions,Core Small Outlets,3,28.0,955321.0,2.0526,0.2143,2.0,0.0202,19317.6535,False
C01680,Duka,Coast,Hibernating / Lost,Core Small Outlets,39,16.0,121618.0,1.2857,0.1875,0.0,0.1588,19317.3639,False
C01277,Duka,Western,Needs Attention,Core Small Outlets,17,13.0,223271.0,1.6364,0.0769,1.0,0.0864,19301.6376,False
C02193,Petrol Station,Central,Loyal,Core Small Outlets,19,31.0,678856.0,0.8889,0.0645,0.0,0.0283,19230.7004,False
C03796,HoReCa,Nairobi,Champions,Core Small Outlets,8,78.0,4000951.0,1.0328,0.1154,0.0,0.0048,19204.7451,False
C03059,Duka,Rift Valley,Champions,Core Small Outlets,10,35.0,392158.0,1.0345,0.1143,1.0,0.0489,19190.6111,False
C01586,Duka,Central,Champions,Core Small Outlets,3,34.0,308337.0,0.4545,0.0294,0.0,0.0621,19154.7858,False
C02839,Duka,Central,Promising / New,Core Small Outlets,4,21.0,158030.0,0.5714,0.2857,2.0,0.121,19121.4961,False
C00137,HoReCa,Nyanza,Champions,Core Small Outlets,5,59.0,3034126.0,0.78,0.1017,1.0,0.0063,19114.1858,False
C02717,Petrol Station,Coast,Champions,Core Small Outlets,6,35.0,586213.0,0.9,0.0857,2.0,0.0324,19021.7494,False
C02832,Duka,Nairobi,Champions,Core Small Outlets,5,30.0,307958.0,0.7778,0.1667,1.0,0.0618,19021.5803,False
C00971,Duka,Nairobi,Champions,Core Small Outlets,4,32.0,349993.0,0.8571,0.0938,0.0,0.0539,18876.8475,False
C03252,Duka,Rift Valley,Champions,Core Small Outlets,3,50.0,953437.0,1.1538,0.24,2.0,0.0198,18861.9036,False
C02425,Duka,Nairobi,Hibernating / Lost,Core Small Outlets,36,12.0,83708.0,1.3636,0.3333,2.0,0.2247,18807.3137,False
C01458,HoReCa,Coast,Champions,Core Small Outlets,8,36.0,1376402.0,1.4444,0.0556,1.0,0.0137,18802.4059,False
C00557,Supermarket,Western,Champions,Key Accounts,3,134.0,23568038.0,1.0194,0.1119,3.0,0.0008,18799.1228,False
C00537,Supermarket,Western,Needs Attention,Key Accounts,19,12.0,271134.0,1.8,0.25,1.0,0.0692,18771.6382,False
C03450,HoReCa,Nairobi,Loyal,Core Small Outlets,7,26.0,640072.0,2.0,0.0769,1.0,0.0293,18746.0794,False
C02318,Supermarket,Rift Valley,Champions,Key Accounts,9,103.0,12719452.0,1.0633,0.068,2.0,0.0015,18670.3266,False
C02561,HoReCa,Nairobi,Loyal,Core Small Outlets,14,28.0,707829.0,1.0,0.1071,1.0,0.0263,18600.5972,False
C00501,HoReCa,Coast,Loyal,Core Small Outlets,4,25.0,507423.0,1.1429,0.04,0.0,0.0365,18543.6708,False
C03323,Duka,Western,Loyal,Core Small Outlets,24,43.0,638070.0,1.0286,0.1163,1.0,0.0289,18453.9803,False
C01075,Duka,Nairobi,Champions,Core Small Outlets,4,49.0,710847.0,0.975,0.1429,2.0,0.0259,18431.5028,False
C00142,Duka,Nairobi,Champions,Core Small Outlets,10,66.0,1218557.0,1.2857,0.1364,4.0,0.0151,18412.7959,False
C00182,HoReCa,Rift Valley,Loyal,Core Small Outlets,14,28.0,1405584.0,5.7273,0.0357,1.0,0.013,18328.0531,False
C03710,Supermarket,Nyanza,Champions,Key Accounts,5,41.0,2258240.0,0.8571,0.0488,1.0,0.0081,18287.3484,False
C02489,Duka,Western,Loyal,Core Small Outlets,11,33.0,311719.0,1.1111,0.1515,3.0,0.0586,18274.4688,False
C00178,Duka,Nairobi,Champions,Core Small Outlets,9,40.0,603916.0,1.0,0.2,2.0,0.03,18117.0086,False
C02429,Duka,Nairobi,Needs Attention,Core Small Outlets,21,21.0,130301.0,0.5714,0.1905,0.0,0.139,18112.2802,False
C00775,Duka,Nyanza,Needs Attention,Core Small Outlets,16,22.0,206790.0,0.7143,0.1364,2.0,0.0874,18078.556,False
C02726,HoReCa,Rift Valley,Champions,Core Small Outlets,4,39.0,1334962.0,0.7941,0.0769,1.0,0.0135,18076.7792,False
C00259,Petrol Station,Nyanza,Champions,Core Small Outlets,9,33.0,375342.0,0.9643,0.2727,2.0,0.0481,18047.4919,False
C03382,Duka,Nyanza,Loyal,Core Small Outlets,17,79.0,2204225.0,0.8906,0.1139,0.0,0.0082,18034.2469,False
C00185,Duka,Nyanza,Loyal,Core Small Outlets,3,23.0,344777.0,1.2632,0.1739,1.0,0.0522,17998.3671,False
C03964,Duka,Rift Valley,Champions,Core Small Outlets,4,53.0,1157027.0,1.1707,0.1132,0.0,0.0155,17984.1594,False
C00291,Duka,Nairobi,Hibernating / Lost,Core Small Outlets,29,19.0,112738.0,0.6316,0.0,0.0,0.1591,17934.7252,False
C03074,Duka,Nairobi,Loyal,Core Small Outlets,24,35.0,362885.0,0.9,0.0571,1.0,0.0494,17923.3821,False
C03146,Supermarket,Nairobi,Champions,Key Accounts,7,51.0,3335667.0,2.3226,0.098,3.0,0.0054,17874.4969,False
C01766,HoReCa,Nairobi,Champions,Core Small Outlets,11,57.0,2558362.0,1.1591,0.0351,2.0,0.007,17861.6261,False
C03705,Wholesaler,Nyanza,Champions,Key Accounts,5,43.0,5691491.0,1.4062,0.0698,0.0,0.0031,17854.3819,False
C01617,Duka,Western,Needs Attention,Core Small Outlets,19,20.0,123070.0,1.0,0.15,0.0,0.145,17846.4551,False
C03944,Duka,Rift Valley,Hibernating / Lost,Core Small Outlets,43,16.0,145392.0,1.0,0.0625,0.0,0.1226,17831.5394,False
C01747,HoReCa,Western,Needs Attention,Core Small Outlets,16,19.0,532533.0,2.75,0.0526,1.0,0.0333,17736.8705,False
C03490,Duka,Nairobi,Promising / New,Core Small Outlets,7,24.0,194341.0,0.6522,0.25,1.0,0.0911,17711.4213,False
C03723,HoReCa,Nairobi,Champions,Core Small Outlets,10,35.0,1009741.0,1.1786,0.1143,0.0,0.0175,17680.7345,False
C00415,Duka,Coast,Needs Attention,Core Small Outlets,12,18.0,149388.0,0.6667,0.1667,1.0,0.1181,17647.2159,False
C03307,Duka,Coast,Champions,Core Small Outlets,8,37.0,445900.0,1.2414,0.1081,0.0,0.0395,17598.118,False
C02373,Duka,Nairobi,Champions,Core Small Outlets,4,72.0,1758456.0,0.931,0.125,1.0,0.01,17576.6305,False
C02704,Supermarket,Central,Champions,Key Accounts,3,84.0,8896926.0,1.125,0.0476,2.0,0.002,17550.0199,False
C02240,Petrol Station,Coast,Champions,Core Small Outlets,6,36.0,561897.0,1.1379,0.1944,1.0,0.0312,17529.3424,False
C01074,HoReCa,Nairobi,Champions,Core Small Outlets,7,42.0,1232073.0,0.8333,0.119,2.0,0.0141,17378.8846,False
C02792,Duka,Nairobi,Champions,Core Small Outlets,7,71.0,1729316.0,1.0909,0.0704,0.0,0.01,17368.4235,False
C00818,HoReCa,Rift Valley,Champions,Core Small Outlets,6,45.0,1380358.0,0.8684,0.0444,0.0,0.0125,17237.7832,False
C03921,Supermarket,Central,Champions,Key Accounts,8,65.0,6441858.0,1.3125,0.0615,2.0,0.0027,17232.732,False
C03670,Duka,Nairobi,Loyal,Core Small Outlets,17,31.0,369888.0,1.2,0.129,2.0,0.0465,17204.7228,False
C01325,Petrol Station,Coast,Champions,Core Small Outlets,3,48.0,943973.0,0.9,0.1875,4.0,0.0182,17196.3154,False
C03463,Duka,Western,Promising / New,Core Small Outlets,5,24.0,221730.0,0.8182,0.0417,0.0,0.0775,17173.8385,False
C00081,Duka,Nairobi,Hibernating / Lost,Core Small Outlets,37,13.0,52485.0,0.6429,0.2308,2.0,0.327,17160.0491,False
C00228,Petrol Station,Nairobi,Loyal,Core Small Outlets,6,29.0,555822.0,1.7143,0.1034,3.0,0.0308,17138.9986,False
C01803,Petrol Station,Nyanza,Needs Attention,Core Small Outlets,23,19.0,192769.0,0.6316,0.0,0.0,0.0888,17122.8533,False
C02052,Supermarket,Central,Champions,Key Accounts,8,40.0,2410413.0,1.2581,0.05,1.0,0.0071,17064.3391,False
C03888,HoReCa,Central,Champions,Core Small Outlets,3,101.0,6815501.0,1.1447,0.0891,3.0,0.0025,17058.5719,False
C00290,HoReCa,Central,Loyal,Core Small Outlets,3,22.0,561953.0,1.1053,0.1364,1.0,0.0304,17056.0619,False
C01179,Duka,Central,Needs Attention,Core Small Outlets,17,14.0,89188.0,0.375,0.1429,0.0,0.1905,16990.3939,False
C03158,Supermarket,Central,Champions,Key Accounts,9,52.0,4421036.0,1.6667,0.0769,0.0,0.0038,16962.8519,False
C00187,HoReCa,Nairobi,Champions,Core Small Outlets,3,30.0,769545.0,1.25,0.2333,0.0,0.0219,16888.6018,False
C00106,Duka,Central,Loyal,Core Small Outlets,19,53.0,806712.0,0.7174,0.1887,3.0,0.0209,16885.1205,False
C02227,Petrol Station,Central,Champions,Core Small Outlets,7,40.0,678905.0,1.0,0.15,1.0,0.0247,16780.0335,False
C01294,Duka,Coast,Champions,Core Small Outlets,7,41.0,669376.0,0.8571,0.1463,1.0,0.025,16761.376,False
C02253,HoReCa,Rift Valley,Champions,Core Small Outlets,9,43.0,1174438.0,0.7105,0.0465,0.0,0.0142,16658.4099,False
C01136,Duka,Nairobi,Champions,Core Small Outlets,3,52.0,849664.0,0.907,0.1346,2.0,0.0196,16646.539,False
C01043,Supermarket,Nyanza,Champions,Key Accounts,6,42.0,5375441.0,7.6154,0.2143,4.0,0.0031,16638.3754,False
C03000,HoReCa,Central,Loyal,Core Small Outlets,17,26.0,644168.0,1.7368,0.2692,1.0,0.0257,16573.4817,False
C03890,Supermarket,Rift Valley,Champions,Key Accounts,3,55.0,4051276.0,1.5385,0.1455,2.0,0.0041,16543.9501,False
C02810,Petrol Station,Rift Valley,Hibernating / Lost,Core Small Outlets,36,14.0,207821.0,3.0,0.0,0.0,0.0792,16453.7256,False
C01751,Duka,Nairobi,Champions,Core Small Outlets,4,31.0,326369.0,0.8889,0.1613,0.0,0.0504,16432.7693,False
C01472,Duka,Nairobi,Needs Attention,Core Small Outlets,12,25.0,160673.0,0.625,0.2,2.0,0.1021,16408.893,False
C00264,HoReCa,Coast,Champions,Core Small Outlets,3,37.0,1384194.0,2.125,0.0541,0.0,0.0118,16334.9246,False
C01204,Wholesaler,Central,Champions,Key Accounts,3,107.0,34923021.0,1.5616,0.0748,0.0,0.0005,16296.5786,False
C01908,Supermarket,Nairobi,Champions,Key Accounts,3,123.0,20780757.0,1.0105,0.1301,3.0,0.0008,16280.1442,False
C01922,Supermarket,Rift Valley,Loyal,Key Accounts,12,50.0,2742380.0,1.5,0.1,0.0,0.0059,16267.7386,False
C02077,Duka,Rift Valley,Promising / New,Core Small Outlets,9,24.0,210863.0,1.0,0.2083,1.0,0.0771,16254.1872,False
C02538,HoReCa,Rift Valley,Hibernating / Lost,Core Small Outlets,44,17.0,326371.0,1.5,0.1176,1.0,0.0497,16222.3011,False
C03646,HoReCa,Nairobi,Champions,Core Small Outlets,5,65.0,2928903.0,1.4043,0.1231,3.0,0.0055,16205.1948,False
C01235,Duka,Coast,Promising / New,Core Small Outlets,9,19.0,191297.0,1.0588,0.2632,2.0,0.0847,16193.8468,False
C00282,Duka,Central,Loyal,Core Small Outlets,8,30.0,365788.0,0.7778,0.2,0.0,0.0442,16184.0257,False
C02183,Duka,Coast,Loyal,Core Small Outlets,17,41.0,552779.0,1.3548,0.0976,0.0,0.0292,16157.8963,False
C00434,Petrol Station,Rift Valley,Promising / New,Core Small Outlets,5,16.0,243073.0,2.4545,0.1875,1.0,0.0663,16113.0784,False
C02890,Duka,Rift Valley,Champions,Core Small Outlets,8,60.0,1247459.0,1.0851,0.0833,1.0,0.0129,16101.3303,False
C00611,Petrol Station,Western,Hibernating / Lost,Core Small Outlets,53,10.0,113418.0,1.2,0.0,0.0,0.1418,16079.569,False
C03107,Duka,Nairobi,Needs Attention,Core Small Outlets,22,22.0,132581.0,0.7143,0.2273,3.0,0.1212,16065.6322,False
C03025,Duka,Central,Champions,Core Small Outlets,4,92.0,3198481.0,1.2353,0.1739,6.0,0.005,16049.5282,False
C00727,Petrol Station,Western,Loyal,Core Small Outlets,13,32.0,497105.0,1.1538,0.0312,0.0,0.0323,16036.4851,False
C00876,Supermarket,Nairobi,Loyal,Key Accounts,13,21.0,953390.0,2.3571,0.1905,0.0,0.0168,15977.4351,False
C00973,HoReCa,Central,Loyal,Core Small Outlets,14,30.0,746973.0,0.7778,0.1,0.0,0.0213,15935.9685,False
C03909,Duka,Nairobi,Needs Attention,Core Small Outlets,21,26.0,207887.0,0.75,0.1154,2.0,0.0765,15895.7121,False
C03165,Duka,Nyanza,Hibernating / Lost,Lapsed Small Outlets,76,15.0,58732.0,0.8,0.1333,0.0,0.2702,15867.1526,False
C00301,HoReCa,Western,Champions,Core Small Outlets,5,31.0,658032.0,1.2,0.1613,2.0,0.0241,15844.2201,False
C03848,Duka,Nairobi,Champions,Core Small Outlets,8,41.0,633453.0,1.0909,0.0976,2.0,0.025,15828.0504,False
C03539,Duka,Rift Valley,Champions,Core Small Outlets,4,47.0,655240.0,0.7317,0.1277,0.0,0.024,15750.1546,False
C00083,Supermarket,Nyanza,Champions,Key Accounts,6,112.0,16175136.0,0.8667,0.0982,4.0,0.001,15716.7682,False
C02833,Petrol Station,Western,Loyal,Core Small Outlets,13,34.0,641473.0,0.931,0.0882,1.0,0.0245,15685.2577,False
C01763,HoReCa,Central,Champions,Core Small Outlets,10,29.0,852078.0,1.3043,0.069,0.0,0.0184,15685.0663,False
C03922,HoReCa,Central,Champions,Key Accounts,5,108.0,10215889.0,1.0482,0.1852,6.0,0.0015,15670.4719,False
C03434,Duka,Western,Loyal,Core Small Outlets,14,21.0,261879.0,2.7692,0.0952,2.0,0.0598,15665.0769,False
C01951,Duka,Central,Hibernating / Lost,Core Small Outlets,38,14.0,60433.0,1.1538,0.0714,0.0,0.2591,15658.171,False
C03616,HoReCa,Rift Valley,Champions,Core Small Outlets,4,50.0,1820362.0,1.2632,0.06,1.0,0.0086,15586.6222,False
C00934,Petrol Station,Nyanza,Champions,Core Small Outlets,6,38.0,672857.0,1.0645,0.2105,3.0,0.0231,15576.1761,False
C01623,Duka,Central,Loyal,Core Small Outlets,13,51.0,832201.0,1.0244,0.0,0.0,0.0187,15575.0507,False
C00179,HoReCa,Central,Champions,Key Accounts,5,103.0,9752449.0,1.791,0.1942,6.0,0.0016,15574.4686,False
C02423,Duka,Nairobi,Champions,Core Small Outlets,8,31.0,295697.0,0.5,0.0968,3.0,0.0525,15521.3355,False
C03726,Petrol Station,Nairobi,Champions,Core Small Outlets,7,49.0,1025099.0,1.2973,0.0408,1.0,0.0151,15515.6503,False
C03287,HoReCa,Nyanza,Loyal,Core Small Outlets,10,25.0,614220.0,0.9545,0.12,0.0,0.0252,15489.7202,False
C03125,Petrol Station,Nairobi,Needs Attention,Core Small Outlets,26,8.0,131592.0,3.0,0.375,0.0,0.1176,15471.5291,False
C00021,Supermarket,Rift Valley,Champions,Key Accounts,6,44.0,2454847.0,1.5,0.0909,2.0,0.0063,15439.8265,False
C02162,Duka,Nairobi,Hibernating / Lost,Core Small Outlets,38,25.0,167983.0,0.9545,0.16,1.0,0.0916,15390.2577,False
C00209,Petrol Station,Western,Needs Attention,Core Small Outlets,15,17.0,220483.0,1.8462,0.0,0.0,0.0698,15379.0118,False
C01134,HoReCa,Rift Valley,Loyal,Core Small Outlets,3,27.0,593702.0,0.875,0.2222,1.0,0.0259,15361.3061,False
C01497,Duka,Rift Valley,Loyal,Core Small Outlets,14,34.0,405132.0,0.6774,0.1176,1.0,0.0379,15349.7421,False
C00958,Petrol Station,Central,Champions,Core Small Outlets,11,31.0,736284.0,1.7727,0.129,2.0,0.0208,15340.8767,False
C00891,Duka,Nairobi,Hibernating / Lost,Lapsed Small Outlets,60,13.0,57100.0,0.6429,0.1538,2.0,0.2684,15323.139,False
C03699,Petrol Station,Rift Valley,Loyal,Core Small Outlets,24,33.0,429844.0,0.7,0.0606,0.0,0.0355,15247.2543,False
C02848,Petrol Station,Nairobi,Champions,Core Small Outlets,8,30.0,500537.0,1.08,0.0667,3.0,0.0304,15200.0444,False
C01554,HoReCa,Central,Loyal,Core Small Outlets,15,24.0,768551.0,1.9412,0.0833,2.0,0.0198,15199.5779,False
C03400,HoReCa,Rift Valley,Needs Attention,Core Small Outlets,27,17.0,220693.0,0.9375,0.0,0.0,0.0688,15185.147,False
C00321,HoReCa,Nairobi,Promising / New,Core Small Outlets,5,19.0,293110.0,0.6316,0.2105,2.0,0.0518,15173.4695,False
C02825,Duka,Central,Loyal,Core Small Outlets,22,38.0,466926.0,1.3448,0.0526,0.0,0.0325,15164.3317,False
C02607,Duka,Nairobi,Promising / New,Core Small Outlets,10,12.0,62330.0,0.4286,0.1667,1.0,0.2432,15157.3151,False
C00015,Supermarket,Nairobi,Champions,Key Accounts,11,102.0,10088795.0,1.0253,0.049,4.0,0.0015,15148.6088,False
C03154,Duka,Coast,Champions,Core Small Outlets,7,45.0,720294.0,1.3235,0.1556,2.0,0.021,15136.7034,False
C00592,Supermarket,Nyanza,Champions,Key Accounts,5,65.0,5644489.0,1.4043,0.1692,1.0,0.0027,15094.695,False
C03794,Duka,Rift Valley,Champions,Core Small Outlets,8,74.0,1779705.0,0.8361,0.1351,2.0,0.0085,15062.5768,False
C03302,Duka,Coast,Champions,Core Small Outlets,4,36.0,398366.0,0.871,0.0833,0.0,0.0377,15035.3298,False
C00747,HoReCa,Central,Loyal,Core Small Outlets,15,21.0,445042.0,1.1667,0.1905,1.0,0.0338,15025.9949,False
C02339,Duka,Rift Valley,Hibernating / Lost,Core Small Outlets,40,14.0,102211.0,0.8571,0.0,1.0,0.1467,14995.8021,False
C03261,Duka,Nairobi,Needs Attention,Core Small Outlets,23,25.0,198712.0,0.9545,0.08,1.0,0.0753,14958.7383,False
C02826,HoReCa,Nyanza,Champions,Core Small Outlets,7,68.0,3386211.0,0.7895,0.1324,0.0,0.0044,14953.798,False
C00168,Duka,Western,Champions,Core Small Outlets,9,32.0,425813.0,0.8571,0.0625,2.0,0.0351,14935.8103,False
C00737,Duka,Nairobi,Needs Attention,Core Small Outlets,15,26.0,221337.0,0.913,0.1154,0.0,0.0674,14917.428,False
C03624,Petrol Station,Nairobi,Needs Attention,Core Small Outlets,21,23.0,236794.0,1.05,0.087,0.0,0.063,14912.248,False
C00368,Duka,Nyanza,Champions,Core Small Outlets,3,36.0,417882.0,0.4286,0.0556,0.0,0.0355,14841.5614,False
C02330,Duka,Rift Valley,Needs Attention,Core Small Outlets,28,9.0,63732.0,1.875,0.2222,0.0,0.2327,14830.3654,False
C03886,HoReCa,Nairobi,Champions,Core Small Outlets,6,78.0,4438138.0,1.3929,0.0641,1.0,0.0033,14788.3874,False
C00619,Duka,Nairobi,Needs Attention,Core Small Outlets,20,19.0,215274.0,1.3125,0.2105,1.0,0.0685,14756.5566,False
C02529,Duka,Central,Needs Attention,Core Small Outlets,16,22.0,228490.0,0.9,0.0909,0.0,0.0645,14741.2087,False
C01959,Duka,Nairobi,Champions,Core Small Outlets,11,32.0,430199.0,1.5,0.2188,2.0,0.0343,14739.3585,False
C03684,HoReCa,Nairobi,Champions,Core Small Outlets,7,20.0,1218131.0,9.0,0.2,2.0,0.0121,14734.1503,False
C01494,HoReCa,Nyanza,Loyal,Core Small Outlets,21,61.0,2464254.0,1.1489,0.1475,2.0,0.006,14720.3688,False
C02496,HoReCa,Coast,Loyal,Core Small Outlets,20,23.0,306822.0,1.05,0.0435,1.0,0.048,14712.1485,False
C01009,HoReCa,Central,Champions,Core Small Outlets,11,42.0,1305409.0,1.1818,0.119,1.0,0.0113,14703.074,False
C00852,Petrol Station,Nairobi,Champions,Core Small Outlets,10,60.0,1351520.0,1.0,0.1167,2.0,0.0108,14630.0953,False
C03468,HoReCa,Central,Loyal,Core Small Outlets,17,22.0,377203.0,1.3333,0.0455,1.0,0.0387,14594.3581,False
C03560,HoReCa,Central,At Risk,Core Small Outlets,29,19.0,306655.0,0.6316,0.0,0.0,0.0475,14573.1121,False
C03445,Duka,Nairobi,Champions,Core Small Outlets,6,81.0,2261828.0,0.75,0.037,0.0,0.0064,14564.1944,False
C01241,HoReCa,Western,Promising / New,Core Small Outlets,11,13.0,128786.0,0.9231,0.3077,1.0,0.113,14552.7411,False
C01366,Petrol Station,Coast,Champions,Core Small Outlets,4,55.0,1680460.0,0.9333,0.0364,0.0,0.0086,14507.3567,False
C01429,HoReCa,Western,Champions,Core Small Outlets,4,37.0,1341880.0,0.9677,0.0811,0.0,0.0108,14457.3176,False
C00576,Duka,Rift Valley,Promising / New,Core Small Outlets,7,27.0,212052.0,0.72,0.2222,5.0,0.068,14417.8465,False
C01279,Duka,Nairobi,Champions,Core Small Outlets,9,92.0,2886690.0,1.0,0.1196,1.0,0.005,14397.587,False
C03353,Duka,Nairobi,Champions,Core Small Outlets,5,31.0,573901.0,2.0,0.129,3.0,0.0251,14384.2031,False
C02768,Duka,Rift Valley,Loyal,Core Small Outlets,21,32.0,356847.0,0.7241,0.125,1.0,0.0403,14374.3252,False
C02074,Duka,Rift Valley,Champions,Core Small Outlets,3,53.0,921093.0,0.9767,0.1509,4.0,0.0156,14360.1671,False
C02190,HoReCa,Coast,Loyal,Core Small Outlets,5,26.0,459057.0,1.0909,0.0385,0.0,0.031,14239.4203,False
C02481,Supermarket,Nairobi,Loyal,Key Accounts,11,31.0,1496037.0,1.7727,0.0645,3.0,0.0095,14217.2973,False
C02480,Duka,Nairobi,Hibernating / Lost,Core Small Outlets,37,25.0,174473.0,0.9545,0.16,0.0,0.0813,14191.1722,False
C02518,Petrol Station,Nairobi,Loyal,Core Small Outlets,12,24.0,244760.0,0.6522,0.125,0.0,0.0578,14137.0603,False
C03541,Supermarket,Nyanza,Champions,Key Accounts,6,62.0,4124627.0,1.125,0.1129,1.0,0.0034,14117.5356,False
C01297,Duka,Western,Promising / New,Core Small Outlets,10,21.0,208222.0,0.75,0.0952,0.0,0.0676,14072.0204,False
C02938,Duka,Nyanza,Loyal,Core Small Outlets,7,28.0,261210.0,0.6923,0.1786,2.0,0.0538,14054.2765,False
C01603,Duka,Central,Champions,Core Small Outlets,10,47.0,814537.0,1.25,0.1277,2.0,0.0173,14053.6226,False
C01173,HoReCa,Rift Valley,Loyal,Core Small Outlets,4,20.0,461482.0,1.8,0.05,1.0,0.0304,14027.1859,False
C01391,Duka,Rift Valley,Champions,Core Small Outlets,3,48.0,838978.0,1.1053,0.0833,4.0,0.0167,14002.107,False
C03301,Duka,Central,Champions,Core Small Outlets,7,35.0,436908.0,0.5455,0.0286,0.0,0.032,13979.1466,False
C03183,Duka,Rift Valley,Loyal,Core Small Outlets,15,33.0,311737.0,1.1111,0.1515,0.0,0.0447,13929.4473,False
C00235,Supermarket,Central,Champions,Key Accounts,3,81.0,8256766.0,1.3966,0.1481,6.0,0.0017,13927.3657,False
C01087,Duka,Nairobi,Loyal,Core Small Outlets,8,26.0,249166.0,1.0909,0.0769,0.0,0.0557,13870.0727,False
C00796,HoReCa,Coast,Hibernating / Lost,Core Small Outlets,36,9.0,101355.0,0.9,0.1111,1.0,0.1368,13862.0012,False
C02301,Duka,Nairobi,Promising / New,Core Small Outlets,10,14.0,168344.0,2.4,0.1429,1.0,0.0822,13830.4525,False
C02719,Duka,Western,Champions,Core Small Outlets,3,54.0,824087.0,1.1429,0.2037,1.0,0.0168,13822.8712,False
C02132,Petrol Station,Nairobi,Champions,Core Small Outlets,4,85.0,3628363.0,1.1719,0.0471,1.0,0.0038,13780.0669,False
C00641,HoReCa,Western,Champions,Core Small Outlets,5,32.0,752207.0,1.0,0.1562,1.0,0.0183,13765.6334,False
C01900,Petrol Station,Nairobi,Champions,Core Small Outlets,3,34.0,628896.0,0.8,0.0882,0.0,0.0219,13757.0032,False
C03395,HoReCa,Nairobi,Champions,Core Small Outlets,5,47.0,2140402.0,1.1351,0.0638,1.0,0.0064,13748.0669,False
C03672,Duka,Central,Needs Attention,Core Small Outlets,26,23.0,144257.0,1.05,0.2174,2.0,0.0952,13729.2338,False
C01549,Duka,Nairobi,Loyal,Core Small Outlets,7,30.0,418403.0,1.25,0.2,1.0,0.0327,13687.4285,False
C01832,HoReCa,Nairobi,Loyal,Core Small Outlets,7,23.0,344349.0,0.8571,0.0435,0.0,0.0397,13673.6644,False
C02196,HoReCa,Western,Champions,Core Small Outlets,4,44.0,1346847.0,1.5,0.0682,1.0,0.0102,13672.882,False
C02000,HoReCa,Coast,Needs Attention,Core Small Outlets,22,17.0,220884.0,1.2,0.0588,0.0,0.0617,13626.6726,False
C02950,Petrol Station,Rift Valley,Hibernating / Lost,Core Small Outlets,44,9.0,55016.0,0.9,0.1111,1.0,0.2473,13603.419,False
C00328,Duka,Nairobi,Champions,Core Small Outlets,3,36.0,391929.0,0.5294,0.1667,2.0,0.0346,13569.0996,False
C01332,HoReCa,Central,Champions,Core Small Outlets,6,36.0,1324233.0,2.7143,0.1111,0.0,0.0102,13461.2418,False
C00851,Supermarket,Coast,Loyal,Core Small Outlets,3,21.0,584054.0,1.1667,0.0,0.0,0.0229,13360.9869,False
C03294,Petrol Station,Nairobi,Champions,Core Small Outlets,3,46.0,950892.0,1.1667,0.1522,2.0,0.014,13280.2069,False
C02381,Petrol Station,Western,Champions,Core Small Outlets,6,32.0,433233.0,1.5,0.125,0.0,0.0306,13274.2094,False
C01679,Duka,Rift Valley,Hibernating / Lost,Core Small Outlets,35,6.0,53607.0,1.2857,0.0,0.0,0.2463,13203.6883,False
C01857,Supermarket,Nairobi,Champions,Key Accounts,6,25.0,1260073.0,2.1176,0.04,0.0,0.0105,13190.3483,False
C01275,Petrol Station,Nyanza,Champions,Core Small Outlets,9,44.0,1068829.0,1.0,0.1818,0.0,0.0123,13184.8722,False
C02894,Petrol Station,Rift Valley,Loyal,Core Small Outlets,9,28.0,398554.0,1.0,0.2143,0.0,0.0329,13108.6095,False
C01624,Duka,Coast,Hibernating / Lost,Core Small Outlets,37,15.0,91419.0,1.0714,0.1333,1.0,0.1434,13106.1512,False
C03809,Duka,Nairobi,Needs Attention,Core Small Outlets,18,13.0,83300.0,0.6429,0.2308,1.0,0.1573,13105.1261,False
C02682,Duka,Rift Valley,Needs Attention,Core Small Outlets,12,28.0,232278.0,0.84,0.1429,0.0,0.0564,13105.0653,False
C03304,Duka,Nairobi,Hibernating / Lost,Lapsed Small Outlets,34,13.0,70962.0,0.4,0.0769,1.0,0.1846,13102.2795,False
C01816,HoReCa,Western,Needs Attention,Core Small Outlets,12,5.0,86087.0,1.5,0.2,0.0,0.1514,13031.5481,False
C02657,Duka,Western,Champions,Core Small Outlets,7,30.0,282305.0,1.4348,0.3,2.0,0.0461,13026.3097,False
C00626,HoReCa,Nairobi,Champions,Core Small Outlets,11,39.0,1081057.0,1.0312,0.1795,1.0,0.012,13025.7027,False
C00628,HoReCa,Central,Champions,Core Small Outlets,4,53.0,1756317.0,1.1707,0.1321,2.0,0.0074,13011.0916,False
C02971,Petrol Station,Nairobi,Champions,Core Small Outlets,4,37.0,677594.0,1.2414,0.1351,1.0,0.0192,12995.7117,False
C01555,Duka,Rift Valley,Champions,Core Small Outlets,10,31.0,359939.0,0.75,0.0968,1.0,0.036,12973.1508,False
C02767,Duka,Western,Champions,Core Small Outlets,6,104.0,3798100.0,1.5634,0.1442,6.0,0.0034,12954.5627,False
C02968,Petrol Station,Nairobi,Champions,Core Small Outlets,10,37.0,689018.0,1.3929,0.1081,1.0,0.0188,12923.3571,False
C01729,Duka,Nyanza,Champions,Core Small Outlets,8,40.0,515955.0,0.5676,0.15,1.0,0.025,12922.2859,False
C01011,HoReCa,Nyanza,Champions,Core Small Outlets,3,28.0,698419.0,0.84,0.0714,1.0,0.0184,12873.8457,False
C01006,Duka,Nyanza,Champions,Core Small Outlets,9,50.0,762460.0,0.6,0.02,0.0,0.0169,12868.1392,False
C01955,Duka,Nairobi,Loyal,Core Small Outlets,4,28.0,314308.0,1.0,0.1071,0.0,0.0409,12854.4489,False
C00293,Petrol Station,Western,Champions,Core Small Outlets,11,41.0,669204.0,0.8571,0.0732,0.0,0.0192,12840.6363,False
C01827,Supermarket,Nyanza,Champions,Key Accounts,5,113.0,16272664.0,1.0345,0.1062,5.0,0.0008,12821.8209,False
C03108,Duka,Rift Valley,Loyal,Core Small Outlets,13,48.0,913516.0,1.3333,0.0417,1.0,0.014,12780.9029,False
C02906,Duka,Central,Champions,Core Small Outlets,3,43.0,535876.0,0.9167,0.1395,0.0,0.0238,12753.1703,False
C00914,Duka,Rift Valley,Champions,Core Small Outlets,9,73.0,1578983.0,1.0526,0.0822,1.0,0.0081,12743.9605,False
C03020,Supermarket,Central,Loyal,Key Accounts,13,33.0,1699859.0,1.44,0.0303,0.0,0.0075,12723.1856,False
C01149,Duka,Nairobi,Needs Attention,Core Small Outlets,13,28.0,239859.0,0.84,0.0714,1.0,0.053,12718.3808,False
C00740,Duka,Western,Loyal,Core Small Outlets,6,29.0,260812.0,1.3043,0.2069,3.0,0.0487,12699.0195,False
C03780,Duka,Western,Champions,Core Small Outlets,5,49.0,687091.0,1.0769,0.1224,3.0,0.0184,12674.5782,False
C02552,Supermarket,Nyanza,Champions,Key Accounts,4,94.0,9493134.0,1.2609,0.1064,4.0,0.0013,12628.5978,False
C03265,Duka,Nairobi,Needs Attention,Core Small Outlets,17,25.0,163592.0,0.625,0.04,1.0,0.0771,12605.6301,False
C00315,HoReCa,Rift Valley,Champions,Core Small Outlets,4,46.0,1207373.0,0.75,0.0652,1.0,0.0104,12563.2129,False
C02509,Duka,Coast,Champions,Core Small Outlets,8,33.0,337443.0,0.8276,0.1212,2.0,0.0371,12532.468,False
C01135,Petrol Station,Rift Valley,Loyal,Core Small Outlets,16,27.0,375777.0,1.2273,0.037,2.0,0.0333,12502.0009,False
C02174,HoReCa,Rift Valley,Champions,Core Small Outlets,3,123.0,9809563.0,0.8878,0.1463,3.0,0.0013,12404.0182,False
C03234,Duka,Rift Valley,Promising / New,Core Small Outlets,3,20.0,129915.0,0.7895,0.3,1.0,0.0954,12394.7817,False
C00394,Duka,Nairobi,Loyal,Core Small Outlets,13,43.0,479564.0,0.9167,0.1628,2.0,0.0257,12309.0897,False
C03363,HoReCa,Western,Promising / New,Core Small Outlets,3,15.0,219158.0,0.8,0.0,0.0,0.056,12275.4849,False
C03387,Petrol Station,Nairobi,Loyal,Core Small Outlets,10,21.0,347712.0,1.6875,0.0476,0.0,0.0352,12223.7837,False
C00683,HoReCa,Central,Champions,Core Small Outlets,10,46.0,1478462.0,1.1667,0.2391,2.0,0.0083,12222.7368,False
C03837,Duka,Nairobi,Champions,Core Small Outlets,5,65.0,1527523.0,1.0588,0.2154,5.0,0.008,12186.9748,False
C02991,Duka,Nairobi,Loyal,Core Small Outlets,12,26.0,309603.0,0.913,0.0385,0.0,0.0393,12167.8036,False
C00600,Duka,Rift Valley,Champions,Core Small Outlets,7,36.0,481871.0,1.0,0.0556,0.0,0.0252,12161.1452,False
C01556,Duka,Nairobi,Hibernating / Lost,Core Small Outlets,35,17.0,109550.0,1.2,0.1765,3.0,0.1107,12125.4843,False
C03159,Duka,Nairobi,Promising / New,Core Small Outlets,6,23.0,184118.0,0.6818,0.087,2.0,0.0657,12094.9598,False
C01025,Duka,Nairobi,Loyal,Core Small Outlets,9,30.0,330540.0,0.6429,0.1667,2.0,0.0364,12027.5516,False
C01579,Duka,Rift Valley,Needs Attention,Core Small Outlets,15,28.0,203933.0,0.5556,0.0357,0.0,0.059,12022.8972,False
C02471,Duka,Coast,Champions,Core Small Outlets,5,51.0,874395.0,1.3421,0.1176,5.0,0.0137,12000.6328,False
C03574,Petrol Station,Nyanza,Loyal,Core Small Outlets,12,28.0,296253.0,0.6923,0.1071,1.0,0.0404,11975.2455,False
C01936,Duka,Central,Promising / New,Core Small Outlets,5,19.0,172248.0,1.0588,0.1053,3.0,0.0695,11962.6968,False
C00100,Supermarket,Nyanza,Champions,Key Accounts,5,57.0,3613405.0,1.0667,0.1053,1.0,0.0033,11960.0472,False
C01957,Duka,Western,Loyal,Core Small Outlets,19,32.0,275532.0,1.0,0.1562,2.0,0.0434,11959.5098,False
C01516,Duka,Rift Valley,Hibernating / Lost,Core Small Outlets,45,23.0,159615.0,1.05,0.087,0.0,0.0747,11927.2159,False
C03299,Supermarket,Nyanza,Champions,Key Accounts,3,43.0,2093016.0,1.0286,0.093,0.0,0.0057,11876.2781,False
C03452,HoReCa,Nairobi,Champions,Core Small Outlets,6,36.0,1098115.0,1.2857,0.1111,1.0,0.0108,11828.1791,False
C02904,Duka,Nyanza,Loyal,Core Small Outlets,11,46.0,377877.0,0.9474,0.2391,5.0,0.0313,11821.1583,False
C01016,Supermarket,Nairobi,Champions,Key Accounts,5,21.0,1878946.0,7.7143,0.1429,1.0,0.0063,11803.4056,False
C02334,Petrol Station,Nyanza,Champions,Core Small Outlets,5,34.0,632269.0,1.0714,0.1765,1.0,0.0187,11802.4865,False
C02065,HoReCa,Nyanza,Loyal,Core Small Outlets,15,48.0,2022350.0,1.2162,0.125,0.0,0.0058,11778.8618,False
C00424,HoReCa,Rift Valley,Needs Attention,Core Small Outlets,15,11.0,289941.0,4.5,0.1818,2.0,0.0405,11741.8374,False
C01768,Duka,Coast,Needs Attention,Core Small Outlets,17,23.0,186726.0,1.05,0.1739,1.0,0.0629,11738.4217,False
C02655,Duka,Nairobi,Champions,Core Small Outlets,4,42.0,644034.0,0.9429,0.0952,1.0,0.0182,11717.9641,False
C01793,Duka,Rift Valley,Loyal,Core Small Outlets,8,26.0,258814.0,0.913,0.0385,0.0,0.0453,11716.7253,False
C02948,Duka,Central,Needs Attention,Core Small Outlets,11,18.0,139898.0,0.6667,0.0556,0.0,0.0837,11714.9789,False
C02899,Duka,Nairobi,Champions,Core Small Outlets,8,43.0,543286.0,0.8108,0.1163,0.0,0.0215,11682.7389,False
C02021,Petrol Station,Rift Valley,Promising / New,Core Small Outlets,4,13.0,150276.0,0.6429,0.1538,0.0,0.0776,11655.9083,False
C01051,Duka,Nyanza,Champions,Core Small Outlets,11,34.0,397500.0,1.3846,0.2647,5.0,0.0293,11646.5195,False
C01572,Petrol Station,Nyanza,Needs Attention,Core Small Outlets,17,18.0,156841.0,0.6667,0.3333,1.0,0.0741,11617.0567,False
C01989,Duka,Nairobi,Promising / New,Core Small Outlets,6,20.0,153402.0,0.6,0.0,0.0,0.0757,11613.8464,False
C00351,Duka,Nairobi,Hibernating / Lost,Lapsed Small Outlets,66,5.0,23295.0,1.5,0.2,0.0,0.4975,11588.561,False
C03990,Duka,Nairobi,Hibernating / Lost,Core Small Outlets,46,16.0,112164.0,1.6154,0.125,1.0,0.1031,11565.9121,False
C01167,Duka,Rift Valley,Champions,Core Small Outlets,8,33.0,428597.0,1.2692,0.1212,2.0,0.027,11565.2968,False
C02902,Duka,Nyanza,Loyal,Core Small Outlets,13,33.0,327916.0,1.44,0.1212,3.0,0.0352,11546.7404,False
C03927,Duka,Central,Champions,Core Small Outlets,6,39.0,541961.0,1.0312,0.1795,1.0,0.0211,11428.4379,False
C03052,Petrol Station,Nyanza,Loyal,Core Small Outlets,13,38.0,766985.0,0.9375,0.0526,1.0,0.0149,11426.6158,False
C00060,HoReCa,Nyanza,Champions,Core Small Outlets,6,37.0,829708.0,0.8438,0.1081,2.0,0.0138,11420.3917,False
C03960,Duka,Nairobi,Loyal,Core Small Outlets,22,31.0,256622.0,0.5,0.0645,0.0,0.0444,11384.5039,False
C00267,Supermarket,Coast,Champions,Key Accounts,3,169.0,29650868.0,0.5306,0.0592,1.0,0.0004,11372.698,False
C03729,Duka,Nairobi,Promising / New,Core Small Outlets,7,18.0,107611.0,0.4737,0.2222,2.0,0.1052,11316.8673,False
C00383,Duka,Nairobi,Champions,Core Small Outlets,7,31.0,248246.0,0.75,0.129,1.0,0.0454,11270.4771,False
C02688,HoReCa,Western,Champions,Core Small Outlets,6,32.0,620802.0,1.1538,0.125,1.0,0.0181,11266.9957,False
C02701,Petrol Station,Nairobi,Loyal,Core Small Outlets,17,23.0,305250.0,0.8571,0.0435,0.0,0.0367,11215.2239,False
C00530,Petrol Station,Coast,Loyal,Core Small Outlets,12,26.0,248515.0,1.2857,0.2308,1.0,0.0449,11168.7983,False
C00504,Duka,Nyanza,Needs Attention,Core Small Outlets,20,25.0,212245.0,0.9545,0.2,1.0,0.0526,11165.993,False
C03900,Supermarket,Nyanza,Champions,Key Accounts,5,86.0,8731038.0,1.2188,0.1163,1.0,0.0013,11146.9538,False
C01551,Duka,Central,Promising / New,Core Small Outlets,5,19.0,133244.0,0.45,0.0526,0.0,0.0836,11132.974,False
C03240,Supermarket,Western,Champions,Key Accounts,7,31.0,1501950.0,1.5652,0.0968,0.0,0.0074,11117.9838,False
C01655,Duka,Nairobi,Champions,Core Small Outlets,5,42.0,750923.0,1.0588,0.1429,4.0,0.0148,11111.4723,False
C00712,Petrol Station,Central,Loyal,Core Small Outlets,7,23.0,304961.0,1.05,0.1739,0.0,0.0363,11059.0359,False
C02206,Duka,Nairobi,Champions,Core Small Outlets,10,36.0,305215.0,0.6364,0.0833,0.0,0.036,10987.8174,False
C00233,HoReCa,Rift Valley,Champions,Key Accounts,6,138.0,13627790.0,0.8036,0.1739,5.0,0.0008,10977.0159,False
C01113,Supermarket,Nairobi,Champions,Key Accounts,3,104.0,13508744.0,1.2632,0.0865,3.0,0.0008,10957.0764,False
C00266,Duka,Nairobi,Loyal,Core Small Outlets,15,30.0,424858.0,1.25,0.0667,0.0,0.0258,10944.1035,False
C02619,Duka,Rift Valley,Loyal,Core Small Outlets,4,24.0,397045.0,2.25,0.0417,0.0,0.0275,10926.5173,False
C00068,Duka,Western,Loyal,Core Small Outlets,12,31.0,264673.0,1.2,0.1613,0.0,0.0412,10915.5438,False
C00341,Petrol Station,Rift Valley,Loyal,Core Small Outlets,17,36.0,895710.0,2.0,0.0,0.0,0.0121,10861.5713,False
C02884,Supermarket,Nairobi,Champions,Key Accounts,3,120.0,19057844.0,1.3765,0.15,1.0,0.0006,10843.571,False
C00034,Wholesaler,Rift Valley,Loyal,Key Accounts,4,17.0,1571224.0,3.3,0.1176,3.0,0.0069,10840.8263,False
C03497,Petrol Station,Nairobi,Promising / New,Core Small Outlets,3,21.0,188290.0,0.75,0.0,0.0,0.0574,10803.1127,False
C01028,Duka,Nyanza,Champions,Core Small Outlets,5,75.0,1958683.0,1.0169,0.04,0.0,0.0055,10772.603,False
C01069,Duka,Rift Valley,Hibernating / Lost,Core Small Outlets,35,17.0,110909.0,1.2,0.1765,1.0,0.0968,10740.5317,False
C03433,Duka,Coast,Needs Attention,Core Small Outlets,17,10.0,57148.0,0.8182,0.1,1.0,0.1878,10734.0396,False
C03079,Duka,Rift Valley,Champions,Core Small Outlets,8,41.0,470414.0,0.75,0.1707,1.0,0.0228,10729.7617,False
C01654,Petrol Station,Rift Valley,Champions,Core Small Outlets,3,55.0,1314043.0,1.1163,0.1091,2.0,0.0082,10726.929,False
C01705,Petrol Station,Rift Valley,Loyal,Core Small Outlets,3,23.0,442284.0,1.7647,0.087,0.0,0.0241,10663.6758,False
C01782,Duka,Nairobi,Hibernating / Lost,Core Small Outlets,29,30.0,217576.0,0.7778,0.0667,0.0,0.049,10656.8238,False
C03333,Duka,Coast,Loyal,Core Small Outlets,16,31.0,320989.0,1.375,0.1935,4.0,0.0331,10633.0605,False
C01611,Petrol Station,Coast,Loyal,Core Small Outlets,12,44.0,755943.0,1.0,0.0909,0.0,0.0141,10630.847,False
C03617,Duka,Rift Valley,Promising / New,Core Small Outlets,4,18.0,158584.0,0.6667,0.1111,0.0,0.0668,10595.2986,False
C02078,Supermarket,Rift Valley,Champions,Key Accounts,4,158.0,34129381.0,1.1186,0.0633,5.0,0.0003,10588.0244,False
C00409,Duka,Central,Promising / New,Core Small Outlets,5,14.0,150671.0,1.9091,0.2143,2.0,0.0702,10570.5136,False
C01644,Duka,Nairobi,Hibernating / Lost,Core Small Outlets,40,13.0,92672.0,1.25,0.0769,1.0,0.1137,10536.5265,False
C00257,Duka,Central,Promising / New,Core Small Outlets,11,22.0,169957.0,1.1053,0.2727,1.0,0.0617,10483.653,False
C02811,Duka,Rift Valley,Champions,Core Small Outlets,3,54.0,913157.0,0.8667,0.1111,1.0,0.0115,10467.2727,False
C02279,Petrol Station,Nairobi,Loyal,Core Small Outlets,11,25.0,297238.0,0.7826,0.08,1.0,0.0351,10436.2005,False
C00790,Supermarket,Nyanza,Champions,Key Accounts,3,103.0,14104681.0,1.1154,0.0874,1.0,0.0007,10415.5612,False
C01517,Duka,Nairobi,Promising / New,Core Small Outlets,3,24.0,229336.0,0.8182,0.125,2.0,0.0454,10410.0178,False
C00408,HoReCa,Central,Champions,Core Small Outlets,5,31.0,711923.0,1.0385,0.0323,0.0,0.0146,10373.3908,False
C03515,HoReCa,Central,Needs Attention,Core Small Outlets,14,14.0,253358.0,1.1538,0.1429,1.0,0.0407,10320.0287,False
C01526,Wholesaler,Rift Valley,Loyal,Key Accounts,11,17.0,903731.0,1.2,0.0,1.0,0.0114,10301.3399,False
C01213,Supermarket,Central,Champions,Key Accounts,7,26.0,858986.0,0.75,0.0385,0.0,0.012,10269.7034,False
C00306,Duka,Western,Loyal,Core Small Outlets,13,42.0,609956.0,1.0588,0.2143,1.0,0.0168,10250.0213,False
C00966,HoReCa,Central,Loyal,Core Small Outlets,12,21.0,336840.0,1.4118,0.2381,1.0,0.0304,10227.74,False
C03945,HoReCa,Western,Champions,Core Small Outlets,5,35.0,1152466.0,1.1786,0.0,0.0,0.0089,10212.4282,False
C01199,Duka,Nyanza,Loyal,Core Small Outlets,14,35.0,453568.0,0.9,0.0571,1.0,0.0224,10173.9606,False
C00638,HoReCa,Central,Loyal,Core Small Outlets,10,24.0,381952.0,1.2,0.25,1.0,0.0266,10158.4649,False
C02080,Duka,Central,Hibernating / Lost,Core Small Outlets,41,16.0,89764.0,1.0,0.1875,1.0,0.1131,10149.7892,False
C00446,Duka,Central,Loyal,Core Small Outlets,20,47.0,775025.0,1.25,0.1702,2.0,0.0131,10146.0517,False
C01934,Supermarket,Central,Champions,Key Accounts,4,40.0,2524472.0,1.5517,0.05,2.0,0.004,10141.0032,False
C03451,HoReCa,Nairobi,Champions,Core Small Outlets,6,28.0,706954.0,1.0,0.0357,0.0,0.0143,10128.0031,False
C01712,Duka,Central,Hibernating / Lost,Core Small Outlets,43,20.0,148313.0,1.2353,0.05,0.0,0.0682,10112.4644,False
C02377,Duka,Rift Valley,Loyal,Core Small Outlets,3,28.0,305947.0,0.84,0.1429,1.0,0.033,10110.7656,False
C03744,Duka,Nairobi,Champions,Core Small Outlets,9,40.0,572584.0,1.8889,0.2,5.0,0.0176,10085.9399,False
C03571,HoReCa,Nyanza,Champions,Core Small Outlets,3,43.0,1290211.0,1.8621,0.1628,2.0,0.0078,10076.1774,False
C03127,Duka,Coast,Champions,Core Small Outlets,5,32.0,361768.0,1.32,0.0625,3.0,0.0276,9995.5979,False
C02754,Duka,Rift Valley,Loyal,Core Small Outlets,14,37.0,409076.0,0.9677,0.0811,1.0,0.0244,9962.0347,False
C00453,Duka,Central,Hibernating / Lost,Core Small Outlets,46,13.0,103365.0,1.25,0.1538,1.0,0.0963,9948.9914,False
C03412,Duka,Nyanza,Champions,Core Small Outlets,10,39.0,582187.0,0.7941,0.2051,0.0,0.0171,9935.4593,False
C03066,HoReCa,Nairobi,Champions,Core Small Outlets,10,29.0,659847.0,1.3043,0.0345,0.0,0.015,9912.4622,False
C03905,Duka,Nairobi,Promising / New,Core Small Outlets,7,19.0,117709.0,0.6316,0.1053,0.0,0.084,9883.923,False
C03443,Duka,Nyanza,Loyal,Core Small Outlets,5,29.0,405591.0,0.8077,0.069,2.0,0.0243,9853.2176,False
C00590,Duka,Rift Valley,Promising / New,Core Small Outlets,7,20.0,149583.0,1.0,0.2,2.0,0.0659,9852.711,False
C03935,Duka,Nairobi,Promising / New,Core Small Outlets,10,18.0,136283.0,0.8824,0.1667,1.0,0.0721,9821.4871,False
C02029,HoReCa,Nairobi,Champions,Core Small Outlets,4,29.0,686569.0,0.8077,0.069,1.0,0.0143,9812.215,False
C01182,HoReCa,Western,Hibernating / Lost,Core Small Outlets,36,5.0,62805.0,2.4,0.0,0.0,0.1554,9762.7145,False
C01266,Duka,Nyanza,Champions,Core Small Outlets,4,39.0,420793.0,0.6857,0.2308,2.0,0.0231,9721.2404,False
C02456,HoReCa,Nyanza,Hibernating / Lost,Core Small Outlets,34,14.0,177797.0,1.1538,0.0714,0.0,0.0544,9663.8916,False
C02392,Supermarket,Nyanza,Champions,Key Accounts,7,133.0,20954722.0,1.0693,0.1729,4.0,0.0005,9647.3593,False
C02185,Duka,Rift Valley,Champions,Core Small Outlets,4,49.0,646241.0,1.4167,0.0816,2.0,0.0149,9627.6571,False
C03430,Supermarket,Western,Loyal,Key Accounts,11,173.0,42588826.0,0.9925,0.104,6.0,0.0002,9615.3277,False
C01875,Duka,Coast,Hibernating / Lost,Core Small Outlets,39,15.0,182788.0,2.1818,0.0667,0.0,0.0525,9601.347,False
C02534,Duka,Nairobi,Needs Attention,Core Small Outlets,22,15.0,118803.0,1.0714,0.2,0.0,0.0806,9576.809,False
C01722,HoReCa,Central,Champions,Core Small Outlets,7,79.0,4682641.0,1.0161,0.1392,1.0,0.002,9545.6524,False
C00672,HoReCa,Central,Loyal,Core Small Outlets,15,31.0,717429.0,1.2,0.1613,2.0,0.0133,9545.1795,False
C02177,HoReCa,Nairobi,Champions,Core Small Outlets,6,38.0,963003.0,1.2,0.1053,2.0,0.0099,9530.8335,False
C00037,Supermarket,Nairobi,Champions,Key Accounts,7,31.0,3677841.0,7.5,0.0968,0.0,0.0026,9460.7324,False
C02110,HoReCa,Central,Needs Attention,Core Small Outlets,16,14.0,187013.0,1.1538,0.0714,2.0,0.0504,9418.4856,False
C02362,HoReCa,Nairobi,Promising / New,Core Small Outlets,9,13.0,516761.0,4.2857,0.1538,0.0,0.0182,9416.9287,False
C02756,Duka,Nairobi,Champions,Core Small Outlets,4,108.0,4136996.0,0.7753,0.037,1.0,0.0023,9382.5143,False
C02182,Duka,Nairobi,Loyal,Core Small Outlets,3,29.0,394699.0,0.96,0.1034,2.0,0.0237,9371.8709,False
C02414,Duka,Western,Champions,Core Small Outlets,9,30.0,276721.0,1.6364,0.2,0.0,0.0338,9366.2777,False
C00795,Petrol Station,Nairobi,Champions,Core Small Outlets,5,46.0,1148683.0,1.1667,0.0652,2.0,0.0081,9349.5716,False
C00688,Duka,Nairobi,Champions,Core Small Outlets,5,51.0,882112.0,1.125,0.1373,2.0,0.0106,9317.4942,False
C02930,Duka,Nairobi,Champions,Core Small Outlets,9,41.0,498555.0,0.8571,0.1463,1.0,0.0186,9274.016,False
C01169,Duka,Coast,Needs Attention,Core Small Outlets,16,8.0,31259.0,1.0,0.25,1.0,0.2963,9262.4241,False
C00986,HoReCa,Western,Loyal,Core Small Outlets,12,33.0,682576.0,1.1111,0.0909,1.0,0.0136,9258.5206,False
C00471,Duka,Nairobi,Champions,Core Small Outlets,3,45.0,733343.0,0.973,0.0889,0.0,0.0126,9253.7887,False
C00052,Duka,Nairobi,Loyal,Core Small Outlets,14,44.0,531885.0,1.0,0.0455,1.0,0.0174,9236.9736,False
C00863,Duka,Western,Champions,Core Small Outlets,7,44.0,601068.0,1.1143,0.1136,3.0,0.0154,9228.9903,False
C03044,Petrol Station,Western,Needs Attention,Core Small Outlets,12,17.0,141213.0,1.2,0.2353,2.0,0.0653,9220.4033,False
C02179,Duka,Nairobi,Champions,Core Small Outlets,8,33.0,389710.0,1.2692,0.1818,3.0,0.0236,9210.0215,False
C03766,Duka,Rift Valley,Promising / New,Core Small Outlets,6,25.0,229842.0,1.1429,0.12,0.0,0.0401,9206.9562,False
C01359,HoReCa,Nairobi,Needs Attention,Core Small Outlets,16,13.0,312707.0,2.6667,0.2308,0.0,0.0294,9197.6359,False
C03962,HoReCa,Western,Loyal,Core Small Outlets,5,26.0,600229.0,0.913,0.0385,0.0,0.0153,9195.9775,False
C00027,Duka,Nyanza,Promising / New,Core Small Outlets,7,19.0,247666.0,1.0588,0.0526,0.0,0.037,9162.8384,False
C00675,Duka,Rift Valley,Needs Attention,Core Small Outlets,21,20.0,156705.0,1.0,0.05,1.0,0.0584,9152.2157,False
C01872,HoReCa,Nairobi,Loyal,Core Small Outlets,13,22.0,445754.0,1.1053,0.0,0.0,0.0205,9149.1419,False
C02169,Duka,Nairobi,Promising / New,Core Small Outlets,6,5.0,23141.0,0.8571,0.4,0.0,0.3942,9121.2703,False
C01305,Petrol Station,Nyanza,Loyal,Core Small Outlets,13,26.0,327427.0,1.0909,0.0769,1.0,0.0279,9119.1438,False
C02027,Duka,Nyanza,Champions,Core Small Outlets,4,34.0,402572.0,0.931,0.0294,0.0,0.0226,9103.4908,False
C03532,Duka,Nairobi,Champions,Core Small Outlets,6,55.0,834478.0,1.2143,0.1091,2.0,0.0109,9072.0985,False
C00160,HoReCa,Nyanza,Loyal,Core Small Outlets,13,35.0,801234.0,1.0345,0.1143,2.0,0.0113,9030.6999,False
C03377,Duka,Nyanza,Champions,Core Small Outlets,6,65.0,1555390.0,0.9808,0.0615,1.0,0.0058,9016.3756,False
C02554,Duka,Nairobi,Promising / New,Core Small Outlets,3,26.0,204888.0,0.75,0.1538,0.0,0.044,9010.2359,False
C02140,Duka,Central,Loyal,Core Small Outlets,24,24.0,282980.0,1.6667,0.125,1.0,0.0318,8993.2544,False
C01756,Duka,Central,At Risk,Core Small Outlets,38,27.0,290079.0,1.4286,0.0741,1.0,0.031,8979.1107,False
C03613,Duka,Nairobi,Hibernating / Lost,Core Small Outlets,40,9.0,56899.0,1.3333,0.1111,0.0,0.1578,8977.9198,False
C02308,Duka,Nairobi,Needs Attention,Core Small Outlets,16,24.0,232773.0,1.0,0.125,4.0,0.0385,8953.6045,False
C01264,Duka,Coast,Hibernating / Lost,Lapsed Small Outlets,68,7.0,19096.0,1.125,0.1429,1.0,0.4681,8938.8821,False
C03749,Duka,Rift Valley,Promising / New,Core Small Outlets,5,15.0,194521.0,2.7,0.2,1.0,0.046,8938.2466,False
C03580,Duka,Rift Valley,Promising / New,Core Small Outlets,4,15.0,77081.0,0.8,0.1333,0.0,0.1158,8926.3508,False
C03983,Duka,Nairobi,Needs Attention,Core Small Outlets,20,21.0,153877.0,0.75,0.0,0.0,0.058,8920.0726,False
C03525,Duka,Nyanza,Promising / New,Core Small Outlets,3,23.0,176164.0,0.8571,0.1739,3.0,0.0506,8917.6769,False
C02303,Supermarket,Central,Champions,Key Accounts,10,27.0,1026261.0,1.8947,0.0741,2.0,0.0087,8903.6193,False
C01939,HoReCa,Nairobi,Champions,Core Small Outlets,4,37.0,821149.0,0.9677,0.027,0.0,0.0108,8902.7285,False
C03885,HoReCa,Central,Loyal,Core Small Outlets,5,19.0,543426.0,2.3077,0.0,1.0,0.0163,8862.2071,False
C02953,HoReCa,Nairobi,Champions,Core Small Outlets,6,107.0,7455473.0,1.1111,0.1402,3.0,0.0012,8852.6042,False
C02197,Duka,Western,Champions,Core Small Outlets,3,68.0,1251400.0,1.2353,0.1324,6.0,0.007,8807.7706,False
C00632,Supermarket,Nairobi,Champions,Key Accounts,3,144.0,26302631.0,1.0,0.1597,3.0,0.0003,8785.1736,False
C01854,Duka,Nairobi,Champions,Core Small Outlets,3,33.0,471066.0,1.2692,0.1212,1.0,0.0185,8717.1674,False
C03623,HoReCa,Nairobi,Champions,Core Small Outlets,9,34.0,720376.0,1.0714,0.0294,0.0,0.012,8654.2974,False
C02517,Duka,Nyanza,Promising / New,Core Small Outlets,6,26.0,204078.0,0.6,0.0385,0.0,0.0424,8643.6821,False
C01799,Duka,Nairobi,Champions,Core Small Outlets,11,47.0,631451.0,1.1351,0.1489,0.0,0.0137,8621.9741,False
C03566,Duka,Western,Loyal,Core Small Outlets,21,31.0,257557.0,0.75,0.1613,1.0,0.0335,8620.8927,False
C01876,Duka,Coast,Needs Attention,Core Small Outlets,13,22.0,216189.0,1.3333,0.0455,0.0,0.0399,8620.2813,False
C03881,Duka,Nairobi,Needs Attention,Core Small Outlets,11,18.0,117629.0,0.6667,0.1667,0.0,0.0732,8607.8554,False
C02989,HoReCa,Central,Loyal,Core Small Outlets,19,36.0,1036852.0,1.4444,0.1389,1.0,0.0083,8557.7329,False
C00385,Duka,Western,Loyal,Core Small Outlets,8,30.0,414073.0,1.25,0.1667,0.0,0.0207,8556.574,False
C03882,Duka,Nyanza,Champions,Core Small Outlets,6,46.0,728653.0,1.4118,0.0435,0.0,0.0117,8502.5248,False
C01750,Duka,Nairobi,Loyal,Core Small Outlets,8,30.0,318981.0,0.7778,0.0333,0.0,0.0266,8493.3128,False
C02804,Duka,Nyanza,Champions,Core Small Outlets,5,51.0,735952.0,0.75,0.0784,1.0,0.0115,8487.4676,False
C00288,Petrol Station,Nairobi,Loyal,Core Small Outlets,5,25.0,282819.0,1.35,0.4,1.0,0.03,8472.9301,False
C00309,Duka,Nyanza,Loyal,Core Small Outlets,9,28.0,391106.0,1.8,0.1786,2.0,0.0217,8471.3355,False
C01394,Duka,Nairobi,Hibernating / Lost,Core Small Outlets,29,17.0,104546.0,1.5,0.2353,0.0,0.081,8463.048,False
C01476,Duka,Western,Champions,Core Small Outlets,8,39.0,406278.0,1.1613,0.2564,6.0,0.0208,8439.2583,False
C03860,Petrol Station,Nairobi,Champions,Core Small Outlets,3,34.0,537578.0,1.56,0.1471,1.0,0.0157,8430.5414,False
C03185,Petrol Station,Nyanza,Hibernating / Lost,Core Small Outlets,36,20.0,120036.0,0.7895,0.2,1.0,0.0702,8427.3082,False
C02790,Duka,Western,Champions,Core Small Outlets,4,113.0,4612049.0,0.9438,0.1239,9.0,0.0018,8408.7802,False
C00370,Duka,Western,Promising / New,Core Small Outlets,3,17.0,147249.0,0.7059,0.0,0.0,0.0571,8408.2177,False
C02769,Duka,Coast,Champions,Core Small Outlets,10,38.0,476746.0,1.6667,0.1316,2.0,0.0175,8341.6095,False
C02840,Petrol Station,Coast,Hibernating / Lost,Core Small Outlets,38,20.0,208668.0,1.2353,0.05,1.0,0.0399,8332.5908,False
C01694,Duka,Nyanza,Needs Attention,Core Small Outlets,20,25.0,172715.0,0.625,0.08,1.0,0.0482,8332.1524,False
C00779,HoReCa,Nyanza,Champions,Core Small Outlets,4,30.0,694521.0,1.4348,0.0333,0.0,0.012,8326.655,False
C03884,HoReCa,Rift Valley,Champions,Core Small Outlets,4,36.0,942716.0,1.1379,0.0556,0.0,0.0088,8324.6327,False
C01080,Duka,Nyanza,Champions,Core Small Outlets,4,37.0,331498.0,0.6176,0.0541,1.0,0.0251,8323.5361,False
C00108,HoReCa,Western,Champions,Core Small Outlets,4,45.0,1444561.0,1.3235,0.1333,1.0,0.0058,8321.9931,False
C02378,HoReCa,Coast,Loyal,Core Small Outlets,4,18.0,1009868.0,10.2,0.1111,1.0,0.0082,8272.2687,False
C00366,Duka,Nairobi,Loyal,Core Small Outlets,7,29.0,265295.0,0.8077,0.1379,1.0,0.0311,8261.2299,False
C02601,Duka,Rift Valley,Hibernating / Lost,Lapsed Small Outlets,60,12.0,44645.0,0.6923,0.0,0.0,0.185,8258.3794,False
C03873,Duka,Western,Needs Attention,Core Small Outlets,25,18.0,149406.0,1.4,0.1111,0.0,0.0548,8183.9676,False
C01631,Duka,Nairobi,Champions,Core Small Outlets,11,73.0,1818290.0,1.125,0.1507,2.0,0.0045,8169.4557,False
C03825,Duka,Rift Valley,Loyal,Core Small Outlets,14,35.0,514403.0,2.5714,0.1143,1.0,0.0159,8153.7243,False
C03635,Duka,Nairobi,Champions,Core Small Outlets,3,44.0,578376.0,1.1143,0.2045,2.0,0.0141,8135.4542,False
C02757,Duka,Nyanza,Champions,Core Small Outlets,9,40.0,557013.0,1.0,0.15,0.0,0.0146,8125.9652,False
C00968,Duka,Rift Valley,Loyal,Core Small Outlets,3,25.0,348035.0,1.8333,0.08,1.0,0.0233,8114.71,False
C02329,Duka,Nyanza,Hibernating / Lost,Core Small Outlets,41,10.0,61836.0,1.2,0.2,1.0,0.1312,8110.8102,False
C01690,Duka,Coast,Needs Attention,Core Small Outlets,15,18.0,109806.0,0.6667,0.0556,1.0,0.0737,8089.504,False
C03373,Duka,Rift Valley,Champions,Core Small Outlets,6,59.0,1145310.0,0.8571,0.0169,0.0,0.0071,8075.7687,False
C02276,Supermarket,Nairobi,Champions,Key Accounts,10,42.0,1548424.0,1.3125,0.119,1.0,0.0052,8048.347,False
C03800,Duka,Coast,Promising / New,Core Small Outlets,10,13.0,78692.0,0.6429,0.0769,0.0,0.1017,8004.1586,False
C02041,HoReCa,Coast,Loyal,Core Small Outlets,12,30.0,805082.0,1.25,0.0,0.0,0.0099,7986.4431,False
C01368,Duka,Coast,Needs Attention,Core Small Outlets,27,20.0,126155.0,1.2353,0.05,2.0,0.0633,7986.3921,False
C01506,Duka,Central,Loyal,Core Small Outlets,21,35.0,428611.0,1.5,0.0571,3.0,0.0186,7986.1953,False
C00527,Petrol Station,Central,Hibernating / Lost,Core Small Outlets,35,14.0,80627.0,1.1538,0.0714,0.0,0.099,7980.3308,False
C01789,Duka,Rift Valley,Loyal,Core Small Outlets,17,35.0,393304.0,2.087,0.2857,1.0,0.0202,7963.1967,False
C01633,Duka,Coast,Champions,Core Small Outlets,3,84.0,2305352.0,1.2581,0.0595,2.0,0.0034,7932.7475,False
C02908,Duka,Coast,Promising / New,Core Small Outlets,8,26.0,192533.0,0.913,0.0,0.0,0.0409,7877.5064,False
C01612,HoReCa,Nairobi,Champions,Core Small Outlets,4,52.0,2065092.0,1.5405,0.0577,2.0,0.0038,7873.4611,False
C01221,Duka,Rift Valley,Champions,Core Small Outlets,9,36.0,733426.0,3.6667,0.0278,0.0,0.0107,7842.8418,False
C00534,Petrol Station,Nairobi,Promising / New,Core Small Outlets,8,14.0,103054.0,0.6,0.1429,0.0,0.076,7833.5821,False
C02217,HoReCa,Nairobi,Champions,Core Small Outlets,7,32.0,723293.0,1.32,0.3125,2.0,0.0108,7818.9715,False
C01350,Duka,Western,Promising / New,Core Small Outlets,6,25.0,199644.0,0.9545,0.16,0.0,0.0391,7801.4607,False
C03320,Duka,Nairobi,Loyal,Core Small Outlets,7,29.0,277517.0,1.3043,0.1724,2.0,0.0281,7800.7009,False
C00981,Petrol Station,Coast,Loyal,Core Small Outlets,11,27.0,253990.0,1.65,0.037,0.0,0.0307,7787.3218,False
C03187,Petrol Station,Nairobi,Loyal,Core Small Outlets,7,21.0,284661.0,1.1667,0.0952,0.0,0.0273,7783.6468,False
C00043,Duka,Western,Hibernating / Lost,Core Small Outlets,37,19.0,136945.0,1.0588,0.1053,1.0,0.0561,7681.0914,False
C02997,Wholesaler,Western,Loyal,Key Accounts,12,27.0,1900314.0,1.8947,0.037,0.0,0.004,7648.6059,False
C01518,Duka,Coast,Champions,Core Small Outlets,7,33.0,417440.0,1.2692,0.0606,2.0,0.0183,7644.4526,False
C02591,Duka,Nyanza,Promising / New,Core Small Outlets,3,18.0,195152.0,1.4,0.1111,1.0,0.0392,7640.2552,False
C01268,Duka,Coast,Champions,Core Small Outlets,4,46.0,606736.0,1.2857,0.087,1.0,0.0126,7629.7568,False
C01435,Duka,Nairobi,Loyal,Core Small Outlets,6,21.0,408857.0,5.3333,0.1429,7.0,0.0186,7591.7489,False
C03836,Duka,Nairobi,Champions,Core Small Outlets,6,43.0,478200.0,1.1471,0.2558,2.0,0.0159,7590.6687,False
C01871,Petrol Station,Nairobi,Loyal,Core Small Outlets,10,24.0,325911.0,1.2,0.0417,0.0,0.0232,7574.1089,False
C03427,Duka,Nairobi,Loyal,Core Small Outlets,6,28.0,317449.0,1.1739,0.2143,1.0,0.0238,7557.6643,False
C00854,Duka,Coast,Promising / New,Core Small Outlets,11,17.0,124849.0,2.25,0.0,1.0,0.0603,7525.1163,False
C02917,Petrol Station,Nairobi,Loyal,Core Small Outlets,3,29.0,477068.0,1.7143,0.1034,1.0,0.0157,7508.6333,False
C01353,Duka,Coast,Champions,Core Small Outlets,8,37.0,411351.0,1.2414,0.1622,0.0,0.0182,7489.1597,False
C01441,Duka,Nyanza,Champions,Core Small Outlets,8,48.0,878349.0,0.7143,0.0625,1.0,0.0085,7487.5483,False
C03447,Duka,Central,Loyal,Core Small Outlets,3,27.0,318045.0,0.72,0.1852,0.0,0.0234,7440.7578,False
C03561,Duka,Nairobi,Needs Attention,Core Small Outlets,13,19.0,105187.0,0.8333,0.2105,1.0,0.0707,7440.5774,False
C02987,Duka,Nairobi,Needs Attention,Core Small Outlets,17,7.0,59279.0,3.6,0.4286,1.0,0.1254,7430.6304,False
C02936,Petrol Station,Nairobi,Loyal,Core Small Outlets,18,23.0,300438.0,1.5,0.1304,0.0,0.0247,7418.2175,False
C00421,Duka,Rift Valley,Champions,Core Small Outlets,4,31.0,360582.0,1.2,0.129,0.0,0.0205,7402.5427,False
C03777,HoReCa,Nairobi,Loyal,Core Small Outlets,14,22.0,274184.0,0.9,0.0909,3.0,0.0269,7362.8303,False
C00801,HoReCa,Central,Loyal,Core Small Outlets,12,27.0,582739.0,1.2273,0.1111,2.0,0.0125,7308.1935,False
C03917,Duka,Coast,Champions,Core Small Outlets,5,32.0,340849.0,1.1538,0.0938,1.0,0.0214,7292.1513,False
C00251,Petrol Station,Nairobi,Champions,Core Small Outlets,5,43.0,608382.0,0.9167,0.0698,1.0,0.012,7283.2932,False
C00739,Petrol Station,Nairobi,Loyal,Core Small Outlets,8,23.0,604601.0,4.3636,0.1739,0.0,0.012,7243.6702,False
C01252,Duka,Central,Loyal,Core Small Outlets,27,29.0,257869.0,1.125,0.2414,2.0,0.0281,7243.0589,False
C00080,Duka,Central,Champions,Core Small Outlets,7,40.0,565520.0,1.4,0.175,1.0,0.0128,7233.137,False
C00736,Duka,Rift Valley,Loyal,Core Small Outlets,5,28.0,362944.0,2.0526,0.1071,3.0,0.0199,7210.8412,False
C02624,Duka,Central,Hibernating / Lost,Core Small Outlets,29,10.0,99849.0,4.0,0.1,2.0,0.0722,7208.8433,False
C03765,Duka,Rift Valley,Needs Attention,Core Small Outlets,11,24.0,174244.0,1.0,0.0417,0.0,0.0412,7173.6421,False
C02289,HoReCa,Rift Valley,Promising / New,Core Small Outlets,7,12.0,257861.0,3.8571,0.0833,1.0,0.0277,7142.6179,False
C01645,Duka,Rift Valley,Needs Attention,Core Small Outlets,24,21.0,184258.0,0.9474,0.0952,0.0,0.0388,7141.8481,False
C03731,Duka,Western,Needs Attention,Core Small Outlets,11,13.0,136855.0,1.6364,0.0,3.0,0.0522,7139.8147,False
C00411,Duka,Rift Valley,Champions,Core Small Outlets,7,33.0,503746.0,2.0455,0.1212,2.0,0.0141,7120.3265,False
C03698,Duka,Central,Champions,Core Small Outlets,5,49.0,799693.0,1.2973,0.102,1.0,0.0089,7111.0102,False
C02671,Duka,Nyanza,Loyal,Core Small Outlets,11,32.0,413194.0,1.32,0.0625,0.0,0.0171,7085.6312,False
C01507,HoReCa,Nairobi,Champions,Core Small Outlets,6,62.0,2796144.0,1.4,0.0645,0.0,0.0025,7073.5489,False
C02822,Duka,Central,Hibernating / Lost,Core Small Outlets,50,14.0,59870.0,0.8571,0.1429,1.0,0.1172,7015.7445,False
C02758,Duka,Central,Promising / New,Core Small Outlets,4,6.0,50440.0,2.0,0.5,0.0,0.1388,7002.9827,False
C01835,Duka,Nyanza,Promising / New,Core Small Outlets,5,30.0,240316.0,0.4,0.1,1.0,0.0291,6997.8605,False
C02011,Duka,Coast,Promising / New,Core Small Outlets,11,23.0,170261.0,1.2632,0.2174,1.0,0.0411,6989.7587,False
C01327,Duka,Western,Needs Attention,Core Small Outlets,12,21.0,168433.0,0.9474,0.0952,0.0,0.0414,6979.2187,False
C00437,HoReCa,Central,Champions,Core Small Outlets,3,41.0,1911623.0,4.1053,0.1707,4.0,0.0036,6961.8456,False
C03308,Supermarket,Nyanza,Champions,Key Accounts,8,151.0,29005092.0,0.9076,0.0993,5.0,0.0002,6928.3187,False
C02176,Duka,Central,Promising / New,Core Small Outlets,8,9.0,62180.0,0.9,0.0,0.0,0.1112,6915.2781,False
C03342,Duka,Nairobi,Champions,Core Small Outlets,6,30.0,350859.0,1.08,0.0667,1.0,0.0197,6899.5742,False
C01944,HoReCa,Nyanza,Champions,Core Small Outlets,5,29.0,687633.0,1.125,0.1379,1.0,0.01,6890.0092,False
C01677,Duka,Nairobi,Promising / New,Core Small Outlets,4,18.0,355675.0,5.25,0.1111,1.0,0.0193,6876.3049,False
C02550,Duka,Western,Promising / New,Core Small Outlets,7,20.0,132075.0,1.0,0.15,0.0,0.0521,6875.2378,False
C01937,Duka,Nyanza,Champions,Core Small Outlets,8,42.0,545636.0,1.1818,0.1905,2.0,0.0126,6870.9788,False
C00963,Duka,Nyanza,Needs Attention,Core Small Outlets,24,12.0,84993.0,0.6923,0.0833,0.0,0.0808,6864.4204,False
C02458,Duka,Western,Hibernating / Lost,Lapsed Small Outlets,41,9.0,28912.0,0.5455,0.2222,0.0,0.2374,6863.039,False
C00652,Petrol Station,Nyanza,Hibernating / Lost,Core Small Outlets,45,14.0,98733.0,1.5,0.0714,0.0,0.0694,6851.1515,False
C02862,Duka,Nairobi,Promising / New,Core Small Outlets,5,23.0,212855.0,1.2632,0.1739,2.0,0.0319,6798.9859,False
C00230,Petrol Station,Nairobi,Loyal,Core Small Outlets,22,23.0,317423.0,1.2632,0.1304,0.0,0.0213,6769.1212,False
C02467,Duka,Western,Promising / New,Core Small Outlets,3,16.0,110998.0,1.6154,0.1875,0.0,0.061,6766.084,False
C01355,Duka,Nairobi,Needs Attention,Core Small Outlets,13,8.0,40034.0,1.0,0.25,0.0,0.1689,6761.8557,False
C00084,Duka,Rift Valley,Champions,Core Small Outlets,3,53.0,881345.0,1.275,0.1509,2.0,0.0077,6753.8798,False
C01205,Duka,Coast,Hibernating / Lost,Lapsed Small Outlets,37,10.0,44810.0,0.8182,0.0,0.0,0.1507,6753.08,False
C02219,Duka,Nyanza,Loyal,Core Small Outlets,13,39.0,595982.0,0.9091,0.1026,0.0,0.0113,6730.4893,False
C00149,Duka,Coast,Promising / New,Core Small Outlets,11,14.0,77269.0,0.8571,0.1429,0.0,0.087,6725.3878,False
C01329,Supermarket,Coast,Champions,Key Accounts,3,125.0,19414765.0,1.3977,0.112,4.0,0.0003,6722.9801,False
C02568,Duka,Central,Needs Attention,Core Small Outlets,20,18.0,148564.0,0.8824,0.1111,0.0,0.045,6680.4647,False
C02638,Duka,Nairobi,Champions,Core Small Outlets,4,30.0,281840.0,1.25,0.3333,0.0,0.0237,6669.8709,False
C00439,Duka,Nyanza,Loyal,Core Small Outlets,15,40.0,478881.0,0.7714,0.125,1.0,0.0138,6617.3124,False
C00507,Duka,Rift Valley,Promising / New,Core Small Outlets,8,27.0,204171.0,0.72,0.0741,1.0,0.0323,6590.4784,False
C02438,Duka,Nairobi,Loyal,Core Small Outlets,27,33.0,402171.0,1.1111,0.0909,0.0,0.0164,6583.5836,False
C00757,HoReCa,Nairobi,Loyal,Core Small Outlets,7,22.0,401596.0,1.1053,0.0909,0.0,0.0164,6573.1705,False
C00533,Duka,Rift Valley,Needs Attention,Core Small Outlets,24,20.0,167531.0,1.5,0.1,1.0,0.0391,6546.0224,False
C00520,Duka,Central,Needs Attention,Core Small Outlets,19,21.0,111031.0,0.75,0.0476,1.0,0.0588,6526.2254,False
C03943,HoReCa,Western,Promising / New,Core Small Outlets,4,16.0,537642.0,7.0,0.125,0.0,0.0121,6525.1262,False
C02531,Duka,Nyanza,Champions,Core Small Outlets,4,56.0,1091726.0,1.2857,0.1071,1.0,0.006,6517.9084,False
C01685,Duka,Nyanza,Promising / New,Core Small Outlets,6,27.0,238539.0,0.72,0.037,0.0,0.0273,6514.1119,False
C02393,Petrol Station,Western,Champions,Core Small Outlets,3,78.0,3283781.0,1.5556,0.0513,0.0,0.002,6497.5454,False
C02978,Duka,Nairobi,Hibernating / Lost,Core Small Outlets,40,11.0,72375.0,1.5,0.0909,1.0,0.0896,6486.7893,False
C02440,Duka,Nairobi,Champions,Core Small Outlets,5,30.0,401422.0,2.1,0.0667,1.0,0.0161,6463.5616,False
C03001,Duka,Coast,Champions,Core Small Outlets,8,33.0,300317.0,0.9643,0.0909,0.0,0.0215,6456.7057,False
C03814,Petrol Station,Nairobi,Champions,Core Small Outlets,4,44.0,899894.0,1.2353,0.0682,0.0,0.0072,6456.2659,False
C02216,Duka,Coast,Promising / New,Core Small Outlets,3,19.0,153101.0,1.0588,0.1579,0.0,0.042,6425.6652,False
C03933,Petrol Station,Central,Promising / New,Core Small Outlets,10,17.0,208234.0,2.7273,0.1765,3.0,0.0308,6416.0246,False
C03188,Wholesaler,Nairobi,Champions,Key Accounts,9,27.0,1883330.0,2.1667,0.1111,1.0,0.0034,6364.5201,False
C01219,Petrol Station,Nairobi,Promising / New,Core Small Outlets,10,10.0,99955.0,1.6667,0.1,0.0,0.0634,6333.5027,False
C00988,Petrol Station,Rift Valley,Champions,Core Small Outlets,9,34.0,398553.0,0.931,0.0588,2.0,0.0158,6307.814,False
C02770,Duka,Western,Loyal,Core Small Outlets,11,44.0,512794.0,1.6452,0.2273,4.0,0.0123,6303.8659,False
C00256,HoReCa,Nyanza,Champions,Core Small Outlets,9,43.0,1152539.0,1.0286,0.093,0.0,0.0055,6291.8822,False
C02577,Duka,Nyanza,Needs Attention,Core Small Outlets,17,22.0,189669.0,1.1053,0.1364,0.0,0.033,6264.0689,False
C00152,Duka,Rift Valley,Promising / New,Core Small Outlets,11,22.0,142532.0,1.1053,0.2273,2.0,0.0435,6202.79,False
C02058,Duka,Nairobi,Champions,Core Small Outlets,6,37.0,328611.0,0.8438,0.1892,3.0,0.0188,6185.4495,False
C00261,Petrol Station,Nairobi,Promising / New,Core Small Outlets,6,19.0,225219.0,0.6316,0.0526,0.0,0.0275,6182.6519,False
C03086,Duka,Rift Valley,Champions,Core Small Outlets,8,60.0,1169160.0,1.4651,0.1,0.0,0.0053,6176.4397,False
C02036,Duka,Nyanza,Champions,Core Small Outlets,3,33.0,374761.0,0.8276,0.0909,2.0,0.0164,6146.4702,False
C01154,Petrol Station,Nairobi,Champions,Core Small Outlets,11,34.0,606468.0,1.3846,0.0294,0.0,0.0101,6146.2092,False
C01894,Duka,Nyanza,Champions,Core Small Outlets,6,45.0,720512.0,0.8684,0.1333,2.0,0.0085,6145.3287,False
C03679,Supermarket,Central,Champions,Key Accounts,7,41.0,2025645.0,1.6552,0.0732,1.0,0.003,6126.8462,False
C00115,Duka,Rift Valley,Champions,Core Small Outlets,4,67.0,1393045.0,1.0962,0.1194,4.0,0.0044,6126.3441,False
C03793,Duka,Nairobi,Promising / New,Core Small Outlets,9,14.0,98617.0,0.6,0.1429,0.0,0.062,6116.4019,False
C01915,Duka,Western,Needs Attention,Core Small Outlets,14,15.0,81467.0,0.5625,0.0,0.0,0.0749,6100.7476,False
C01426,Petrol Station,Nairobi,Loyal,Core Small Outlets,7,28.0,276864.0,1.1739,0.0357,0.0,0.022,6100.0568,False
C00201,HoReCa,Nyanza,Champions,Core Small Outlets,11,24.0,799966.0,2.6,0.0417,0.0,0.0076,6092.0931,False
C02054,Duka,Coast,Promising / New,Core Small Outlets,8,19.0,146698.0,1.3125,0.1579,0.0,0.0415,6086.9275,False
C01702,Duka,Central,Promising / New,Core Small Outlets,8,22.0,172246.0,1.3333,0.2273,1.0,0.0353,6085.9384,False
C02571,Petrol Station,Coast,Needs Attention,Core Small Outlets,12,21.0,212032.0,1.4118,0.0476,1.0,0.0287,6075.9964,False
C01576,Duka,Nairobi,Promising / New,Core Small Outlets,5,16.0,127216.0,0.75,0.0625,1.0,0.0475,6044.9839,False
C01967,Duka,Central,Needs Attention,Core Small Outlets,22,12.0,115175.0,1.3636,0.0,0.0,0.0523,6020.0275,False
C00031,Duka,Nairobi,Loyal,Core Small Outlets,10,27.0,423286.0,2.4706,0.1111,1.0,0.0142,6005.7984,False
C02043,Duka,Nairobi,Champions,Core Small Outlets,4,36.0,509394.0,1.2857,0.0833,0.0,0.0118,5998.8834,False
C02208,Duka,Rift Valley,Needs Attention,Core Small Outlets,23,16.0,87909.0,1.0,0.0,0.0,0.0681,5990.4389,False
C03573,Duka,Nairobi,Needs Attention,Core Small Outlets,22,11.0,31508.0,0.75,0.2727,0.0,0.1897,5978.0828,False
C00755,Duka,Rift Valley,Promising / New,Core Small Outlets,10,16.0,77897.0,0.75,0.1875,2.0,0.0765,5956.492,False
C02397,Duka,Central,Needs Attention,Core Small Outlets,28,10.0,57218.0,0.8182,0.0,0.0,0.1041,5955.1858,False
C02335,Petrol Station,Nairobi,Champions,Core Small Outlets,5,31.0,606680.0,1.375,0.0323,1.0,0.0098,5951.2942,False
C03121,Duka,Nyanza,Promising / New,Core Small Outlets,7,21.0,205258.0,0.75,0.2381,1.0,0.029,5944.8796,False
C01845,HoReCa,Nairobi,Loyal,Core Small Outlets,4,25.0,504723.0,0.9545,0.04,1.0,0.0117,5917.3627,False
C03010,Duka,Rift Valley,Champions,Core Small Outlets,7,35.0,377833.0,1.0345,0.0286,0.0,0.0156,5910.9009,False
C02130,Duka,Central,Champions,Core Small Outlets,5,44.0,421053.0,0.8919,0.1364,1.0,0.0139,5872.9802,False
C00658,Petrol Station,Nairobi,Needs Attention,Core Small Outlets,27,15.0,101124.0,0.8,0.0667,0.0,0.0581,5871.4065,False
C03939,Duka,Rift Valley,Promising / New,Core Small Outlets,4,6.0,53165.0,2.0,0.3333,0.0,0.1101,5855.3128,False
C00433,Duka,Coast,Needs Attention,Core Small Outlets,15,12.0,100394.0,2.3333,0.0,0.0,0.0583,5850.4877,False
C03218,HoReCa,Nairobi,Hibernating / Lost,Core Small Outlets,41,17.0,279425.0,2.25,0.1176,3.0,0.0209,5834.0233,False
C03669,Duka,Coast,Promising / New,Core Small Outlets,7,13.0,105148.0,0.6429,0.0,0.0,0.0554,5827.079,False
C02237,Duka,Nyanza,Champions,Core Small Outlets,5,37.0,411378.0,1.1,0.1351,0.0,0.0141,5797.1458,False
C03376,Duka,Nairobi,Hibernating / Lost,Core Small Outlets,47,7.0,34147.0,2.5,0.2857,3.0,0.1696,5792.7249,False
C03694,Duka,Nairobi,Loyal,Core Small Outlets,11,34.0,342633.0,1.3846,0.0882,0.0,0.0169,5790.7506,False
C02149,HoReCa,Rift Valley,Promising / New,Core Small Outlets,10,18.0,519357.0,3.0,0.0,3.0,0.0111,5765.6485,False
C01819,Duka,Coast,Champions,Core Small Outlets,9,40.0,551008.0,1.5517,0.075,2.0,0.0104,5713.2051,False
C00279,Duka,Nyanza,Needs Attention,Core Small Outlets,25,15.0,102517.0,1.0714,0.3333,2.0,0.0556,5700.8369,False
C03709,Duka,Central,Hibernating / Lost,Core Small Outlets,49,15.0,100729.0,1.0714,0.0,0.0,0.0566,5700.1865,False
C01772,Duka,Nairobi,Champions,Core Small Outlets,8,32.0,373831.0,1.0,0.125,1.0,0.0152,5693.1661,False
C01998,Duka,Nairobi,Champions,Core Small Outlets,9,39.0,454177.0,1.3,0.0513,0.0,0.0125,5691.917,False
C03550,Duka,Central,Hibernating / Lost,Core Small Outlets,57,14.0,74256.0,0.8571,0.0,0.0,0.0765,5682.724,False
C02695,HoReCa,Coast,Champions,Core Small Outlets,4,40.0,1086241.0,1.0,0.0,0.0,0.0052,5682.0738,False
C03840,Duka,Central,Promising / New,Core Small Outlets,3,12.0,105062.0,1.0,0.0833,1.0,0.0536,5632.0757,False
C03394,Duka,Western,Champions,Core Small Outlets,3,36.0,479021.0,1.1379,0.0,1.0,0.0117,5623.1344,False
C00647,Petrol Station,Rift Valley,Champions,Core Small Outlets,8,32.0,516281.0,1.5,0.0312,0.0,0.0109,5614.1255,False
C01002,Duka,Western,Needs Attention,Core Small Outlets,25,9.0,79088.0,3.5,0.2222,0.0,0.0706,5587.2488,False
C01491,HoReCa,Nairobi,Champions,Core Small Outlets,3,40.0,1106113.0,1.5517,0.05,0.0,0.005,5578.7749,False
C00466,Duka,Nairobi,Loyal,Core Small Outlets,18,34.0,410510.0,1.2222,0.1176,2.0,0.0136,5575.8116,False
C00169,Duka,Nyanza,Champions,Core Small Outlets,8,57.0,1124473.0,1.0667,0.1053,3.0,0.005,5575.5144,False
C01286,Supermarket,Western,Needs Attention,Core Small Outlets,24,15.0,302232.0,1.3846,0.1333,0.0,0.0184,5573.2731,False
C02286,HoReCa,Central,Champions,Core Small Outlets,10,37.0,903457.0,1.1,0.0,0.0,0.0062,5563.8972,False
C01536,Duka,Rift Valley,Loyal,Core Small Outlets,15,38.0,334723.0,1.2,0.1053,1.0,0.0166,5553.4366,False
C01907,Duka,Nairobi,Champions,Core Small Outlets,7,47.0,651566.0,1.3714,0.2128,4.0,0.0085,5535.079,False
C03852,Duka,Coast,Champions,Core Small Outlets,3,48.0,643045.0,1.5882,0.0833,1.0,0.0086,5530.1979,False
C02290,Petrol Station,Nairobi,Loyal,Core Small Outlets,3,19.0,277332.0,1.3125,0.1053,2.0,0.0198,5499.7126,False
C00702,Duka,Nairobi,Champions,Core Small Outlets,10,41.0,499742.0,0.8571,0.0,0.0,0.011,5485.8346,False
C03251,Duka,Central,Promising / New,Core Small Outlets,10,21.0,145373.0,0.9474,0.0952,1.0,0.0377,5484.1163,False
C03457,Duka,Rift Valley,Loyal,Core Small Outlets,4,26.0,266748.0,1.5,0.1923,0.0,0.0205,5470.9297,False
C02490,Duka,Coast,Needs Attention,Core Small Outlets,14,17.0,117048.0,0.7059,0.1176,0.0,0.0465,5442.4545,False
C02681,Duka,Central,Promising / New,Core Small Outlets,4,18.0,97397.0,0.8824,0.1667,0.0,0.0556,5413.8189,False
C02101,Duka,Central,Hibernating / Lost,Core Small Outlets,48,12.0,64299.0,1.3636,0.0833,0.0,0.084,5404.0776,False
C01660,Duka,Nyanza,Needs Attention,Core Small Outlets,18,11.0,121132.0,2.625,0.0909,0.0,0.0444,5375.5119,False
C03895,HoReCa,Western,Needs Attention,Core Small Outlets,11,15.0,348376.0,2.1818,0.1333,2.0,0.0154,5371.6743,False
C03038,Duka,Western,Loyal,Core Small Outlets,5,25.0,265622.0,1.8333,0.16,2.0,0.0201,5352.2516,False
C02868,Duka,Coast,Needs Attention,Core Small Outlets,16,20.0,200648.0,1.5,0.1,0.0,0.0267,5351.6322,False
C01560,Duka,Nyanza,Promising / New,Core Small Outlets,5,25.0,174751.0,0.9545,0.04,1.0,0.0306,5345.841,False
C00587,Duka,Nairobi,Needs Attention,Core Small Outlets,17,18.0,137312.0,1.125,0.0556,1.0,0.0389,5339.171,False
C01852,Duka,Central,Promising / New,Core Small Outlets,8,24.0,232961.0,1.0,0.0833,1.0,0.0229,5324.2234,False
C01575,HoReCa,Central,Needs Attention,Core Small Outlets,20,12.0,135049.0,1.0,0.0833,0.0,0.0394,5320.3122,False
C03175,Duka,Rift Valley,Promising / New,Core Small Outlets,5,15.0,120478.0,1.0714,0.1333,0.0,0.0441,5307.6971,False
C02664,Duka,Central,Loyal,Core Small Outlets,8,28.0,268532.0,1.1739,0.0714,0.0,0.0196,5270.4946,False
C01344,Duka,Western,Promising / New,Core Small Outlets,10,14.0,74617.0,0.8571,0.1429,2.0,0.0704,5252.9448,False
C00906,Petrol Station,Western,Promising / New,Core Small Outlets,8,15.0,128249.0,2.1818,0.1333,0.0,0.0409,5250.3317,False
C02547,Duka,Nairobi,Needs Attention,Core Small Outlets,22,14.0,79367.0,0.6,0.1429,0.0,0.0661,5249.3726,False
C00112,Duka,Coast,Needs Attention,Core Small Outlets,28,25.0,133506.0,1.5789,0.32,1.0,0.0391,5217.0028,False
C00190,Duka,Western,Promising / New,Core Small Outlets,5,21.0,97620.0,0.9474,0.3333,2.0,0.053,5169.253,False
C02495,Duka,Nairobi,Needs Attention,Core Small Outlets,11,23.0,209314.0,1.2632,0.1304,0.0,0.0247,5165.7891,False
C01673,HoReCa,Coast,Promising / New,Core Small Outlets,4,11.0,216998.0,2.625,0.0,0.0,0.0238,5158.3285,False
C01308,Duka,Nairobi,Loyal,Core Small Outlets,21,34.0,279724.0,1.0714,0.0,1.0,0.0184,5144.9671,False
C02233,Duka,Coast,Champions,Core Small Outlets,3,73.0,1543614.0,0.85,0.0548,0.0,0.0033,5120.0805,False
C02663,Duka,Rift Valley,Promising / New,Core Small Outlets,6,18.0,90426.0,0.4737,0.2778,1.0,0.0566,5119.4263,False
C03680,Duka,Nyanza,Promising / New,Core Small Outlets,6,25.0,188788.0,1.1429,0.24,0.0,0.0271,5112.9126,False
C02718,Duka,Nairobi,Promising / New,Core Small Outlets,6,23.0,110787.0,0.8571,0.087,1.0,0.046,5101.4555,False
C00834,Duka,Central,Champions,Core Small Outlets,4,97.0,2805101.0,0.8846,0.0619,2.0,0.0018,5079.9378,False
C02175,Duka,Nairobi,Loyal,Core Small Outlets,4,28.0,249512.0,1.3636,0.1786,3.0,0.0204,5079.8938,False
C01321,Duka,Rift Valley,Promising / New,Core Small Outlets,4,12.0,65948.0,0.4286,0.0833,1.0,0.0768,5063.7936,False
C01818,Petrol Station,Nairobi,Loyal,Core Small Outlets,3,22.0,284515.0,1.5882,0.1364,3.0,0.0177,5035.3424,False
C03591,Duka,Nyanza,Needs Attention,Core Small Outlets,12,12.0,138570.0,2.3333,0.0833,0.0,0.0363,5034.9631,False
C01567,Duka,Coast,Promising / New,Core Small Outlets,8,19.0,186211.0,1.6,0.0526,1.0,0.0267,4972.0763,False
C03361,Duka,Nairobi,Loyal,Core Small Outlets,5,22.0,283233.0,1.5882,0.0909,1.0,0.0175,4964.7104,False
C02879,Duka,Rift Valley,Promising / New,Core Small Outlets,3,23.0,168937.0,1.05,0.3043,0.0,0.0294,4961.2994,False
C02711,Duka,Coast,Promising / New,Core Small Outlets,5,12.0,160043.0,3.0,0.0833,0.0,0.0304,4870.9172,False
C00667,Duka,Rift Valley,Promising / New,Core Small Outlets,5,13.0,85599.0,1.25,0.0769,1.0,0.0566,4843.0538,False
C01913,HoReCa,Central,Champions,Core Small Outlets,8,32.0,639715.0,2.1429,0.125,1.0,0.0076,4831.0309,False
C02992,Duka,Coast,Champions,Core Small Outlets,6,58.0,1139962.0,1.5366,0.0172,1.0,0.0042,4830.4842,False
C00271,Duka,Nairobi,Champions,Core Small Outlets,11,33.0,386161.0,1.1111,0.0606,1.0,0.0125,4827.0375,False
C01522,Duka,Western,Needs Attention,Core Small Outlets,16,18.0,170169.0,1.125,0.0556,0.0,0.0283,4810.6181,False
C01719,Duka,Nairobi,Needs Attention,Core Small Outlets,24,17.0,100408.0,1.2,0.1176,1.0,0.0478,4796.0199,False
C02972,Duka,Western,Hibernating / Lost,Core Small Outlets,54,10.0,36407.0,1.2,0.1,0.0,0.1317,4794.4296,False
C02739,Duka,Nyanza,Loyal,Core Small Outlets,11,24.0,289389.0,1.6667,0.125,1.0,0.0165,4768.4769,False
C03117,Supermarket,Rift Valley,Loyal,Key Accounts,8,16.0,1194332.0,7.0,0.125,0.0,0.004,4753.2935,False
C02965,HoReCa,Rift Valley,Loyal,Core Small Outlets,3,27.0,509248.0,1.65,0.1111,0.0,0.0093,4752.918,False
C02073,Duka,Nairobi,Loyal,Core Small Outlets,10,28.0,283800.0,1.3636,0.0357,0.0,0.0167,4726.736,False
C01880,HoReCa,Nyanza,Champions,Core Small Outlets,8,43.0,1552540.0,1.8621,0.093,4.0,0.003,4704.1299,False
C03877,HoReCa,Western,Promising / New,Core Small Outlets,7,18.0,520963.0,4.3333,0.2222,3.0,0.009,4683.0245,False
C02234,Petrol Station,Coast,Promising / New,Core Small Outlets,7,12.0,95828.0,2.3333,0.3333,1.0,0.0487,4668.2398,False
C03758,Duka,Nyanza,Champions,Core Small Outlets,7,33.0,502626.0,1.44,0.0606,0.0,0.0093,4667.688,False
C01847,Duka,Rift Valley,Champions,Core Small Outlets,3,31.0,310225.0,1.7727,0.129,0.0,0.015,4656.7809,False
C02620,HoReCa,Nairobi,Needs Attention,Core Small Outlets,21,13.0,191716.0,1.6364,0.1538,1.0,0.0242,4643.0439,False
C02465,Duka,Coast,Champions,Core Small Outlets,10,32.0,286506.0,1.1538,0.0,1.0,0.0161,4622.8799,False
C01088,Duka,Nairobi,Loyal,Core Small Outlets,9,31.0,207498.0,1.0385,0.129,1.0,0.0222,4612.5912,False
C01409,Duka,Coast,Champions,Core Small Outlets,4,35.0,626388.0,2.5714,0.1714,1.0,0.0073,4588.0832,False
C01343,Duka,Nairobi,Promising / New,Core Small Outlets,6,21.0,147198.0,0.9474,0.0952,0.0,0.031,4555.7809,False
C01115,HoReCa,Nyanza,Loyal,Core Small Outlets,16,22.0,450404.0,1.1053,0.0909,2.0,0.0101,4553.274,False
C01889,Duka,Nairobi,Loyal,Core Small Outlets,12,32.0,278540.0,1.5,0.125,1.0,0.0163,4547.7392,False
C00760,HoReCa,Central,Champions,Key Accounts,3,123.0,9867409.0,1.1868,0.0894,1.0,0.0005,4538.059,False
C00119,Duka,Nyanza,Champions,Core Small Outlets,10,36.0,390325.0,1.6154,0.0833,2.0,0.0116,4535.017,False
C02278,Petrol Station,Central,Needs Attention,Core Small Outlets,14,14.0,123529.0,1.1538,0.1429,1.0,0.0363,4479.4758,False
C00388,Petrol Station,Nairobi,Promising / New,Core Small Outlets,3,15.0,331258.0,8.4,0.2667,2.0,0.0135,4473.9321,False
C00633,HoReCa,Nyanza,Needs Attention,Core Small Outlets,13,14.0,299213.0,3.75,0.1429,3.0,0.0149,4455.3752,False
C00946,Duka,Nyanza,Champions,Core Small Outlets,3,57.0,893903.0,1.3571,0.1228,3.0,0.0049,4363.7862,False
C00426,Duka,Western,Champions,Core Small Outlets,6,33.0,327999.0,1.2692,0.2121,2.0,0.0133,4347.0746,False
C00827,Duka,Coast,Hibernating / Lost,Core Small Outlets,37,19.0,107559.0,1.6,0.0,0.0,0.0404,4345.6698,False
C02037,Duka,Nyanza,Promising / New,Core Small Outlets,3,23.0,230361.0,1.05,0.1739,0.0,0.0189,4343.0662,False
C02690,Duka,Western,Loyal,Core Small Outlets,6,25.0,265181.0,1.35,0.0,0.0,0.0164,4341.167,False
C03817,Duka,Coast,Promising / New,Core Small Outlets,7,17.0,119399.0,1.2,0.1176,3.0,0.0362,4327.4802,False
C00984,Duka,Rift Valley,Promising / New,Core Small Outlets,7,21.0,210862.0,3.8182,0.1429,0.0,0.0205,4320.0902,False
C03531,HoReCa,Nairobi,Loyal,Core Small Outlets,3,21.0,367050.0,2.0,0.1429,0.0,0.0117,4311.0797,False
C01073,Duka,Nairobi,Hibernating / Lost,Core Small Outlets,29,16.0,101065.0,1.0,0.0,0.0,0.0424,4288.6176,False
C03239,HoReCa,Rift Valley,Promising / New,Core Small Outlets,3,18.0,442580.0,5.25,0.2222,1.0,0.0097,4283.6521,False
C01211,Petrol Station,Rift Valley,Champions,Core Small Outlets,5,40.0,662024.0,1.4,0.125,0.0,0.0065,4278.1728,False
C02156,Duka,Western,Promising / New,Core Small Outlets,3,22.0,113439.0,0.9,0.0909,0.0,0.0377,4276.9725,False
C01144,Duka,Rift Valley,Loyal,Core Small Outlets,15,44.0,549582.0,1.2353,0.1591,1.0,0.0078,4266.3653,False
C02791,Duka,Western,Champions,Core Small Outlets,6,42.0,585707.0,0.9429,0.0476,0.0,0.0072,4228.6342,False
C00962,Duka,Coast,Needs Attention,Core Small Outlets,14,12.0,86169.0,1.8,0.0,0.0,0.0484,4174.8476,False
C03458,Duka,Rift Valley,Loyal,Core Small Outlets,17,34.0,350702.0,1.0714,0.0882,0.0,0.0119,4163.5185,False
C01021,Duka,Rift Valley,Loyal,Core Small Outlets,3,28.0,272157.0,1.1739,0.0357,0.0,0.015,4094.1739,False
C01354,Duka,Nairobi,Loyal,Core Small Outlets,24,39.0,488246.0,1.4483,0.0769,1.0,0.0083,4043.6431,False
C03676,Duka,Rift Valley,Needs Attention,Core Small Outlets,14,24.0,221128.0,2.6,0.25,5.0,0.0183,4043.2218,False
C03290,Duka,Western,Promising / New,Core Small Outlets,10,21.0,206494.0,1.4118,0.0476,1.0,0.0196,4039.8987,False
C01485,Duka,Coast,Champions,Core Small Outlets,5,41.0,595847.0,1.3548,0.0488,1.0,0.0068,4037.9506,False
C00475,Duka,Coast,Promising / New,Core Small Outlets,5,28.0,220644.0,1.3636,0.1429,2.0,0.0182,4026.5627,False
C03229,Duka,Nyanza,Needs Attention,Core Small Outlets,20,19.0,93389.0,0.8333,0.1579,1.0,0.043,4020.1586,False
C02323,Duka,Western,Champions,Core Small Outlets,5,31.0,335695.0,1.2,0.0968,0.0,0.0119,4001.9901,False
C02168,Duka,Rift Valley,Hibernating / Lost,Core Small Outlets,49,18.0,92142.0,0.8824,0.0,0.0,0.0433,3987.8271,False
C01202,Duka,Nairobi,Promising / New,Core Small Outlets,8,18.0,201826.0,1.4,0.0556,0.0,0.0197,3982.052,False
C02230,Duka,Central,Promising / New,Core Small Outlets,8,22.0,181935.0,0.9,0.0,0.0,0.0217,3943.9657,False
C02730,Duka,Rift Valley,Loyal,Core Small Outlets,14,52.0,955115.0,1.4211,0.1154,0.0,0.0041,3899.5111,False
C01451,Duka,Central,Promising / New,Core Small Outlets,9,24.0,144289.0,1.0,0.2083,1.0,0.0268,3868.9655,False
C02238,Duka,Nairobi,Loyal,Core Small Outlets,11,35.0,389114.0,1.3333,0.1429,2.0,0.0099,3868.7468,False
C03184,Duka,Nairobi,Needs Attention,Core Small Outlets,12,17.0,140563.0,0.7059,0.0588,0.0,0.0275,3860.201,False
C02980,HoReCa,Central,Needs Attention,Core Small Outlets,15,10.0,131789.0,0.8182,0.0,0.0,0.0291,3833.7256,False
C03057,Duka,Nairobi,Champions,Core Small Outlets,7,37.0,406370.0,1.1,0.1351,2.0,0.0094,3819.8059,False
C00485,Duka,Central,Hibernating / Lost,Core Small Outlets,45,7.0,55129.0,1.7143,0.1429,1.0,0.0691,3809.3259,False
C03536,Duka,Nairobi,Needs Attention,Core Small Outlets,20,20.0,178231.0,1.2353,0.1,0.0,0.0213,3797.2248,False
C01412,HoReCa,Nyanza,Loyal,Core Small Outlets,5,23.0,466700.0,1.5,0.0435,0.0,0.0081,3762.8554,False
C03590,Duka,Coast,Hibernating / Lost,Core Small Outlets,38,21.0,80684.0,0.75,0.0952,1.0,0.0466,3762.4421,False
C01238,Duka,Rift Valley,Loyal,Core Small Outlets,6,28.0,336050.0,1.5714,0.2143,1.0,0.0112,3756.1834,False
C01379,Duka,Western,Promising / New,Core Small Outlets,11,15.0,79737.0,0.8,0.0667,0.0,0.047,3750.0354,False
C01207,Duka,Western,Needs Attention,Core Small Outlets,13,11.0,97038.0,3.4286,0.0909,2.0,0.0386,3742.0016,False
C01407,Duka,Nairobi,Needs Attention,Core Small Outlets,16,12.0,102351.0,2.3333,0.0833,1.0,0.0361,3691.4786,False
C02349,Duka,Rift Valley,Champions,Core Small Outlets,4,30.0,416116.0,2.1,0.1333,1.0,0.0089,3685.6536,False
C00419,Duka,Nairobi,Loyal,Core Small Outlets,13,25.0,513484.0,4.9091,0.04,1.0,0.0072,3681.2066,False
C03046,Duka,Central,Champions,Core Small Outlets,9,42.0,604779.0,1.0588,0.1429,0.0,0.0061,3669.3116,False
C03182,Duka,Nyanza,Champions,Core Small Outlets,5,47.0,658342.0,1.0263,0.1702,2.0,0.0056,3661.4461,False
C00670,Duka,Nairobi,Needs Attention,Core Small Outlets,12,22.0,163888.0,1.3333,0.0909,1.0,0.0223,3656.6569,False
C02418,Duka,Nairobi,Champions,Core Small Outlets,3,40.0,450673.0,1.125,0.1,3.0,0.0081,3639.9788,False
C01239,Duka,Central,Promising / New,Core Small Outlets,8,13.0,104888.0,2.6667,0.1538,2.0,0.0343,3595.7079,False
C01005,HoReCa,Central,Loyal,Core Small Outlets,8,30.0,580892.0,1.4348,0.1333,1.0,0.0061,3571.5033,False
C00947,Duka,Rift Valley,Promising / New,Core Small Outlets,11,17.0,117813.0,1.2,0.0,0.0,0.0302,3558.0195,False
C01758,Duka,Central,Champions,Core Small Outlets,9,32.0,328045.0,1.5,0.125,2.0,0.0108,3543.9027,False
C00989,Petrol Station,Central,Promising / New,Core Small Outlets,6,10.0,48624.0,0.8182,0.3,1.0,0.0728,3540.3717,False
C03926,Duka,Nyanza,Needs Attention,Core Small Outlets,17,16.0,92521.0,0.75,0.125,2.0,0.0382,3531.2002,False
C00935,Duka,Nairobi,Champions,Core Small Outlets,3,46.0,909842.0,1.6875,0.0435,1.0,0.0039,3525.4804,False
C02850,Duka,Western,Needs Attention,Core Small Outlets,14,24.0,188842.0,1.9412,0.25,1.0,0.0187,3523.5718,False
C03330,Duka,Rift Valley,Promising / New,Core Small Outlets,3,24.0,197876.0,1.2,0.125,2.0,0.0177,3502.0477,False
C00809,Petrol Station,Central,Promising / New,Core Small Outlets,8,26.0,211608.0,1.0909,0.0385,0.0,0.0163,3459.2057,False
C00144,Duka,Central,Needs Attention,Core Small Outlets,18,24.0,176319.0,1.0,0.0833,1.0,0.0195,3435.3242,False
C01255,Duka,Central,Hibernating / Lost,Core Small Outlets,47,9.0,59588.0,1.3333,0.0,0.0,0.0575,3424.6309,False
C03786,Duka,Coast,Promising / New,Core Small Outlets,9,23.0,138725.0,0.8571,0.0435,2.0,0.0246,3416.7076,False
C02856,Duka,Rift Valley,Hibernating / Lost,Lapsed Small Outlets,49,7.0,26169.0,1.125,0.0,0.0,0.1305,3415.5047,False
C02153,Duka,Nyanza,Loyal,Core Small Outlets,8,28.0,280315.0,1.5714,0.2857,4.0,0.0122,3412.1977,False
C01930,Duka,Nyanza,Loyal,Core Small Outlets,16,35.0,331296.0,1.0345,0.0571,0.0,0.0103,3408.2846,False
C00734,Duka,Nairobi,Champions,Core Small Outlets,5,31.0,283525.0,1.2,0.0323,1.0,0.012,3407.0139,False
C01665,Duka,Coast,Loyal,Core Small Outlets,4,21.0,274532.0,3.8182,0.0952,1.0,0.0124,3401.2847,False
C01706,Duka,Rift Valley,Needs Attention,Core Small Outlets,27,30.0,233572.0,1.08,0.0,0.0,0.0145,3397.6595,False
C00150,Duka,Central,Loyal,Core Small Outlets,15,30.0,280205.0,0.7778,0.0,0.0,0.0121,3397.0097,False
C02352,Duka,Central,Needs Attention,Core Small Outlets,20,15.0,73252.0,0.8,0.1333,0.0,0.0459,3363.4387,False
C03600,Duka,Nairobi,Loyal,Core Small Outlets,15,35.0,342021.0,1.1786,0.0857,1.0,0.0098,3356.3972,False
C01773,Duka,Nairobi,Loyal,Core Small Outlets,12,30.0,254919.0,0.9231,0.0667,1.0,0.0131,3347.1429,False
C02353,Supermarket,Coast,Champions,Key Accounts,3,226.0,72189019.0,1.2593,0.1283,13.0,0.0,3346.4234,False
C01382,HoReCa,Central,Promising / New,Core Small Outlets,3,17.0,227134.0,1.5,0.1176,1.0,0.0147,3335.1453,False
C00416,Duka,Coast,Needs Attention,Core Small Outlets,25,9.0,58266.0,3.5,0.2222,0.0,0.0572,3334.5814,False
C00823,Duka,Nyanza,Hibernating / Lost,Lapsed Small Outlets,60,4.0,22152.0,1.8,0.0,0.0,0.1488,3296.1057,False
C00269,HoReCa,Nairobi,Loyal,Core Small Outlets,6,20.0,254214.0,1.5,0.3,1.0,0.0128,3263.6731,False
C00024,Duka,Nyanza,Needs Attention,Core Small Outlets,19,11.0,40258.0,0.4615,0.0909,1.0,0.0809,3258.649,False
C01573,Duka,Nyanza,Promising / New,Core Small Outlets,10,17.0,107640.0,0.9375,0.2353,1.0,0.0302,3247.1201,False
C03362,Duka,Central,Needs Attention,Core Small Outlets,20,22.0,136099.0,1.3333,0.1364,0.0,0.0237,3229.5497,False
C02292,Duka,Nairobi,Needs Attention,Core Small Outlets,17,20.0,178800.0,1.5,0.1,1.0,0.018,3226.1002,False
C01627,Duka,Rift Valley,Champions,Core Small Outlets,11,32.0,305429.0,1.9091,0.0625,1.0,0.0105,3206.4627,False
C03051,Duka,Nairobi,Promising / New,Core Small Outlets,9,23.0,191476.0,1.5,0.2609,3.0,0.0166,3171.7782,False
C01890,HoReCa,Central,Loyal,Core Small Outlets,16,28.0,478196.0,1.3636,0.0714,1.0,0.0066,3166.4616,False
C00546,Supermarket,Nairobi,Champions,Key Accounts,3,145.0,23348375.0,1.3824,0.0552,0.0,0.0001,3161.4688,False
C01328,Petrol Station,Rift Valley,Hibernating / Lost,Core Small Outlets,41,12.0,63550.0,1.0,0.0,1.0,0.0495,3145.0981,False
C03653,Duka,Western,Needs Attention,Core Small Outlets,14,15.0,79708.0,0.5625,0.0,0.0,0.0395,3144.9642,False
C01396,HoReCa,Rift Valley,Loyal,Core Small Outlets,6,24.0,423815.0,1.0,0.0417,0.0,0.0074,3142.9306,False
C01481,Duka,Central,Loyal,Core Small Outlets,3,30.0,304470.0,0.9231,0.1,0.0,0.0102,3105.9435,False
C00156,Duka,Central,Needs Attention,Core Small Outlets,13,10.0,46527.0,0.5,0.2,1.0,0.0664,3087.167,False
C01143,Petrol Station,Coast,Promising / New,Core Small Outlets,8,20.0,187369.0,1.8,0.05,0.0,0.0164,3081.8715,False
C02261,Duka,Nairobi,Promising / New,Core Small Outlets,4,22.0,178312.0,0.9,0.1818,2.0,0.0171,3044.3331,False
C02229,Duka,Rift Valley,Loyal,Core Small Outlets,3,29.0,291931.0,1.95,0.1034,3.0,0.0104,3042.0609,False
C00754,Duka,Nyanza,Loyal,Core Small Outlets,5,29.0,334048.0,1.3043,0.069,1.0,0.0091,3028.3186,False
C01594,HoReCa,Central,Loyal,Core Small Outlets,15,28.0,491002.0,1.8,0.0357,0.0,0.0061,3015.1714,False
C01600,Duka,Western,Needs Attention,Core Small Outlets,12,27.0,226661.0,1.2273,0.037,1.0,0.0133,3007.8645,False
C00759,Petrol Station,Nairobi,Champions,Core Small Outlets,3,44.0,685996.0,1.5,0.1136,1.0,0.0043,2974.7276,False
C03949,Duka,Central,Champions,Core Small Outlets,8,43.0,603854.0,1.7,0.1628,5.0,0.0049,2963.0483,False
C03930,Duka,Central,Hibernating / Lost,Core Small Outlets,36,22.0,113005.0,1.1053,0.1364,1.0,0.0262,2961.0269,False
C00114,Duka,Central,Hibernating / Lost,Core Small Outlets,29,4.0,26658.0,1.8,0.25,1.0,0.1106,2948.3641,False
C03207,Duka,Rift Valley,Hibernating / Lost,Core Small Outlets,59,5.0,24252.0,2.4,0.0,0.0,0.1211,2936.6855,False
C00785,Duka,Rift Valley,Needs Attention,Core Small Outlets,18,13.0,77232.0,1.6364,0.2308,0.0,0.0379,2927.5989,False
C01499,Duka,Nairobi,Promising / New,Core Small Outlets,4,19.0,117024.0,1.3125,0.2105,1.0,0.0248,2904.0652,False
C03402,Duka,Rift Valley,Loyal,Core Small Outlets,28,24.0,243896.0,1.6667,0.0833,0.0,0.0118,2887.5515,False
C01018,Duka,Nairobi,Needs Attention,Core Small Outlets,19,9.0,56338.0,2.5714,0.1111,0.0,0.0512,2881.9277,False
C00630,Duka,Coast,Promising / New,Core Small Outlets,3,16.0,113590.0,1.0,0.1875,0.0,0.0253,2876.7436,False
C02926,HoReCa,Rift Valley,Promising / New,Core Small Outlets,3,12.0,266889.0,6.6,0.1667,0.0,0.0108,2869.6003,False
C01012,Duka,Central,Needs Attention,Core Small Outlets,19,17.0,113349.0,2.25,0.1176,0.0,0.0252,2855.9819,False
C03099,Duka,Nairobi,Hibernating / Lost,Core Small Outlets,39,8.0,63605.0,2.1429,0.0,0.0,0.0447,2845.1341,False
C00332,Petrol Station,Central,Needs Attention,Core Small Outlets,15,17.0,114867.0,1.5,0.1176,0.0,0.0247,2840.2729,False
C00502,Duka,Central,Promising / New,Core Small Outlets,3,20.0,148645.0,1.0,0.0,0.0,0.0191,2833.1921,False
C03834,Duka,Central,Hibernating / Lost,Core Small Outlets,70,4.0,25014.0,3.0,0.25,0.0,0.1124,2812.2615,False
C03551,Duka,Western,Needs Attention,Core Small Outlets,26,14.0,91121.0,1.5,0.0714,0.0,0.0307,2797.2314,False
C00516,Petrol Station,Nairobi,Promising / New,Core Small Outlets,5,13.0,120659.0,1.25,0.0769,0.0,0.0231,2784.8739,False
C00575,Duka,Nairobi,Needs Attention,Core Small Outlets,23,12.0,41894.0,0.4286,0.0,0.0,0.0659,2762.6945,False
C03303,Duka,Nyanza,Champions,Core Small Outlets,4,32.0,325869.0,1.1538,0.2188,4.0,0.0084,2741.3824,False
C00350,HoReCa,Nairobi,Loyal,Core Small Outlets,7,28.0,603915.0,1.5714,0.0,0.0,0.0045,2728.6088,False
C00604,Duka,Nairobi,Loyal,Core Small Outlets,4,29.0,318913.0,1.125,0.1034,1.0,0.0085,2715.87,False
C02368,Duka,Rift Valley,Hibernating / Lost,Core Small Outlets,38,22.0,200678.0,2.2,0.0909,1.0,0.0135,2713.2112,False
C01463,HoReCa,Nairobi,Loyal,Core Small Outlets,6,28.0,502716.0,1.8,0.1429,1.0,0.0054,2697.8471,False
C02784,Petrol Station,Western,Promising / New,Core Small Outlets,4,18.0,188044.0,1.125,0.0,0.0,0.0143,2694.9951,False
C02764,Duka,Nairobi,Promising / New,Core Small Outlets,7,21.0,168015.0,2.3571,0.1429,0.0,0.016,2680.166,False
C01372,HoReCa,Nairobi,Promising / New,Core Small Outlets,6,18.0,276651.0,0.8824,0.0,0.0,0.0095,2632.4493,False
C02870,Duka,Nairobi,Loyal,Core Small Outlets,11,28.0,266198.0,1.0,0.0,0.0,0.0098,2618.8138,False
C00470,Duka,Western,Promising / New,Core Small Outlets,3,16.0,68787.0,0.75,0.0,0.0,0.038,2612.8223,False
C00226,Duka,Nairobi,Needs Attention,Core Small Outlets,14,23.0,142638.0,1.2632,0.1304,2.0,0.0181,2587.7691,False
C01067,Duka,Coast,Promising / New,Core Small Outlets,8,26.0,187255.0,1.5,0.0769,2.0,0.0138,2587.2913,False
C02952,Duka,Central,Promising / New,Core Small Outlets,6,22.0,211748.0,1.875,0.0455,1.0,0.0122,2583.8653,False
C01098,Duka,Nairobi,Champions,Core Small Outlets,3,43.0,601890.0,1.7,0.093,1.0,0.0043,2578.1029,False
C01015,Duka,Central,Promising / New,Core Small Outlets,11,16.0,141112.0,2.0,0.0,0.0,0.0182,2574.8068,False
C01147,Duka,Nairobi,Promising / New,Core Small Outlets,11,15.0,107292.0,1.75,0.0667,1.0,0.024,2572.785,False
C02532,Duka,Nyanza,Needs Attention,Core Small Outlets,23,13.0,124831.0,1.25,0.0769,0.0,0.0205,2560.0152,False
C02789,Duka,Nairobi,Needs Attention,Core Small Outlets,11,20.0,139984.0,1.0,0.0,0.0,0.0183,2558.7985,False
C03238,Duka,Central,Needs Attention,Core Small Outlets,12,16.0,138959.0,1.2857,0.0,0.0,0.0181,2518.4974,False
C02194,Duka,Nyanza,Promising / New,Core Small Outlets,6,22.0,192992.0,1.1053,0.1364,1.0,0.013,2516.2772,False
C00270,Supermarket,Nairobi,Champions,Key Accounts,5,163.0,31653324.0,1.1405,0.0613,3.0,0.0001,2507.8676,False
C01236,Duka,Central,Needs Attention,Core Small Outlets,27,10.0,67574.0,1.6667,0.1,0.0,0.037,2500.1378,False
C02744,Duka,Nairobi,Needs Attention,Core Small Outlets,19,17.0,129023.0,3.3,0.0588,1.0,0.0193,2490.1328,False
C03578,Duka,Nyanza,Loyal,Core Small Outlets,13,40.0,437249.0,1.2581,0.05,2.0,0.0057,2478.5804,False
C03202,HoReCa,Coast,Champions,Core Small Outlets,7,36.0,796698.0,1.8,0.0556,0.0,0.0031,2478.1084,False
C02444,Supermarket,Central,Champions,Key Accounts,4,187.0,44978971.0,0.82,0.1016,3.0,0.0001,2477.788,False
C01269,HoReCa,Nairobi,Promising / New,Core Small Outlets,9,14.0,240603.0,1.5,0.1429,0.0,0.0102,2465.5714,False
C00617,Duka,Central,Needs Attention,Core Small Outlets,21,11.0,55570.0,1.5,0.0909,1.0,0.0443,2461.495,False
C00036,Petrol Station,Nairobi,Promising / New,Core Small Outlets,11,11.0,115024.0,2.0,0.0909,2.0,0.0213,2455.2198,False
C04000,Duka,Nyanza,Needs Attention,Core Small Outlets,20,12.0,36044.0,0.4286,0.0,0.0,0.068,2452.7342,False
C01928,Duka,Coast,Promising / New,Core Small Outlets,4,18.0,96429.0,0.8824,0.0556,1.0,0.0254,2451.1494,False
C00868,Duka,Central,Promising / New,Core Small Outlets,11,25.0,193909.0,1.5789,0.24,1.0,0.0126,2445.4139,False
C00742,Duka,Nyanza,Promising / New,Core Small Outlets,3,15.0,79553.0,0.8,0.0667,0.0,0.0307,2443.4285,False
C00548,Duka,Rift Valley,Needs Attention,Core Small Outlets,22,7.0,46826.0,2.5,0.2857,1.0,0.0519,2430.6969,False
C00252,Duka,Coast,Needs Attention,Core Small Outlets,12,11.0,51984.0,1.5,0.1818,0.0,0.0464,2414.1991,False
C00343,Duka,Rift Valley,Promising / New,Core Small Outlets,8,17.0,129899.0,0.9375,0.1176,1.0,0.0185,2402.3233,False
C03956,Duka,Central,Loyal,Core Small Outlets,4,29.0,273663.0,1.3043,0.069,1.0,0.0088,2396.3023,False
C02614,Duka,Coast,Hibernating / Lost,Core Small Outlets,39,11.0,33407.0,1.0909,0.0909,0.0,0.0717,2393.8166,False
C02222,Duka,Nairobi,Promising / New,Core Small Outlets,3,28.0,213176.0,0.6923,0.0,0.0,0.0112,2392.8195,False
C02178,Petrol Station,Rift Valley,Promising / New,Core Small Outlets,11,15.0,122233.0,1.3846,0.2,1.0,0.0195,2389.6183,False
C01181,Duka,Nyanza,Hibernating / Lost,Core Small Outlets,58,12.0,42681.0,1.0,0.1667,0.0,0.0558,2382.4796,False
C02305,Duka,Central,Needs Attention,Core Small Outlets,11,29.0,212043.0,1.125,0.1034,1.0,0.0112,2369.942,False
C02970,Duka,Nairobi,Promising / New,Core Small Outlets,8,17.0,129113.0,1.5,0.2353,2.0,0.0182,2344.7343,False
C00217,Duka,Nairobi,Loyal,Core Small Outlets,6,29.0,482221.0,6.0,0.1379,3.0,0.0049,2340.8917,False
C03067,Duka,Nairobi,Hibernating / Lost,Lapsed Small Outlets,48,3.0,14126.0,1.2,0.0,0.0,0.1644,2322.0707,False
C01378,HoReCa,Nyanza,Promising / New,Core Small Outlets,7,11.0,323538.0,3.4286,0.0,0.0,0.0072,2322.0223,False
C02493,Duka,Nairobi,Needs Attention,Core Small Outlets,27,21.0,140988.0,2.0,0.0952,1.0,0.0165,2320.6551,False
C01122,Duka,Nyanza,Promising / New,Core Small Outlets,4,21.0,155568.0,1.1667,0.0,0.0,0.0148,2308.0194,False
C00921,Duka,Central,Needs Attention,Core Small Outlets,12,18.0,96002.0,1.125,0.1667,1.0,0.024,2304.3589,False
C00694,Duka,Western,Champions,Core Small Outlets,9,33.0,395077.0,1.625,0.0909,1.0,0.0058,2297.1778,False
C03089,Duka,Rift Valley,Needs Attention,Core Small Outlets,11,14.0,39217.0,0.6,0.0714,2.0,0.0583,2284.6787,False
C03106,Duka,Coast,Loyal,Core Small Outlets,16,28.0,286493.0,2.6471,0.0714,1.0,0.0079,2251.275,False
C00098,Petrol Station,Western,Needs Attention,Core Small Outlets,13,16.0,151246.0,2.4545,0.1875,2.0,0.0149,2250.3454,False
C01274,Duka,Nairobi,Hibernating / Lost,Lapsed Small Outlets,77,4.0,8076.0,1.0,0.25,0.0,0.2754,2224.36,False
C00438,Duka,Rift Valley,Champions,Core Small Outlets,3,36.0,386017.0,1.2857,0.1389,1.0,0.0058,2223.982,False
C03446,Duka,Nairobi,Promising / New,Core Small Outlets,6,14.0,118875.0,3.0,0.0714,0.0,0.0187,2220.7253,False
C02232,Duka,Rift Valley,Champions,Core Small Outlets,5,38.0,366721.0,1.5,0.1316,0.0,0.006,2207.5712,False
C01060,Duka,Nairobi,Loyal,Core Small Outlets,16,25.0,256854.0,2.1176,0.16,1.0,0.0086,2205.6448,False
C01735,Duka,Central,Promising / New,Core Small Outlets,6,18.0,107620.0,1.4,0.2222,0.0,0.0204,2197.4413,False
C03397,Petrol Station,Western,Needs Attention,Core Small Outlets,12,13.0,107801.0,2.6667,0.0,0.0,0.0202,2173.1298,False
C01166,Petrol Station,Nairobi,Promising / New,Core Small Outlets,9,16.0,161567.0,2.0,0.0625,0.0,0.0133,2150.2179,False
C01480,Duka,Western,Promising / New,Core Small Outlets,6,10.0,64878.0,1.2,0.3,1.0,0.033,2141.6855,False
C03056,Duka,Central,Champions,Core Small Outlets,3,41.0,492207.0,1.8214,0.0732,0.0,0.0043,2141.0337,False
C02492,Duka,Nairobi,Needs Attention,Core Small Outlets,23,13.0,117465.0,3.375,0.2308,1.0,0.0181,2125.4616,False
C02636,Duka,Western,Needs Attention,Core Small Outlets,16,17.0,154920.0,1.5,0.0,0.0,0.0135,2088.3447,False
C01734,HoReCa,Rift Valley,Champions,Core Small Outlets,3,48.0,1257317.0,1.875,0.0833,1.0,0.0017,2085.8068,False
C03789,Duka,Nairobi,Needs Attention,Core Small Outlets,18,13.0,91335.0,2.1,0.0,0.0,0.0227,2075.543,False
C00912,Duka,Central,Promising / New,Core Small Outlets,11,21.0,129717.0,0.75,0.0476,1.0,0.0159,2057.3644,False
C03004,Duka,Rift Valley,Needs Attention,Core Small Outlets,16,18.0,83815.0,1.125,0.1111,0.0,0.0244,2049.187,False
C02291,Duka,Western,Needs Attention,Core Small Outlets,18,13.0,59787.0,1.25,0.2308,2.0,0.0338,2021.7881,False
C00405,Duka,Coast,Hibernating / Lost,Core Small Outlets,36,7.0,16567.0,1.125,0.2857,0.0,0.1216,2014.8601,False
C02738,Duka,Rift Valley,Promising / New,Core Small Outlets,6,16.0,119929.0,1.6154,0.0625,0.0,0.0168,2010.5053,False
C01071,Duka,Central,Champions,Core Small Outlets,4,35.0,261560.0,1.5,0.1714,2.0,0.0076,1988.8259,False
C00940,Duka,Central,Needs Attention,Core Small Outlets,20,18.0,146975.0,1.4,0.0556,2.0,0.0134,1969.485,False
C00529,Duka,Central,Needs Attention,Core Small Outlets,19,6.0,45344.0,1.2857,0.0,0.0,0.0429,1944.1715,False
C01912,Duka,Central,Promising / New,Core Small Outlets,9,9.0,85583.0,2.5714,0.2222,1.0,0.0224,1920.2531,False
C02195,Duka,Western,Needs Attention,Core Small Outlets,16,18.0,101922.0,2.0769,0.2222,1.0,0.0188,1920.0103,False
C03700,Petrol Station,Nyanza,Promising / New,Core Small Outlets,6,22.0,182291.0,0.9,0.0,0.0,0.0105,1918.8736,False
C01785,Duka,Rift Valley,Promising / New,Core Small Outlets,5,11.0,84047.0,3.4286,0.2727,0.0,0.0228,1913.4293,False
C03942,Duka,Nairobi,Needs Attention,Core Small Outlets,13,14.0,74481.0,1.9091,0.1429,1.0,0.0256,1906.9115,False
C03976,Duka,Nairobi,Promising / New,Core Small Outlets,5,22.0,150387.0,1.1053,0.1364,0.0,0.0126,1893.637,False
C03759,Duka,Nairobi,Promising / New,Core Small Outlets,8,22.0,130865.0,0.7143,0.0455,0.0,0.0143,1875.1489,False
C03142,Duka,Western,Hibernating / Lost,Core Small Outlets,36,16.0,63457.0,1.2857,0.0625,1.0,0.0292,1851.2567,False
C03080,Duka,Western,Needs Attention,Core Small Outlets,11,7.0,65872.0,3.6,0.0,0.0,0.0279,1839.402,False
C03778,Duka,Nairobi,Hibernating / Lost,Lapsed Small Outlets,50,3.0,9734.0,1.2,0.0,0.0,0.1888,1837.4445,False
C01651,Duka,Nairobi,Promising / New,Core Small Outlets,3,23.0,177438.0,1.7647,0.0435,1.0,0.0103,1832.7672,False
C00469,Duka,Central,Loyal,Core Small Outlets,3,24.0,604797.0,9.0,0.125,1.0,0.003,1825.1561,False
C00427,Duka,Central,Promising / New,Core Small Outlets,8,24.0,210822.0,1.6667,0.1667,0.0,0.0086,1816.1069,False
C00769,Duka,Western,Promising / New,Core Small Outlets,9,23.0,142879.0,1.2632,0.2174,0.0,0.0126,1805.7282,False
C03879,Duka,Central,Promising / New,Core Small Outlets,7,15.0,85168.0,0.8,0.1333,2.0,0.0212,1802.3724,False
C02141,Duka,Nyanza,Champions,Core Small Outlets,3,39.0,581116.0,1.3,0.0513,1.0,0.003,1765.9297,False
C02751,HoReCa,Rift Valley,Promising / New,Core Small Outlets,3,14.0,201986.0,1.9091,0.1429,1.0,0.0086,1733.353,False
C02302,Petrol Station,Nairobi,Needs Attention,Core Small Outlets,12,25.0,220259.0,1.35,0.08,0.0,0.0078,1720.4796,False
C00744,Duka,Central,Loyal,Core Small Outlets,15,32.0,300229.0,1.5,0.0938,0.0,0.0057,1715.9742,False
C03022,Duka,Nairobi,Needs Attention,Core Small Outlets,15,8.0,39857.0,2.1429,0.25,1.0,0.0422,1681.7646,False
C03760,Duka,Central,Needs Attention,Core Small Outlets,23,8.0,55472.0,3.0,0.125,0.0,0.0295,1636.5368,False
C02150,Duka,Nairobi,Promising / New,Core Small Outlets,9,17.0,156204.0,1.8462,0.1765,0.0,0.0103,1616.2733,False
C01838,Duka,Rift Valley,Champions,Core Small Outlets,3,37.0,391920.0,1.92,0.0811,0.0,0.0041,1611.6837,False
C02548,Duka,Western,Promising / New,Core Small Outlets,5,18.0,120687.0,1.4,0.1111,1.0,0.0133,1602.8311,False
C02785,Duka,Rift Valley,Needs Attention,Core Small Outlets,14,26.0,129275.0,1.5,0.2308,4.0,0.0123,1596.1656,False
C03904,Duka,Nairobi,Loyal,Core Small Outlets,4,25.0,268530.0,1.5789,0.08,0.0,0.0059,1574.4356,False
C03034,Duka,Central,Promising / New,Core Small Outlets,7,21.0,145587.0,1.1667,0.0476,1.0,0.0107,1557.8404,False
C01764,Duka,Nairobi,Needs Attention,Core Small Outlets,19,12.0,53482.0,1.3636,0.0,1.0,0.029,1552.5448,False
C01632,Duka,Rift Valley,Promising / New,Core Small Outlets,9,24.0,205864.0,1.4211,0.1667,1.0,0.0075,1546.7413,False
C03568,Duka,Rift Valley,Needs Attention,Core Small Outlets,14,19.0,122356.0,1.9286,0.0,0.0,0.0124,1515.5746,False
C00392,Duka,Central,Promising / New,Core Small Outlets,11,11.0,50711.0,1.5,0.3636,2.0,0.0298,1511.2631,False
C00280,Duka,Nyanza,Champions,Core Small Outlets,4,32.0,345629.0,1.1538,0.0938,1.0,0.0043,1492.9655,False
C02799,Duka,Central,Promising / New,Core Small Outlets,5,15.0,103106.0,1.0714,0.0667,0.0,0.0144,1486.847,False
C02615,Duka,Central,Needs Attention,Core Small Outlets,12,12.0,95917.0,3.0,0.3333,3.0,0.0153,1468.1796,False
C00207,Duka,Nyanza,Needs Attention,Core Small Outlets,13,9.0,42716.0,1.3333,0.1111,0.0,0.034,1450.944,False
C01598,Duka,Western,Needs Attention,Core Small Outlets,17,30.0,212929.0,1.8571,0.0333,0.0,0.0068,1450.7272,False
C02094,Supermarket,Nairobi,Champions,Key Accounts,3,217.0,59829929.0,1.0926,0.106,10.0,0.0,1449.0484,False
C03788,Duka,Central,Promising / New,Core Small Outlets,6,18.0,111395.0,1.4,0.1667,1.0,0.0129,1436.8437,False
C01347,Duka,Nyanza,Promising / New,Core Small Outlets,4,7.0,48657.0,1.7143,0.0,0.0,0.0295,1435.179,False
C02306,Duka,Central,Promising / New,Core Small Outlets,6,19.0,160822.0,2.3077,0.0,1.0,0.0089,1434.9725,False
C01830,Duka,Central,Promising / New,Core Small Outlets,11,11.0,61873.0,2.0,0.0909,1.0,0.0229,1417.2311,False
C01844,Duka,Rift Valley,Needs Attention,Core Small Outlets,12,10.0,110407.0,5.4,0.0,0.0,0.0128,1408.9311,False
C00236,Duka,Nairobi,Needs Attention,Core Small Outlets,14,7.0,37090.0,1.7143,0.2857,1.0,0.038,1408.1717,False
C00567,Petrol Station,Coast,Needs Attention,Core Small Outlets,19,8.0,78525.0,3.0,0.0,0.0,0.0179,1405.8773,False
C00102,Duka,Rift Valley,Needs Attention,Core Small Outlets,18,17.0,104971.0,2.25,0.1176,1.0,0.0133,1398.9264,False
C02114,Duka,Central,Promising / New,Core Small Outlets,3,20.0,147654.0,1.2353,0.05,0.0,0.0094,1387.7107,False
C01987,Petrol Station,Nairobi,Promising / New,Core Small Outlets,4,8.0,100260.0,3.0,0.125,0.0,0.0137,1375.4372,False
C02680,Petrol Station,Nairobi,Promising / New,Core Small Outlets,6,20.0,206326.0,1.5,0.1,0.0,0.0066,1371.4808,False
C01203,Petrol Station,Central,Needs Attention,Core Small Outlets,14,18.0,145513.0,2.5,0.2222,1.0,0.0094,1363.1796,False
C01649,Duka,Nairobi,Promising / New,Core Small Outlets,7,17.0,66918.0,0.9375,0.1765,0.0,0.02,1336.3393,False
C00944,Duka,Central,Promising / New,Core Small Outlets,4,16.0,99772.0,1.2857,0.0625,0.0,0.013,1295.4075,False
C03941,Duka,Nyanza,Promising / New,Core Small Outlets,3,19.0,107043.0,1.6,0.2105,2.0,0.0121,1292.4103,False
C00448,Duka,Coast,Promising / New,Core Small Outlets,10,13.0,71229.0,1.25,0.0,0.0,0.0179,1272.9234,False
C01498,Duka,Rift Valley,Needs Attention,Core Small Outlets,13,16.0,120787.0,1.2857,0.0,0.0,0.0102,1231.7182,False
C01110,Duka,Rift Valley,Promising / New,Core Small Outlets,3,16.0,88864.0,1.2857,0.25,1.0,0.0139,1231.0903,False
C01994,Duka,Nyanza,Promising / New,Core Small Outlets,11,26.0,192864.0,1.5,0.0,0.0,0.0063,1222.4365,False
C01385,Duka,Rift Valley,Needs Attention,Core Small Outlets,20,17.0,110128.0,1.8462,0.0588,0.0,0.011,1216.5468,False
C03985,Duka,Central,Hibernating / Lost,Core Small Outlets,40,9.0,38238.0,1.875,0.0,0.0,0.0314,1200.1484,False
C01272,Duka,Coast,Promising / New,Core Small Outlets,6,5.0,32248.0,2.4,0.0,0.0,0.0367,1185.0425,False
C00020,Duka,Western,Hibernating / Lost,Core Small Outlets,37,4.0,22740.0,3.0,0.0,0.0,0.0518,1177.7732,False
C03071,Duka,Central,Promising / New,Core Small Outlets,10,25.0,204416.0,1.5789,0.04,3.0,0.0058,1176.7099,False
C01459,Duka,Coast,Promising / New,Core Small Outlets,3,19.0,115632.0,1.0588,0.0526,0.0,0.0101,1167.5282,False
C03968,Duka,Coast,Needs Attention,Core Small Outlets,24,9.0,37401.0,0.9,0.1111,0.0,0.03,1120.9799,False
C02224,Duka,Rift Valley,Needs Attention,Core Small Outlets,17,5.0,31246.0,2.4,0.0,0.0,0.0356,1112.0727,False
C01375,Duka,Nyanza,Promising / New,Core Small Outlets,10,13.0,76713.0,0.9231,0.0,2.0,0.0143,1098.6791,False
C00316,Duka,Nairobi,Needs Attention,Core Small Outlets,26,10.0,95420.0,7.5,0.1,1.0,0.0115,1097.8028,False
C02259,Duka,Nairobi,Needs Attention,Core Small Outlets,21,9.0,66336.0,2.5714,0.1111,0.0,0.0165,1095.9475,False
C02014,Duka,Rift Valley,Promising / New,Core Small Outlets,6,13.0,71501.0,1.25,0.0,0.0,0.0153,1092.87,False
C03371,Duka,Nairobi,Needs Attention,Core Small Outlets,22,23.0,163742.0,1.7647,0.087,1.0,0.0066,1083.1895,False
C00570,Petrol Station,Nairobi,Promising / New,Core Small Outlets,5,12.0,100213.0,3.0,0.0833,1.0,0.0107,1070.7901,False
C02361,Duka,Western,Hibernating / Lost,Lapsed Small Outlets,40,2.0,7020.0,1.5,0.0,0.0,0.15,1052.676,False
C01094,Duka,Western,Hibernating / Lost,Core Small Outlets,42,3.0,15109.0,2.25,0.0,0.0,0.0696,1052.3139,False
C01664,Duka,Nairobi,Needs Attention,Core Small Outlets,28,7.0,72329.0,8.0,0.0,0.0,0.014,1012.374,False
C02526,Duka,Central,Promising / New,Core Small Outlets,3,10.0,92159.0,4.0,0.2,1.0,0.0109,1008.6482,False
C03585,Duka,Rift Valley,Promising / New,Core Small Outlets,6,12.0,107644.0,6.6,0.0833,1.0,0.0094,1008.2159,False
C02736,Duka,Western,Needs Attention,Core Small Outlets,16,15.0,55992.0,1.0714,0.0667,0.0,0.0179,1000.6923,False
C01762,Petrol Station,Rift Valley,Promising / New,Core Small Outlets,3,10.0,46638.0,1.2,0.2,2.0,0.0211,983.2548,False
C02350,Duka,Central,Needs Attention,Core Small Outlets,15,16.0,93280.0,2.4545,0.0625,0.0,0.0104,969.6881,False
C03650,Petrol Station,Rift Valley,Promising / New,Core Small Outlets,5,9.0,73645.0,3.5,0.2222,1.0,0.0129,946.4011,False
C02981,Duka,Central,Promising / New,Core Small Outlets,10,10.0,95858.0,3.0,0.1,0.0,0.0097,928.3376,False
C01820,Duka,Nairobi,Needs Attention,Core Small Outlets,23,14.0,191957.0,7.8,0.1429,1.0,0.0048,919.3701,False
C03527,Duka,Central,Promising / New,Core Small Outlets,8,18.0,140781.0,2.5,0.1111,1.0,0.0065,914.8714,False
C02629,Duka,Central,Needs Attention,Core Small Outlets,27,14.0,89236.0,1.5,0.0,0.0,0.0101,901.8358,False
C01310,Duka,Western,Promising / New,Core Small Outlets,9,4.0,28781.0,3.0,0.25,1.0,0.0311,895.311,False
C01352,Duka,Western,Promising / New,Core Small Outlets,6,8.0,41093.0,1.0,0.0,1.0,0.0218,895.2865,False
C02880,Duka,Western,Champions,Core Small Outlets,3,30.0,245967.0,1.4348,0.0333,0.0,0.0036,880.4067,False
C03449,Duka,Nairobi,Promising / New,Core Small Outlets,4,9.0,36288.0,1.3333,0.2222,0.0,0.0242,878.6555,False
C00999,Duka,Western,Needs Attention,Core Small Outlets,14,12.0,65037.0,1.3636,0.1667,0.0,0.0134,868.5689,False
C03134,Duka,Central,Needs Attention,Core Small Outlets,11,17.0,123881.0,1.2,0.0,0.0,0.007,868.2156,False
C02388,Duka,Central,Promising / New,Core Small Outlets,7,15.0,56941.0,1.3846,0.1333,0.0,0.0151,857.1625,False
C00005,Duka,Nyanza,Promising / New,Core Small Outlets,3,16.0,194479.0,3.0,0.0625,1.0,0.0044,855.3203,False
C02501,Duka,Rift Valley,Promising / New,Core Small Outlets,6,8.0,126168.0,6.0,0.0,0.0,0.0068,852.8349,False
C01974,HoReCa,Nyanza,Loyal,Core Small Outlets,5,21.0,420155.0,2.0,0.0476,1.0,0.002,848.2562,False
C02171,Duka,Rift Valley,Needs Attention,Core Small Outlets,24,9.0,29912.0,1.3333,0.1111,0.0,0.0281,839.6292,False
C02089,Duka,Rift Valley,Needs Attention,Core Small Outlets,12,18.0,93996.0,1.7143,0.0556,1.0,0.0085,801.849,False
C00272,Petrol Station,Rift Valley,Promising / New,Core Small Outlets,7,6.0,48243.0,4.5,0.1667,0.0,0.0161,779.122,False
C00378,Duka,Rift Valley,Promising / New,Core Small Outlets,9,17.0,94283.0,1.8462,0.1765,3.0,0.0081,767.1374,False
C03754,HoReCa,Coast,Needs Attention,Core Small Outlets,23,5.0,69967.0,6.0,0.2,0.0,0.0109,760.5494,False
C00645,Duka,Western,Promising / New,Core Small Outlets,4,13.0,99144.0,5.5,0.1538,1.0,0.0074,733.6962,False
C00597,HoReCa,Central,Promising / New,Core Small Outlets,4,17.0,244561.0,3.3,0.1176,0.0,0.003,730.7705,False
C01367,Duka,Central,Promising / New,Core Small Outlets,10,10.0,69059.0,1.6667,0.0,0.0,0.0104,718.3928,False
C01824,Duka,Western,Promising / New,Core Small Outlets,6,14.0,83033.0,1.9091,0.1429,2.0,0.0086,711.3339,False
C03391,Duka,Nyanza,Promising / New,Core Small Outlets,6,13.0,73180.0,2.1,0.0,0.0,0.0097,708.3236,False
C01704,Duka,Nyanza,Champions,Core Small Outlets,7,34.0,356336.0,1.9565,0.0882,0.0,0.002,705.6198,False
C03815,Duka,Western,Promising / New,Core Small Outlets,6,9.0,36365.0,1.3333,0.3333,2.0,0.0191,695.509,False
C00162,Duka,Nyanza,Promising / New,Core Small Outlets,10,10.0,69218.0,3.0,0.1,0.0,0.01,693.0813,False
C02032,Duka,Nyanza,Needs Attention,Core Small Outlets,12,13.0,77312.0,2.1,0.0769,0.0,0.0089,688.2795,False
C00239,Duka,Central,Needs Attention,Core Small Outlets,17,12.0,71924.0,1.3636,0.0,0.0,0.0095,683.475,False
C00910,Petrol Station,Western,Promising / New,Core Small Outlets,5,9.0,60853.0,2.5714,0.1111,0.0,0.011,668.3762,False
C01161,Duka,Nyanza,Needs Attention,Core Small Outlets,17,20.0,113492.0,2.1429,0.05,1.0,0.0058,662.7226,False
C02911,Duka,Nyanza,Promising / New,Core Small Outlets,6,21.0,166176.0,1.4118,0.1429,1.0,0.0039,653.9507,False
C03344,Duka,Central,Promising / New,Core Small Outlets,7,13.0,87486.0,2.1,0.0,0.0,0.0073,641.9626,False
C00467,Duka,Central,Promising / New,Core Small Outlets,6,18.0,72794.0,0.8824,0.0556,0.0,0.0086,628.7033,False
C01165,Duka,Nairobi,Needs Attention,Core Small Outlets,19,7.0,53034.0,5.25,0.1429,2.0,0.0116,614.0276,False
C03987,Duka,Nairobi,Promising / New,Core Small Outlets,4,17.0,201719.0,6.0,0.1176,2.0,0.003,612.3964,False
C03575,Duka,Central,Promising / New,Core Small Outlets,7,8.0,52245.0,6.0,0.375,0.0,0.0112,586.5785,False
C03208,Duka,Western,Needs Attention,Core Small Outlets,13,4.0,25629.0,1.8,0.0,0.0,0.0227,580.7576,False
C02914,Duka,Western,Promising / New,Core Small Outlets,10,16.0,88779.0,1.6154,0.0625,0.0,0.0064,567.1122,False
C03748,Petrol Station,Rift Valley,Needs Attention,Core Small Outlets,15,6.0,42656.0,3.0,0.0,0.0,0.0132,564.7585,False
C03908,Duka,Rift Valley,Needs Attention,Core Small Outlets,19,9.0,35375.0,1.875,0.0,0.0,0.0156,551.8989,False
C03993,Duka,Nyanza,Promising / New,Core Small Outlets,3,21.0,119976.0,1.1667,0.0,0.0,0.0045,538.4976,False
C02039,Duka,Rift Valley,Needs Attention,Core Small Outlets,16,5.0,21720.0,2.4,0.0,0.0,0.0226,490.2707,False
C02873,Duka,Central,Needs Attention,Core Small Outlets,16,11.0,66685.0,3.4286,0.0,1.0,0.0072,480.7904,False
C03940,Duka,Western,Promising / New,Core Small Outlets,5,8.0,68392.0,4.2,0.0,1.0,0.007,477.0089,False
C03811,Duka,Nyanza,Promising / New,Core Small Outlets,7,17.0,85111.0,1.2,0.0588,1.0,0.0053,451.1525,False
C00358,Duka,Nyanza,Needs Attention,Core Small Outlets,12,12.0,58454.0,1.8,0.25,0.0,0.0076,444.426,False
C02610,Duka,Central,Promising / New,Core Small Outlets,3,13.0,75190.0,1.6364,0.2308,1.0,0.0056,419.1989,False
C00026,Duka,Nairobi,Promising / New,Core Small Outlets,5,12.0,182795.0,6.6,0.0,0.0,0.0023,412.4888,False
C01358,Duka,Nairobi,Needs Attention,Core Small Outlets,19,12.0,42414.0,1.3636,0.1667,0.0,0.0091,387.6649,False
C02819,Duka,Central,Needs Attention,Core Small Outlets,12,9.0,58877.0,4.8,0.1111,1.0,0.0064,375.7963,False
C00579,Duka,Nyanza,Loyal,Core Small Outlets,3,29.0,299774.0,1.95,0.0,0.0,0.0012,369.3869,False
C02895,Duka,Rift Valley,Needs Attention,Core Small Outlets,12,10.0,47617.0,5.4,0.3,1.0,0.0074,354.3509,False
C02331,HoReCa,Nyanza,Hibernating / Lost,Core Small Outlets,43,3.0,26339.0,4.0,0.0,0.0,0.0129,340.8668,False
C01422,Duka,Coast,Promising / New,Core Small Outlets,5,20.0,144147.0,1.8,0.0,0.0,0.0023,333.7846,False
C00612,Duka,Central,Promising / New,Core Small Outlets,5,11.0,61655.0,2.0,0.1818,0.0,0.0053,329.6502,False
C03036,HoReCa,Nyanza,Needs Attention,Core Small Outlets,13,9.0,136041.0,2.5714,0.0,0.0,0.0024,323.9495,False
C03459,Supermarket,Central,Champions,Key Accounts,4,269.0,97142916.0,1.0147,0.1301,13.0,0.0,291.9764,False
C00116,Duka,Western,Promising / New,Core Small Outlets,8,7.0,35830.0,2.5,0.0,0.0,0.0077,275.8414,False
C00666,Duka,Nairobi,Needs Attention,Core Small Outlets,18,7.0,27935.0,2.5,0.0,1.0,0.0093,260.4727,False
C00677,Duka,Nairobi,Promising / New,Core Small Outlets,7,21.0,156768.0,2.7692,0.0476,0.0,0.0014,225.4577,False
C01831,Duka,Rift Valley,Promising / New,Core Small Outlets,3,7.0,37927.0,3.6,0.0,0.0,0.004,150.6448,False
C00019,Duka,Nairobi,Promising / New,Core Small Outlets,5,10.0,37273.0,2.25,0.1,0.0,0.0036,134.8959,False
C00376,Duka,Central,Needs Attention,Core Small Outlets,19,8.0,44369.0,9.0,0.125,1.0,0.0021,93.2983,False
C00951,Duka,Nyanza,Needs Attention,Core Small Outlets,20,11.0,65822.0,6.0,0.0,0.0,0.001,66.4452,False
C00323,Duka,Nyanza,Promising / New,Core Small Outlets,3,4.0,11030.0,3.0,0.25,0.0,0.0034,37.5895,False
