customer_id,channel,region,R,F,M,rfm_segment,cluster
C00001,Duka,Nyanza,2,3,2,Hibernating / Lost,Lapsed Small Outlets
C00002,Wholesaler,Central,1,1,4,Hibernating / Lost,Lapsing Key Accounts
C00004,Duka,Nairobi,1,1,1,Hibernating / Lost,Lapsed Small Outlets
C00005,Duka,Nyanza,5,2,2,Promising / New,Core Small Outlets
C00006,HoReCa,Coast,5,5,5,Champions,Core Small Outlets
C00007,Petrol Station,Central,3,3,3,Loyal,Core Small Outlets
C00008,Duka,Rift Valley,3,2,2,Needs Attention,Core Small Outlets
C00009,Wholesaler,Rift Valley,2,4,5,Can't Lose Them,Lapsing Key Accounts
C00010,Duka,Nairobi,2,2,2,Hibernating / Lost,Lapsed Small Outlets
C00011,Petrol Station,Western,1,1,1,Hibernating / Lost,Lapsed Small Outlets
C00012,Petrol Station,Nyanza,4,3,3,Loyal,Core Small Outlets
C00013,Wholesaler,Coast,1,1,4,Hibernating / Lost,Lapsing Key Accounts
C00015,Supermarket,Nairobi,4,5,5,Champions,Key Accounts
C00016,HoReCa,Nairobi,2,2,2,Hibernating / Lost,Lapsed Small Outlets
C00017,Duka,Central,2,4,4,Can't Lose Them,Lapsed Small Outlets
C00018,Duka,Western,1,1,1,Hibernating / Lost,Lapsed Small Outlets
C00019,Duka,Nairobi,5,1,1,Promising / New,Core Small Outlets
C00020,Duka,Western,2,1,1,Hibernating / Lost,Core Small Outlets
C00021,Supermarket,Rift Valley,5,4,4,Champions,Key Accounts
C00022,Duka,Rift Valley,1,1,1,Hibernating / Lost,Lapsed Small Outlets
C00023,Wholesaler,Rift Valley,3,2,4,Loyal,Key Accounts
C00024,Duka,Nyanza,3,2,1,Needs Attention,Core Small Outlets
C00026,Duka,Nairobi,5,2,2,Promising / New,Core Small Outlets
C00027,Duka,Nyanza,4,2,3,Promising / New,Core Small Outlets
C00028,Supermarket,Coast,5,5,5,Champions,Key Accounts
C00029,Duka,Nairobi,2,1,1,Hibernating / Lost,Lapsed Small Outlets
C00030,Duka,Nairobi,2,2,1,Hibernating / Lost,Lapsed Small Outlets
C00031,Duka,Nairobi,4,3,3,Loyal,Core Small Outlets
C00032,HoReCa,Central,2,3,4,Can't Lose Them,Core Small Outlets
C00033,HoReCa,Rift Valley,2,4,4,Can't Lose Them,Lapsing Key Accounts
C00034,Wholesaler,Rift Valley,5,2,4,Loyal,Key Accounts
C00036,Petrol Station,Nairobi,4,2,2,Promising / New,Core Small Outlets
C00037,Supermarket,Nairobi,4,4,5,Champions,Key Accounts
C00038,Duka,Western,1,2,2,Hibernating / Lost,Lapsed Small Outlets
C00039,Petrol Station,Rift Valley,1,1,1,Hibernating / Lost,Lapsed Small Outlets
C00040,Duka,Nairobi,4,5,4,Champions,Core Small Outlets
C00041,Wholesaler,Rift Valley,5,3,4,Champions,Key Accounts
C00042,Duka,Nairobi,1,1,1,Hibernating / Lost,Lapsed Small Outlets
C00043,Duka,Western,2,2,2,Hibernating / Lost,Core Small Outlets
C00044,HoReCa,Central,1,1,2,Hibernating / Lost,Lapsed Small Outlets
C00046,Supermarket,Central,5,4,5,Champions,Key Accounts
C00047,Supermarket,Western,5,5,5,Champions,Key Accounts
C00048,Duka,Coast,2,2,2,Hibernating / Lost,Core Small Outlets
C00049,HoReCa,Central,1,1,1,Hibernating / Lost,Lapsed Small Outlets
C00050,Supermarket,Western,5,3,4,Champions,Key Accounts
C00051,Wholesaler,Central,4,4,5,Champions,Key Accounts
C00052,Duka,Nairobi,3,4,3,Loyal,Core Small Outlets
C00053,Duka,Nairobi,3,3,3,Loyal,Core Small Outlets
C00054,Supermarket,Western,1,2,4,At Risk,Lapsing Key Accounts
C00055,Duka,Coast,1,1,1,Hibernating / Lost,Lapsed Small Outlets
C00056,Wholesaler,Nairobi,5,4,4,Champions,Key Accounts
C00057,Supermarket,Central,3,3,4,Loyal,Key Accounts
C00058,Duka,Rift Valley,5,3,3,Loyal,Core Small Outlets
C00059,Duka,Nairobi,2,1,1,Hibernating / Lost,Lapsed Small Outlets
C00060,HoReCa,Nyanza,5,4,4,Champions,Core Small Outlets
C00061,Supermarket,Rift Valley,5,5,5,Champions,Key Accounts
C00062,Duka,Western,2,2,2,Hibernating / Lost,Lapsed Small Outlets
C00063,Supermarket,Rift Valley,4,5,5,Champions,Key Accounts
C00065,Petrol Station,Western,4,2,2,Promising / New,Core Small Outlets
C00066,Petrol Station,Coast,3,4,4,Loyal,Core Small Outlets
C00067,Duka,Nyanza,3,3,3,Loyal,Core Small Outlets
C00068,Duka,Western,3,4,3,Loyal,Core Small Outlets
C00069,HoReCa,Nyanza,1,3,4,Can't Lose Them,Lapsing Key Accounts
C00070,Duka,Central,3,3,3,Loyal,Core Small Outlets
C00071,Supermarket,Coast,2,3,4,Can't Lose Them,Lapsing Key Accounts
C00072,Duka,Nairobi,5,5,4,Champions,Core Small Outlets
C00073,HoReCa,Rift Valley,3,4,4,Loyal,Core Small Outlets
C00074,Petrol Station,Coast,1,1,2,Hibernating / Lost,Lapsed Small Outlets
C00076,Wholesaler,Nairobi,3,5,5,Loyal,Key Accounts
C00077,Duka,Central,2,3,3,At Risk,Lapsed Small Outlets
C00079,Duka,Central,3,4,3,Loyal,Core Small Outlets
C00080,Duka,Central,4,4,3,Champions,Core Small Outlets
C00081,Duka,Nairobi,2,2,1,Hibernating / Lost,Core Small Outlets
C00082,Wholesaler,Coast,5,4,5,Champions,Key Accounts
C00083,Supermarket,Nyanza,5,5,5,Champions,Key Accounts
C00084,Duka,Rift Valley,5,5,4,Champions,Core Small Outlets
C00086,Wholesaler,Rift Valley,3,4,5,Loyal,Key Accounts
C00088,Wholesaler,Central,3,4,5,Loyal,Key Accounts
C00089,Supermarket,Coast,3,4,4,Loyal,Key Accounts
C00091,Petrol Station,Nairobi,2,1,1,Hibernating / Lost,Core Small Outlets
C00094,HoReCa,Nairobi,2,2,3,Hibernating / Lost,Lapsed Small Outlets
C00095,Wholesaler,Nairobi,2,2,4,At Risk,Lapsing Key Accounts
C00096,Wholesaler,Nyanza,5,5,5,Champions,Key Accounts
C00097,Supermarket,Nyanza,1,1,1,Hibernating / Lost,Lapsing Key Accounts
C00098,Petrol Station,Western,3,2,2,Needs Attention,Core Small Outlets
C00100,Supermarket,Nyanza,5,5,5,Champions,Key Accounts
C00101,HoReCa,Nairobi,4,5,4,Champions,Core Small Outlets
C00102,Duka,Rift Valley,3,2,2,Needs Attention,Core Small Outlets
C00103,Wholesaler,Nyanza,3,3,5,Loyal,Key Accounts
C00104,Duka,Nyanza,1,1,1,Hibernating / Lost,Lapsed Small Outlets
C00105,HoReCa,Western,1,1,3,Hibernating / Lost,Lapsed Small Outlets
C00106,Duka,Central,3,5,4,Loyal,Core Small Outlets
C00107,Wholesaler,Western,3,4,5,Loyal,Key Accounts
C00108,HoReCa,Western,5,4,4,Champions,Core Small Outlets
C00109,Wholesaler,Nairobi,1,3,4,Can't Lose Them,Lapsing Key Accounts
C00110,Duka,Nairobi,1,4,4,Can't Lose Them,Lapsing Key Accounts
C00111,Wholesaler,Central,5,5,5,Champions,Key Accounts
C00112,Duka,Coast,3,3,2,Needs Attention,Core Small Outlets
C00113,Wholesaler,Central,5,5,5,Champions,Key Accounts
C00114,Duka,Central,2,1,1,Hibernating / Lost,Core Small Outlets
C00115,Duka,Rift Valley,5,5,4,Champions,Core Small Outlets
C00116,Duka,Western,4,1,1,Promising / New,Core Small Outlets
C00117,Duka,Nairobi,1,1,1,Hibernating / Lost,Lapsed Small Outlets
C00118,Supermarket,Nairobi,3,4,5,Loyal,Lapsing Key Accounts
C00119,Duka,Nyanza,4,4,3,Champions,Core Small Outlets
C00120,Supermarket,Nairobi,5,4,4,Champions,Key Accounts
C00121,Wholesaler,Coast,5,5,5,Champions,Key Accounts
C00122,Petrol Station,Nairobi,2,2,2,Hibernating / Lost,Core Small Outlets
C00123,Duka,Nairobi,3,4,3,Loyal,Core Small Outlets
C00124,Duka,Central,1,1,2,Hibernating / Lost,Lapsed Small Outlets
C00125,Duka,Nairobi,1,1,1,Hibernating / Lost,Lapsed Small Outlets
C00127,Wholesaler,Western,1,1,4,Hibernating / Lost,Lapsing Key Accounts
C00129,Duka,Nairobi,1,1,2,Hibernating / Lost,Lapsed Small Outlets
C00130,Supermarket,Western,2,5,5,Can't Lose Them,Lapsing Key Accounts
C00132,Wholesaler,Central,5,4,5,Champions,Key Accounts
C00134,Petrol Station,Rift Valley,1,1,3,Hibernating / Lost,Lapsed Small Outlets
C00135,Duka,Nairobi,1,1,1,Hibernating / Lost,Lapsed Small Outlets
C00136,Wholesaler,Nairobi,2,3,4,Can't Lose Them,Key Accounts
C00137,HoReCa,Nyanza,5,5,5,Champions,Core Small Outlets
C00139,Duka,Rift Valley,2,2,2,Hibernating / Lost,Lapsed Small Outlets
C00140,Wholesaler,Rift Valley,3,5,5,Loyal,Key Accounts
C00141,Wholesaler,Central,4,3,4,Champions,Key Accounts
C00142,Duka,Nairobi,4,5,4,Champions,Core Small Outlets
C00143,Duka,Rift Valley,1,1,1,Hibernating / Lost,Lapsed Small Outlets
C00144,Duka,Central,3,3,2,Needs Attention,Core Small Outlets
C00145,Petrol Station,Nairobi,1,1,1,Hibernating / Lost,Lapsed Small Outlets
C00146,Duka,Central,1,1,1,Hibernating / Lost,Lapsed Small Outlets
C00147,Duka,Rift Valley,2,4,4,Can't Lose Them,Lapsed Small Outlets
C00149,Duka,Coast,4,2,1,Promising / New,Core Small Outlets
C00150,Duka,Central,3,3,3,Loyal,Core Small Outlets
C00151,Petrol Station,Rift Valley,1,1,2,Hibernating / Lost,Lapsed Small Outlets
C00152,Duka,Rift Valley,4,3,2,Promising / New,Core Small Outlets
C00153,Supermarket,Nairobi,4,3,4,Champions,Key Accounts
C00156,Duka,Central,3,1,1,Needs Attention,Core Small Outlets
C00157,HoReCa,Rift Valley,2,1,2,Hibernating / Lost,Core Small Outlets
C00158,Duka,Rift Valley,2,3,3,At Risk,Core Small Outlets
C00160,HoReCa,Nyanza,3,4,4,Loyal,Core Small Outlets
C00161,Supermarket,Rift Valley,5,4,4,Champions,Key Accounts
C00162,Duka,Nyanza,4,1,1,Promising / New,Core Small Outlets
C00164,HoReCa,Central,1,1,2,Hibernating / Lost,Lapsed Small Outlets
C00165,Duka,Nyanza,1,1,2,Hibernating / Lost,Lapsed Small Outlets
C00166,Duka,Rift Valley,2,1,2,Hibernating / Lost,Lapsed Small Outlets
C00167,Petrol Station,Coast,1,1,1,Hibernating / Lost,Lapsed Small Outlets
C00168,Duka,Western,4,4,3,Champions,Core Small Outlets
C00169,Duka,Nyanza,4,5,4,Champions,Core Small Outlets
C00170,Duka,Western,5,4,4,Champions,Core Small Outlets
C00171,Duka,Western,5,4,4,Champions,Core Small Outlets
C00172,Duka,Central,3,2,1,Needs Attention,Core Small Outlets
C00173,Supermarket,Nyanza,5,5,5,Champions,Key Accounts
C00174,Petrol Station,Coast,3,5,4,Loyal,Core Small Outlets
C00175,Petrol Station,Central,2,3,2,Hibernating / Lost,Core Small Outlets
C00176,Duka,Nairobi,3,3,2,Needs Attention,Core Small Outlets
C00177,HoReCa,Nairobi,1,1,2,Hibernating / Lost,Lapsed Small Outlets
C00178,Duka,Nairobi,4,4,3,Champions,Core Small Outlets
C00179,HoReCa,Central,5,5,5,Champions,Key Accounts
C00180,Duka,Nairobi,1,1,1,Hibernating / Lost,Lapsed Small Outlets
C00182,HoReCa,Rift Valley,3,3,4,Loyal,Core Small Outlets
C00184,Petrol Station,Rift Valley,1,1,1,Hibernating / Lost,Lapsed Small Outlets
C00185,Duka,Nyanza,5,3,3,Loyal,Core Small Outlets
C00186,Wholesaler,Nairobi,5,4,5,Champions,Key Accounts
C00187,HoReCa,Nairobi,5,3,4,Champions,Core Small Outlets
C00189,Wholesaler,Nairobi,4,3,5,Champions,Key Accounts
C00190,Duka,Western,5,3,2,Promising / New,Core Small Outlets
C00191,Duka,Rift Valley,2,3,2,Hibernating / Lost,Core Small Outlets
C00192,Supermarket,Nairobi,3,5,5,Loyal,Key Accounts
C00193,Duka,Western,2,3,3,At Risk,Lapsed Small Outlets
C00194,Supermarket,Western,3,3,4,Loyal,Key Accounts
C00195,Wholesaler,Rift Valley,4,4,5,Champions,Key Accounts
C00196,Supermarket,Coast,1,1,2,Hibernating / Lost,Lapsing Key Accounts
C00197,Petrol Station,Nairobi,4,5,4,Champions,Core Small Outlets
C00199,Duka,Western,2,1,1,Hibernating / Lost,Lapsed Small Outlets
C00201,HoReCa,Nyanza,4,3,4,Champions,Core Small Outlets
C00202,Wholesaler,Rift Valley,3,4,5,Loyal,Key Accounts
C00203,Duka,Nairobi,2,3,3,At Risk,Lapsed Small Outlets
C00204,HoReCa,Coast,5,4,4,Champions,Core Small Outlets
C00205,HoReCa,Rift Valley,1,1,1,Hibernating / Lost,Lapsed Small Outlets
C00207,Duka,Nyanza,3,1,1,Needs Attention,Core Small Outlets
C00209,Petrol Station,Western,3,2,2,Needs Attention,Core Small Outlets
C00210,HoReCa,Coast,5,5,5,Champions,Core Small Outlets
C00212,Supermarket,Nairobi,5,5,5,Champions,Key Accounts
C00213,Duka,Rift Valley,2,2,2,Hibernating / Lost,Lapsed Small Outlets
C00214,Duka,Central,3,3,2,Needs Attention,Core Small Outlets
C00215,Duka,Central,2,2,2,Hibernating / Lost,Lapsed Small Outlets
C00216,Duka,Nairobi,2,3,2,Hibernating / Lost,Core Small Outlets
C00217,Duka,Nairobi,4,3,3,Loyal,Core Small Outlets
C00218,Petrol Station,Nyanza,2,3,2,Hibernating / Lost,Core Small Outlets
C00219,Supermarket,Nyanza,5,5,5,Champions,Key Accounts
C00220,Duka,Nairobi,1,1,1,Hibernating / Lost,Lapsed Small Outlets
C00221,Duka,Western,1,1,1,Hibernating / Lost,Lapsed Small Outlets
C00222,Supermarket,Rift Valley,1,3,4,Can't Lose Them,Lapsing Key Accounts
C00223,Wholesaler,Coast,4,5,5,Champions,Key Accounts
C00224,Supermarket,Central,5,5,5,Champions,Key Accounts
C00225,Duka,Nairobi,3,2,1,Needs Attention,Lapsed Small Outlets
C00226,Duka,Nairobi,3,3,2,Needs Attention,Core Small Outlets
C00227,Supermarket,Nairobi,5,5,5,Champions,Key Accounts
C00228,Petrol Station,Nairobi,4,3,3,Loyal,Core Small Outlets
C00229,Supermarket,Central,4,5,5,Champions,Key Accounts
C00230,Petrol Station,Nairobi,3,3,3,Loyal,Core Small Outlets
C00232,Duka,Nairobi,2,1,1,Hibernating / Lost,Lapsed Small Outlets
C00233,HoReCa,Rift Valley,4,5,5,Champions,Key Accounts
C00234,Supermarket,Rift Valley,3,5,5,Loyal,Key Accounts
C00235,Supermarket,Central,5,5,5,Champions,Key Accounts
C00236,Duka,Nairobi,3,1,1,Needs Attention,Core Small Outlets
C00238,Wholesaler,Nyanza,3,4,5,Loyal,Key Accounts
C00239,Duka,Central,3,2,1,Needs Attention,Core Small Outlets
C00240,Duka,Western,2,2,2,Hibernating / Lost,Lapsed Small Outlets
C00241,HoReCa,Coast,2,1,2,Hibernating / Lost,Lapsed Small Outlets
C00243,Petrol Station,Nyanza,1,1,1,Hibernating / Lost,Lapsed Small Outlets
C00244,Supermarket,Coast,4,5,5,Champions,Key Accounts
C00245,Duka,Rift Valley,2,3,3,At Risk,Lapsed Small Outlets
C00247,Supermarket,Nairobi,5,5,5,Champions,Key Accounts
C00249,Duka,Central,1,1,1,Hibernating / Lost,Lapsed Small Outlets
C00250,Duka,Rift Valley,4,4,4,Champions,Core Small Outlets
C00251,Petrol Station,Nairobi,5,4,3,Champions,Core Small Outlets
C00252,Duka,Coast,3,2,1,Needs Attention,Core Small Outlets
C00253,Duka,Nairobi,1,2,2,Hibernating / Lost,Lapsed Small Outlets
C00254,Petrol Station,Nairobi,1,1,1,Hibernating / Lost,Lapsed Small Outlets
C00255,Wholesaler,Nyanza,3,4,5,Loyal,Key Accounts
C00256,HoReCa,Nyanza,4,4,4,Champions,Core Small Outlets
C00257,Duka,Central,4,3,2,Promising / New,Core Small Outlets
C00258,Petrol Station,Rift Valley,1,1,1,Hibernating / Lost,Lapsed Small Outlets
C00259,Petrol Station,Nyanza,4,4,3,Champions,Core Small Outlets
C00260,Supermarket,Coast,1,2,4,At Risk,Lapsing Key Accounts
C00261,Petrol Station,Nairobi,4,2,2,Promising / New,Core Small Outlets
C00262,Supermarket,Western,5,5,5,Champions,Key Accounts
C00264,HoReCa,Coast,5,4,4,Champions,Core Small Outlets
C00265,Wholesaler,Rift Valley,2,4,5,Can't Lose Them,Lapsing Key Accounts
C00266,Duka,Nairobi,3,3,3,Loyal,Core Small Outlets
C00267,Supermarket,Coast,5,5,5,Champions,Key Accounts
C00268,Duka,Coast,2,2,2,Hibernating / Lost,Lapsed Small Outlets
C00269,HoReCa,Nairobi,4,3,3,Loyal,Core Small Outlets
C00270,Supermarket,Nairobi,5,5,5,Champions,Key Accounts
C00271,Duka,Nairobi,4,4,3,Champions,Core Small Outlets
C00272,Petrol Station,Rift Valley,4,1,1,Promising / New,Core Small Outlets
C00273,Petrol Station,Nairobi,2,2,2,Hibernating / Lost,Lapsed Small Outlets
C00274,HoReCa,Nyanza,1,2,2,Hibernating / Lost,Lapsed Small Outlets
C00276,Supermarket,Western,5,5,5,Champions,Key Accounts
C00278,Duka,Coast,1,1,1,Hibernating / Lost,Lapsed Small Outlets
C00279,Duka,Nyanza,3,2,2,Needs Attention,Core Small Outlets
C00280,Duka,Nyanza,5,4,3,Champions,Core Small Outlets
C00281,HoReCa,Nairobi,4,5,5,Champions,Core Small Outlets
C00282,Duka,Central,4,3,3,Loyal,Core Small Outlets
C00283,Duka,Western,2,1,1,Hibernating / Lost,Lapsed Small Outlets
C00284,Wholesaler,Central,1,1,4,Hibernating / Lost,Lapsing Key Accounts
C00285,Petrol Station,Nairobi,1,1,1,Hibernating / Lost,Lapsed Small Outlets
C00287,HoReCa,Western,4,5,4,Champions,Core Small Outlets
C00288,Petrol Station,Nairobi,5,3,3,Loyal,Core Small Outlets
C00289,Supermarket,Rift Valley,5,3,4,Champions,Key Accounts
C00290,HoReCa,Central,5,3,3,Loyal,Core Small Outlets
C00291,Duka,Nairobi,2,2,2,Hibernating / Lost,Core Small Outlets
C00292,Duka,Nyanza,4,5,4,Champions,Core Small Outlets
C00293,Petrol Station,Western,4,4,4,Champions,Core Small Outlets
C00294,Duka,Coast,2,2,2,Hibernating / Lost,Lapsed Small Outlets
C00295,HoReCa,Western,1,1,2,Hibernating / Lost,Lapsed Small Outlets
C00296,Supermarket,Nyanza,5,5,5,Champions,Key Accounts
C00297,Duka,Western,1,2,3,Hibernating / Lost,Lapsed Small Outlets
C00299,Supermarket,Rift Valley,2,4,5,Can't Lose Them,Lapsing Key Accounts
C00300,HoReCa,Western,1,1,2,Hibernating / Lost,Lapsed Small Outlets
C00301,HoReCa,Western,5,4,4,Champions,Core Small Outlets
C00304,Supermarket,Coast,3,5,5,Loyal,Key Accounts
C00305,Duka,Central,1,3,4,Can't Lose Them,Lapsed Small Outlets
C00306,Duka,Western,3,4,3,Loyal,Core Small Outlets
C00308,Duka,Nairobi,2,3,3,At Risk,Lapsed Small Outlets
C00309,Duka,Nyanza,4,3,3,Loyal,Core Small Outlets
C00312,HoReCa,Nairobi,1,2,4,At Risk,Lapsing Key Accounts
C00313,Supermarket,Rift Valley,1,1,1,Hibernating / Lost,Lapsing Key Accounts
C00314,Petrol Station,Rift Valley,2,2,2,Hibernating / Lost,Core Small Outlets
C00315,HoReCa,Rift Valley,5,4,4,Champions,Core Small Outlets
C00316,Duka,Nairobi,3,2,2,Needs Attention,Core Small Outlets
C00317,Duka,Rift Valley,1,2,1,Hibernating / Lost,Lapsed Small Outlets
C00318,Supermarket,Nairobi,5,2,3,Promising / New,Core Small Outlets
C00320,Duka,Central,3,2,3,Needs Attention,Core Small Outlets
C00321,HoReCa,Nairobi,5,2,3,Promising / New,Core Small Outlets
C00322,HoReCa,Rift Valley,1,1,2,Hibernating / Lost,Lapsed Small Outlets
C00323,Duka,Nyanza,5,1,1,Promising / New,Core Small Outlets
C00324,HoReCa,Rift Valley,4,2,3,Promising / New,Core Small Outlets
C00325,Supermarket,Nyanza,3,5,5,Loyal,Key Accounts
C00326,HoReCa,Nairobi,2,2,3,Hibernating / Lost,Lapsed Small Outlets
C00328,Duka,Nairobi,5,4,3,Champions,Core Small Outlets
C00329,Petrol Station,Rift Valley,1,1,1,Hibernating / Lost,Lapsed Small Outlets
C00330,HoReCa,Western,1,2,3,Hibernating / Lost,Lapsed Small Outlets
C00332,Petrol Station,Central,3,2,2,Needs Attention,Core Small Outlets
C00333,Duka,Coast,2,2,1,Hibernating / Lost,Lapsed Small Outlets
C00334,Wholesaler,Nairobi,4,5,5,Champions,Key Accounts
C00335,HoReCa,Western,2,1,1,Hibernating / Lost,Lapsed Small Outlets
C00336,Duka,Nairobi,2,2,2,Hibernating / Lost,Lapsed Small Outlets
C00337,HoReCa,Nairobi,3,4,4,Loyal,Core Small Outlets
C00340,Petrol Station,Nairobi,1,1,1,Hibernating / Lost,Lapsed Small Outlets
C00341,Petrol Station,Rift Valley,3,4,4,Loyal,Core Small Outlets
C00343,Duka,Rift Valley,4,2,2,Promising / New,Core Small Outlets
C00345,HoReCa,Nairobi,2,3,4,Can't Lose Them,Lapsed Small Outlets
C00346,Supermarket,Central,5,5,5,Champions,Key Accounts
C00347,Supermarket,Coast,4,5,5,Champions,Key Accounts
C00349,Duka,Rift Valley,3,5,4,Loyal,Core Small Outlets
C00350,HoReCa,Nairobi,4,3,3,Loyal,Core Small Outlets
C00351,Duka,Nairobi,2,1,1,Hibernating / Lost,Lapsed Small Outlets
C00354,Duka,Nairobi,2,1,1,Hibernating / Lost,Lapsed Small Outlets
C00355,Duka,Coast,4,4,3,Champions,Core Small Outlets
C00356,Wholesaler,Coast,2,2,4,At Risk,Lapsing Key Accounts
C00357,Duka,Nairobi,3,3,2,Needs Attention,Core Small Outlets
C00358,Duka,Nyanza,3,2,1,Needs Attention,Core Small Outlets
C00360,Supermarket,Central,5,5,5,Champions,Key Accounts
C00361,Wholesaler,Western,4,4,5,Champions,Key Accounts
C00362,Duka,Central,1,1,1,Hibernating / Lost,Lapsed Small Outlets
C00363,HoReCa,Western,4,4,4,Champions,Core Small Outlets
C00364,HoReCa,Rift Valley,1,1,2,Hibernating / Lost,Lapsed Small Outlets
C00366,Duka,Nairobi,4,3,3,Loyal,Core Small Outlets
C00367,HoReCa,Coast,2,2,2,Hibernating / Lost,Lapsed Small Outlets
C00368,Duka,Nyanza,5,4,3,Champions,Core Small Outlets
C00369,Petrol Station,Western,3,3,3,Loyal,Core Small Outlets
C00370,Duka,Western,5,2,2,Promising / New,Core Small Outlets
C00373,HoReCa,Nairobi,1,1,2,Hibernating / Lost,Lapsing Key Accounts
C00374,Supermarket,Rift Valley,5,5,5,Champions,Key Accounts
C00376,Duka,Central,3,1,1,Needs Attention,Core Small Outlets
C00378,Duka,Rift Valley,4,2,2,Promising / New,Core Small Outlets
C00380,Wholesaler,Western,1,1,2,Hibernating / Lost,Lapsing Key Accounts
C00382,Supermarket,Nairobi,1,1,2,Hibernating / Lost,Lapsing Key Accounts
C00383,Duka,Nairobi,4,4,3,Champions,Core Small Outlets
C00385,Duka,Western,4,3,3,Loyal,Core Small Outlets
C00386,Duka,Nyanza,1,1,1,Hibernating / Lost,Lapsed Small Outlets
C00387,Duka,Nairobi,2,1,1,Hibernating / Lost,Lapsed Small Outlets
C00388,Petrol Station,Nairobi,5,2,3,Promising / New,Core Small Outlets
C00389,Supermarket,Western,2,4,5,Can't Lose Them,Lapsing Key Accounts
C00390,Duka,Nairobi,1,1,1,Hibernating / Lost,Lapsed Small Outlets
C00391,HoReCa,Central,1,1,1,Hibernating / Lost,Lapsed Small Outlets
C00392,Duka,Central,4,2,1,Promising / New,Core Small Outlets
C00393,Supermarket,Central,5,5,5,Champions,Key Accounts
C00394,Duka,Nairobi,3,4,3,Loyal,Core Small Outlets
C00395,Wholesaler,Coast,1,1,4,Hibernating / Lost,Lapsing Key Accounts
C00396,Wholesaler,Rift Valley,1,1,4,Hibernating / Lost,Lapsing Key Accounts
C00399,Wholesaler,Nairobi,4,5,5,Champions,Key Accounts
C00400,Wholesaler,Coast,5,5,5,Champions,Key Accounts
C00401,Duka,Western,4,2,2,Promising / New,Core Small Outlets
C00402,Duka,Nyanza,3,4,3,Loyal,Core Small Outlets
C00404,Duka,Nairobi,1,1,1,Hibernating / Lost,Lapsed Small Outlets
C00405,Duka,Coast,2,1,1,Hibernating / Lost,Core Small Outlets
C00406,Wholesaler,Nairobi,2,3,5,Can't Lose Them,Lapsing Key Accounts
C00407,Duka,Nairobi,1,1,1,Hibernating / Lost,Lapsed Small Outlets
C00408,HoReCa,Central,5,4,4,Champions,Core Small Outlets
C00409,Duka,Central,5,2,2,Promising / New,Core Small Outlets
C00410,HoReCa,Rift Valley,2,2,3,Hibernating / Lost,Lapsed Small Outlets
C00411,Duka,Rift Valley,4,4,3,Champions,Core Small Outlets
C00412,HoReCa,Nyanza,3,3,3,Loyal,Core Small Outlets
C00415,Duka,Coast,3,2,2,Needs Attention,Core Small Outlets
C00416,Duka,Coast,3,1,1,Needs Attention,Core Small Outlets
C00417,HoReCa,Rift Valley,2,4,4,Can't Lose Them,Lapsing Key Accounts
C00418,Supermarket,Nairobi,5,5,5,Champions,Key Accounts
C00419,Duka,Nairobi,3,3,3,Loyal,Core Small Outlets
C00420,Supermarket,Nairobi,1,1,2,Hibernating / Lost,Lapsing Key Accounts
C00421,Duka,Rift Valley,5,4,3,Champions,Core Small Outlets
C00422,Duka,Coast,3,4,4,Loyal,Core Small Outlets
C00423,Wholesaler,Western,3,3,4,Loyal,Key Accounts
C00424,HoReCa,Rift Valley,3,2,3,Needs Attention,Core Small Outlets
C00425,Duka,Coast,2,2,1,Hibernating / Lost,Lapsed Small Outlets
C00426,Duka,Western,4,4,3,Champions,Core Small Outlets
C00427,Duka,Central,4,3,2,Promising / New,Core Small Outlets
C00430,Petrol Station,Coast,2,2,2,Hibernating / Lost,Core Small Outlets
C00431,Wholesaler,Nyanza,5,5,5,Champions,Key Accounts
C00433,Duka,Coast,3,2,2,Needs Attention,Core Small Outlets
C00434,Petrol Station,Rift Valley,5,2,3,Promising / New,Core Small Outlets
C00435,Duka,Nairobi,2,2,2,Hibernating / Lost,Core Small Outlets
C00436,Duka,Western,1,3,3,At Risk,Lapsed Small Outlets
C00437,HoReCa,Central,5,4,4,Champions,Core Small Outlets
C00438,Duka,Rift Valley,5,4,3,Champions,Core Small Outlets
C00439,Duka,Nyanza,3,4,3,Loyal,Core Small Outlets
C00441,HoReCa,Central,4,4,4,Champions,Core Small Outlets
C00443,HoReCa,Rift Valley,4,4,4,Champions,Core Small Outlets
C00444,Supermarket,Rift Valley,5,5,5,Champions,Key Accounts
C00446,Duka,Central,3,4,4,Loyal,Core Small Outlets
C00447,HoReCa,Nyanza,3,4,4,Loyal,Core Small Outlets
C00448,Duka,Coast,4,2,1,Promising / New,Core Small Outlets
C00449,Wholesaler,Western,4,4,5,Champions,Key Accounts
C00450,Wholesaler,Nyanza,4,4,5,Champions,Key Accounts
C00451,Petrol Station,Central,5,3,3,Loyal,Core Small Outlets
C00452,Duka,Nairobi,1,1,2,Hibernating / Lost,Lapsed Small Outlets
C00453,Duka,Central,2,2,2,Hibernating / Lost,Core Small Outlets
C00454,Wholesaler,Central,5,5,5,Champions,Key Accounts
C00455,Duka,Western,2,2,1,Hibernating / Lost,Lapsed Small Outlets
C00457,Petrol Station,Western,1,1,2,Hibernating / Lost,Lapsed Small Outlets
C00458,HoReCa,Western,3,5,4,Loyal,Core Small Outlets
C00459,Duka,Central,2,1,2,Hibernating / Lost,Lapsed Small Outlets
C00460,Duka,Nairobi,2,3,2,Hibernating / Lost,Core Small Outlets
C00461,HoReCa,Nyanza,2,3,4,Can't Lose Them,Core Small Outlets
C00462,Supermarket,Nyanza,5,5,5,Champions,Key Accounts
C00463,Petrol Station,Nairobi,1,3,4,Can't Lose Them,Lapsed Small Outlets
C00464,Supermarket,Central,5,5,5,Champions,Key Accounts
C00465,Duka,Rift Valley,2,4,3,Can't Lose Them,Lapsed Small Outlets
C00466,Duka,Nairobi,3,4,3,Loyal,Core Small Outlets
C00467,Duka,Central,4,2,1,Promising / New,Core Small Outlets
C00468,Wholesaler,Nyanza,3,4,5,Loyal,Key Accounts
C00469,Duka,Central,5,3,3,Loyal,Core Small Outlets
C00470,Duka,Western,5,2,1,Promising / New,Core Small Outlets
C00471,Duka,Nairobi,5,4,4,Champions,Core Small Outlets
C00474,HoReCa,Rift Valley,3,5,5,Loyal,Core Small Outlets
C00475,Duka,Coast,5,3,2,Promising / New,Core Small Outlets
C00477,HoReCa,Rift Valley,3,4,4,Loyal,Core Small Outlets
C00478,Petrol Station,Nyanza,4,4,4,Champions,Core Small Outlets
C00479,Duka,Nyanza,4,4,3,Champions,Core Small Outlets
C00480,HoReCa,Nyanza,2,2,4,At Risk,Lapsed Small Outlets
C00482,Duka,Rift Valley,1,1,1,Hibernating / Lost,Lapsed Small Outlets
C00483,Duka,Rift Valley,2,3,2,Hibernating / Lost,Core Small Outlets
C00484,Supermarket,Central,5,4,5,Champions,Key Accounts
C00485,Duka,Central,2,1,1,Hibernating / Lost,Core Small Outlets
C00486,Petrol Station,Central,2,2,2,Hibernating / Lost,Lapsed Small Outlets
C00487,Duka,Nairobi,1,2,2,Hibernating / Lost,Lapsed Small Outlets
C00488,Supermarket,Nairobi,3,5,5,Loyal,Key Accounts
C00489,HoReCa,Rift Valley,1,1,2,Hibernating / Lost,Lapsed Small Outlets
C00490,Duka,Rift Valley,2,3,3,At Risk,Lapsed Small Outlets
C00491,Supermarket,Nyanza,2,5,5,Can't Lose Them,Lapsing Key Accounts
C00492,Supermarket,Western,5,5,5,Champions,Key Accounts
C00493,HoReCa,Central,4,4,4,Champions,Core Small Outlets
C00494,Wholesaler,Rift Valley,5,4,5,Champions,Key Accounts
C00495,HoReCa,Nairobi,1,2,3,Hibernating / Lost,Lapsed Small Outlets
C00497,Supermarket,Rift Valley,3,2,3,Needs Attention,Core Small Outlets
C00499,Duka,Rift Valley,1,1,1,Hibernating / Lost,Lapsed Small Outlets
C00500,Duka,Nairobi,2,2,2,Hibernating / Lost,Lapsed Small Outlets
C00501,HoReCa,Coast,5,3,3,Loyal,Core Small Outlets
C00502,Duka,Central,5,3,2,Promising / New,Core Small Outlets
C00503,Petrol Station,Nairobi,4,5,4,Champions,Core Small Outlets
C00504,Duka,Nyanza,3,3,2,Needs Attention,Core Small Outlets
C00505,Duka,Western,2,3,2,Hibernating / Lost,Core Small Outlets
C00506,Duka,Nairobi,2,4,2,At Risk,Core Small Outlets
C00507,Duka,Rift Valley,4,3,2,Promising / New,Core Small Outlets
C00508,Duka,Western,1,1,1,Hibernating / Lost,Lapsed Small Outlets
C00509,Duka,Coast,1,1,1,Hibernating / Lost,Lapsed Small Outlets
C00510,HoReCa,Rift Valley,2,2,3,Hibernating / Lost,Lapsed Small Outlets
C00511,Duka,Central,1,1,1,Hibernating / Lost,Lapsed Small Outlets
C00512,Supermarket,Central,5,5,5,Champions,Key Accounts
C00513,Petrol Station,Nairobi,3,1,2,Needs Attention,Core Small Outlets
C00515,Supermarket,Nairobi,5,5,5,Champions,Key Accounts
C00516,Petrol Station,Nairobi,5,2,2,Promising / New,Core Small Outlets
C00517,Supermarket,Western,5,5,5,Champions,Key Accounts
C00518,Supermarket,Nyanza,4,5,5,Champions,Key Accounts
C00519,Supermarket,Coast,5,4,4,Champions,Key Accounts
C00520,Duka,Central,3,3,2,Needs Attention,Core Small Outlets
C00521,HoReCa,Central,2,2,3,Hibernating / Lost,Lapsed Small Outlets
C00523,Petrol Station,Coast,3,3,2,Needs Attention,Core Small Outlets
C00524,Supermarket,Western,5,5,5,Champions,Key Accounts
C00525,Duka,Nyanza,1,1,1,Hibernating / Lost,Lapsed Small Outlets
C00526,Wholesaler,Coast,5,4,5,Champions,Key Accounts
C00527,Petrol Station,Central,2,2,1,Hibernating / Lost,Core Small Outlets
C00528,Petrol Station,Rift Valley,3,4,3,Loyal,Core Small Outlets
C00529,Duka,Central,3,1,1,Needs Attention,Core Small Outlets
C00530,Petrol Station,Coast,3,3,3,Loyal,Core Small Outlets
C00531,HoReCa,Western,5,5,5,Champions,Core Small Outlets
C00532,HoReCa,Nairobi,3,3,3,Loyal,Core Small Outlets
C00533,Duka,Rift Valley,3,3,2,Needs Attention,Core Small Outlets
C00534,Petrol Station,Nairobi,4,2,2,Promising / New,Core Small Outlets
C00536,Duka,Nyanza,2,2,2,Hibernating / Lost,Lapsed Small Outlets
C00537,Supermarket,Western,3,2,3,Needs Attention,Key Accounts
C00539,HoReCa,Nairobi,2,2,3,Hibernating / Lost,Lapsed Small Outlets
C00541,Supermarket,Central,4,5,5,Champions,Key Accounts
C00542,HoReCa,Nairobi,2,2,3,Hibernating / Lost,Core Small Outlets
C00544,Duka,Nairobi,1,1,1,Hibernating / Lost,Lapsed Small Outlets
C00545,HoReCa,Nairobi,5,4,4,Champions,Core Small Outlets
C00546,Supermarket,Nairobi,5,5,5,Champions,Key Accounts
C00548,Duka,Rift Valley,3,1,1,Needs Attention,Core Small Outlets
C00549,Supermarket,Nyanza,2,3,4,Can't Lose Them,Lapsing Key Accounts
C00550,HoReCa,Western,1,1,1,Hibernating / Lost,Lapsed Small Outlets
C00551,Petrol Station,Coast,2,3,4,Can't Lose Them,Lapsed Small Outlets
C00552,Duka,Coast,1,1,1,Hibernating / Lost,Lapsed Small Outlets
C00553,Duka,Rift Valley,4,4,3,Champions,Core Small Outlets
C00554,HoReCa,Nyanza,1,2,4,At Risk,Lapsing Key Accounts
C00555,Wholesaler,Nyanza,4,5,5,Champions,Key Accounts
C00557,Supermarket,Western,5,5,5,Champions,Key Accounts
C00558,Duka,Central,5,4,4,Champions,Core Small Outlets
C00559,Supermarket,Nairobi,5,5,5,Champions,Key Accounts
C00560,Supermarket,Central,3,5,5,Loyal,Key Accounts
C00561,Petrol Station,Nairobi,3,3,3,Loyal,Core Small Outlets
C00562,Duka,Central,2,2,2,Hibernating / Lost,Lapsed Small Outlets
C00564,HoReCa,Nyanza,2,3,3,At Risk,Lapsed Small Outlets
C00565,Duka,Nairobi,1,1,3,Hibernating / Lost,Lapsed Small Outlets
C00566,Supermarket,Nairobi,2,2,4,At Risk,Lapsing Key Accounts
C00567,Petrol Station,Coast,3,1,1,Needs Attention,Core Small Outlets
C00568,Wholesaler,Central,3,5,5,Loyal,Key Accounts
C00569,Wholesaler,Nairobi,1,2,4,At Risk,Lapsing Key Accounts
C00570,Petrol Station,Nairobi,5,2,2,Promising / New,Core Small Outlets
C00572,Petrol Station,Nyanza,2,4,4,Can't Lose Them,Lapsed Small Outlets
C00573,Wholesaler,Nairobi,2,1,3,Hibernating / Lost,Lapsing Key Accounts
C00574,Supermarket,Coast,2,5,5,Can't Lose Them,Lapsing Key Accounts
C00575,Duka,Nairobi,3,2,1,Needs Attention,Core Small Outlets
C00576,Duka,Rift Valley,4,3,2,Promising / New,Core Small Outlets
C00577,Supermarket,Nairobi,1,4,5,Can't Lose Them,Lapsing Key Accounts
C00578,Duka,Western,1,1,1,Hibernating / Lost,Lapsed Small Outlets
C00579,Duka,Nyanza,5,3,3,Loyal,Core Small Outlets
C00580,HoReCa,Nairobi,5,4,4,Champions,Core Small Outlets
C00581,Wholesaler,Western,5,5,5,Champions,Key Accounts
C00582,Duka,Western,1,1,1,Hibernating / Lost,Lapsed Small Outlets
C00583,Duka,Coast,1,1,1,Hibernating / Lost,Lapsed Small Outlets
C00584,Wholesaler,Rift Valley,4,5,5,Champions,Key Accounts
C00586,Supermarket,Nairobi,5,5,5,Champions,Key Accounts
C00587,Duka,Nairobi,3,2,2,Needs Attention,Core Small Outlets
C00588,HoReCa,Nairobi,5,4,4,Champions,Core Small Outlets
C00590,Duka,Rift Valley,4,3,2,Promising / New,Core Small Outlets
C00591,Duka,Nyanza,2,2,1,Hibernating / Lost,Lapsed Small Outlets
C00592,Supermarket,Nyanza,5,5,5,Champions,Key Accounts
C00593,Petrol Station,Nairobi,4,4,3,Champions,Core Small Outlets
C00595,Duka,Nyanza,2,1,1,Hibernating / Lost,Lapsed Small Outlets
C00597,HoReCa,Central,5,2,3,Promising / New,Core Small Outlets
C00598,Duka,Central,2,3,2,Hibernating / Lost,Lapsed Small Outlets
C00599,Petrol Station,Coast,4,5,4,Champions,Core Small Outlets
C00600,Duka,Rift Valley,4,4,3,Champions,Core Small Outlets
C00601,Supermarket,Western,4,5,5,Champions,Key Accounts
C00602,HoReCa,Coast,2,1,1,Hibernating / Lost,Lapsed Small Outlets
C00603,Supermarket,Nairobi,5,5,5,Champions,Key Accounts
C00604,Duka,Nairobi,5,3,3,Loyal,Core Small Outlets
C00606,Supermarket,Rift Valley,5,5,5,Champions,Key Accounts
C00609,Supermarket,Nyanza,5,5,5,Champions,Key Accounts
C00610,Wholesaler,Nyanza,3,5,5,Loyal,Key Accounts
C00611,Petrol Station,Western,2,2,2,Hibernating / Lost,Core Small Outlets
C00612,Duka,Central,5,2,1,Promising / New,Core Small Outlets
C00614,Wholesaler,Nyanza,1,2,5,Can't Lose Them,Lapsing Key Accounts
C00616,Wholesaler,Rift Valley,1,4,5,Can't Lose Them,Lapsing Key Accounts
C00617,Duka,Central,3,2,1,Needs Attention,Core Small Outlets
C00618,HoReCa,Nairobi,1,1,2,Hibernating / Lost,Lapsed Small Outlets
C00619,Duka,Nairobi,3,2,2,Needs Attention,Core Small Outlets
C00621,HoReCa,Western,2,3,4,Can't Lose Them,Lapsing Key Accounts
C00622,HoReCa,Rift Valley,1,2,4,At Risk,Lapsed Small Outlets
C00624,Duka,Nairobi,1,1,1,Hibernating / Lost,Lapsed Small Outlets
C00625,HoReCa,Nairobi,3,5,5,Loyal,Core Small Outlets
C00626,HoReCa,Nairobi,4,4,4,Champions,Core Small Outlets
C00627,Duka,Nairobi,3,5,4,Loyal,Core Small Outlets
C00628,HoReCa,Central,5,5,4,Champions,Core Small Outlets
C00629,Petrol Station,Nairobi,3,2,2,Needs Attention,Core Small Outlets
C00630,Duka,Coast,5,2,2,Promising / New,Core Small Outlets
C00631,Duka,Nairobi,1,1,1,Hibernating / Lost,Lapsed Small Outlets
C00632,Supermarket,Nairobi,5,5,5,Champions,Key Accounts
C00633,HoReCa,Nyanza,3,2,3,Needs Attention,Core Small Outlets
C00634,Wholesaler,Nairobi,4,4,5,Champions,Key Accounts
C00636,Petrol Station,Nairobi,1,1,1,Hibernating / Lost,Lapsed Small Outlets
C00637,HoReCa,Nyanza,1,2,2,Hibernating / Lost,Lapsed Small Outlets
C00638,HoReCa,Central,4,3,3,Loyal,Core Small Outlets
C00640,Duka,Western,1,2,3,Hibernating / Lost,Lapsed Small Outlets
C00641,HoReCa,Western,5,4,4,Champions,Core Small Outlets
C00642,Duka,Central,5,3,2,Promising / New,Core Small Outlets
C00643,Duka,Nairobi,2,2,2,Hibernating / Lost,Lapsed Small Outlets
C00645,Duka,Western,5,2,2,Promising / New,Core Small Outlets
C00646,Supermarket,Western,4,4,4,Champions,Key Accounts
C00647,Petrol Station,Rift Valley,4,4,3,Champions,Core Small Outlets
C00650,Duka,Western,3,5,3,Loyal,Core Small Outlets
C00652,Petrol Station,Nyanza,2,2,2,Hibernating / Lost,Core Small Outlets
C00653,Supermarket,Central,5,5,5,Champions,Key Accounts
C00654,Duka,Nyanza,1,1,1,Hibernating / Lost,Lapsed Small Outlets
C00655,Petrol Station,Nyanza,1,1,2,Hibernating / Lost,Lapsed Small Outlets
C00656,Duka,Coast,2,3,2,Hibernating / Lost,Core Small Outlets
C00657,Petrol Station,Nairobi,3,4,4,Loyal,Core Small Outlets
C00658,Petrol Station,Nairobi,3,2,2,Needs Attention,Core Small Outlets
C00660,Petrol Station,Western,4,3,3,Loyal,Core Small Outlets
C00661,Supermarket,Central,3,5,5,Loyal,Key Accounts
C00663,Supermarket,Nyanza,3,5,5,Loyal,Key Accounts
C00664,Duka,Central,1,2,2,Hibernating / Lost,Lapsed Small Outlets
C00666,Duka,Nairobi,3,1,1,Needs Attention,Core Small Outlets
C00667,Duka,Rift Valley,5,2,1,Promising / New,Core Small Outlets
C00668,Petrol Station,Nairobi,2,4,4,Can't Lose Them,Lapsing Key Accounts
C00669,Petrol Station,Western,4,5,4,Champions,Core Small Outlets
C00670,Duka,Nairobi,3,3,2,Needs Attention,Core Small Outlets
C00671,Petrol Station,Nairobi,4,5,4,Champions,Core Small Outlets
C00672,HoReCa,Central,3,4,4,Loyal,Core Small Outlets
C00673,HoReCa,Central,4,5,5,Champions,Core Small Outlets
C00674,Supermarket,Central,5,4,4,Champions,Key Accounts
C00675,Duka,Rift Valley,3,3,2,Needs Attention,Core Small Outlets
C00677,Duka,Nairobi,4,3,2,Promising / New,Core Small Outlets
C00678,Duka,Nairobi,1,1,1,Hibernating / Lost,Lapsed Small Outlets
C00679,Duka,Coast,1,1,1,Hibernating / Lost,Lapsed Small Outlets
C00680,Duka,Rift Valley,2,2,1,Hibernating / Lost,Core Small Outlets
C00682,Supermarket,Rift Valley,5,5,5,Champions,Key Accounts
C00683,HoReCa,Central,4,4,4,Champions,Core Small Outlets
C00684,Supermarket,Nyanza,5,3,4,Champions,Key Accounts
C00685,Supermarket,Nairobi,2,5,5,Can't Lose Them,Lapsing Key Accounts
C00686,HoReCa,Nyanza,2,2,2,Hibernating / Lost,Lapsed Small Outlets
C00687,HoReCa,Nairobi,1,2,3,Hibernating / Lost,Lapsed Small Outlets
C00688,Duka,Nairobi,5,5,4,Champions,Core Small Outlets
C00689,Wholesaler,Central,5,5,5,Champions,Key Accounts
C00692,Wholesaler,Central,4,4,5,Champions,Key Accounts
C00693,HoReCa,Nyanza,1,1,3,Hibernating / Lost,Lapsed Small Outlets
C00694,Duka,Western,4,4,3,Champions,Core Small Outlets
C00695,HoReCa,Rift Valley,1,4,4,Can't Lose Them,Lapsing Key Accounts
C00696,HoReCa,Western,2,2,2,Hibernating / Lost,Lapsed Small Outlets
C00697,HoReCa,Nyanza,3,1,2,Needs Attention,Core Small Outlets
C00698,Supermarket,Western,5,5,5,Champions,Key Accounts
C00699,HoReCa,Nairobi,3,3,3,Loyal,Core Small Outlets
C00700,HoReCa,Coast,1,1,3,Hibernating / Lost,Lapsed Small Outlets
C00702,Duka,Nairobi,4,4,3,Champions,Core Small Outlets
C00703,Petrol Station,Western,1,1,1,Hibernating / Lost,Lapsed Small Outlets
C00704,Duka,Western,2,2,2,Hibernating / Lost,Lapsed Small Outlets
C00705,Duka,Nyanza,1,1,2,Hibernating / Lost,Lapsed Small Outlets
C00707,Duka,Nairobi,2,3,2,Hibernating / Lost,Lapsed Small Outlets
C00708,Supermarket,Western,4,5,5,Champions,Key Accounts
C00709,Supermarket,Central,3,4,5,Loyal,Key Accounts
C00710,Duka,Rift Valley,1,1,1,Hibernating / Lost,Lapsed Small Outlets
C00712,Petrol Station,Central,4,3,3,Loyal,Core Small Outlets
C00714,Petrol Station,Nairobi,1,1,1,Hibernating / Lost,Lapsed Small Outlets
C00715,Duka,Coast,1,1,1,Hibernating / Lost,Lapsed Small Outlets
C00716,Supermarket,Nairobi,4,5,5,Champions,Key Accounts
C00717,HoReCa,Nyanza,2,3,3,At Risk,Lapsed Small Outlets
C00718,Wholesaler,Nairobi,3,5,5,Loyal,Key Accounts
C00719,HoReCa,Nyanza,3,3,3,Loyal,Core Small Outlets
C00721,HoReCa,Rift Valley,3,2,3,Needs Attention,Core Small Outlets
C00722,Wholesaler,Nairobi,3,5,5,Loyal,Key Accounts
C00723,Petrol Station,Rift Valley,5,3,3,Loyal,Core Small Outlets
C00724,Petrol Station,Western,2,2,3,Hibernating / Lost,Core Small Outlets
C00725,HoReCa,Central,4,5,4,Champions,Core Small Outlets
C00726,HoReCa,Nairobi,2,1,2,Hibernating / Lost,Lapsed Small Outlets
C00727,Petrol Station,Western,3,4,3,Loyal,Core Small Outlets
C00728,HoReCa,Nairobi,2,4,4,Can't Lose Them,Core Small Outlets
C00729,Wholesaler,Western,5,5,5,Champions,Key Accounts
C00730,Supermarket,Central,3,5,5,Loyal,Key Accounts
C00731,Supermarket,Rift Valley,1,2,4,At Risk,Lapsing Key Accounts
C00732,Wholesaler,Nairobi,2,4,5,Can't Lose Them,Lapsing Key Accounts
C00733,Wholesaler,Central,5,3,4,Champions,Key Accounts
C00734,Duka,Nairobi,5,4,3,Champions,Core Small Outlets
C00735,Duka,Nairobi,2,1,1,Hibernating / Lost,Lapsed Small Outlets
C00736,Duka,Rift Valley,5,3,3,Loyal,Core Small Outlets
C00737,Duka,Nairobi,3,3,2,Needs Attention,Core Small Outlets
C00738,Wholesaler,Nairobi,3,4,5,Loyal,Key Accounts
C00739,Petrol Station,Nairobi,4,3,3,Loyal,Core Small Outlets
C00740,Duka,Western,4,3,3,Loyal,Core Small Outlets
C00742,Duka,Nyanza,5,2,1,Promising / New,Core Small Outlets
C00743,HoReCa,Central,2,5,5,Can't Lose Them,Lapsing Key Accounts
C00744,Duka,Central,3,4,3,Loyal,Core Small Outlets
C00747,HoReCa,Central,3,3,3,Loyal,Core Small Outlets
C00749,Supermarket,Rift Valley,5,5,5,Champions,Key Accounts
C00750,HoReCa,Nyanza,4,5,4,Champions,Core Small Outlets
C00753,HoReCa,Rift Valley,5,5,5,Champions,Core Small Outlets
C00754,Duka,Nyanza,5,3,3,Loyal,Core Small Outlets
C00755,Duka,Rift Valley,4,2,1,Promising / New,Core Small Outlets
C00757,HoReCa,Nairobi,4,3,3,Loyal,Core Small Outlets
C00758,HoReCa,Rift Valley,4,5,4,Champions,Core Small Outlets
C00759,Petrol Station,Nairobi,5,4,4,Champions,Core Small Outlets
C00760,HoReCa,Central,5,5,5,Champions,Key Accounts
C00763,Supermarket,Rift Valley,3,4,5,Loyal,Key Accounts
C00766,Supermarket,Central,4,5,5,Champions,Key Accounts
C00767,Duka,Nairobi,3,4,3,Loyal,Core Small Outlets
C00769,Duka,Western,4,3,2,Promising / New,Core Small Outlets
C00770,Supermarket,Western,5,5,5,Champions,Key Accounts
C00771,Petrol Station,Central,2,2,2,Hibernating / Lost,Lapsed Small Outlets
C00773,Wholesaler,Coast,3,2,4,Loyal,Key Accounts
C00774,Supermarket,Nairobi,3,3,4,Loyal,Key Accounts
C00775,Duka,Nyanza,3,3,2,Needs Attention,Core Small Outlets
C00776,Supermarket,Nairobi,3,4,4,Loyal,Key Accounts
C00777,HoReCa,Rift Valley,4,4,4,Champions,Core Small Outlets
C00778,Supermarket,Coast,4,5,5,Champions,Key Accounts
C00779,HoReCa,Nyanza,5,3,4,Champions,Core Small Outlets
C00781,Wholesaler,Coast,5,5,5,Champions,Key Accounts
C00782,HoReCa,Rift Valley,2,3,4,Can't Lose Them,Lapsed Small Outlets
C00783,HoReCa,Nairobi,3,4,4,Loyal,Core Small Outlets
C00784,Supermarket,Nairobi,1,1,3,Hibernating / Lost,Lapsing Key Accounts
C00785,Duka,Rift Valley,3,2,1,Needs Attention,Core Small Outlets
C00786,HoReCa,Nairobi,1,1,1,Hibernating / Lost,Lapsed Small Outlets
C00787,HoReCa,Nairobi,1,1,1,Hibernating / Lost,Lapsed Small Outlets
C00788,Petrol Station,Nyanza,1,1,2,Hibernating / Lost,Lapsed Small Outlets
C00790,Supermarket,Nyanza,5,5,5,Champions,Key Accounts
C00791,Duka,Rift Valley,1,3,3,At Risk,Lapsed Small Outlets
C00792,Supermarket,Nairobi,3,5,5,Loyal,Key Accounts
C00793,Duka,Nyanza,1,1,2,Hibernating / Lost,Lapsed Small Outlets
C00795,Petrol Station,Nairobi,5,4,4,Champions,Core Small Outlets
C00796,HoReCa,Coast,2,1,2,Hibernating / Lost,Core Small Outlets
C00797,Duka,Central,2,1,1,Hibernating / Lost,Core Small Outlets
C00800,Duka,Western,2,2,2,Hibernating / Lost,Core Small Outlets
C00801,HoReCa,Central,3,3,3,Loyal,Core Small Outlets
C00802,Wholesaler,Nairobi,5,5,5,Champions,Key Accounts
C00803,HoReCa,Rift Valley,2,2,3,Hibernating / Lost,Lapsed Small Outlets
C00805,Duka,Western,4,5,4,Champions,Core Small Outlets
C00806,Duka,Rift Valley,1,2,1,Hibernating / Lost,Lapsed Small Outlets
C00807,HoReCa,Rift Valley,5,5,5,Champions,Core Small Outlets
C00809,Petrol Station,Central,4,3,2,Promising / New,Core Small Outlets
C00812,HoReCa,Western,5,4,4,Champions,Core Small Outlets
C00813,Petrol Station,Rift Valley,5,5,5,Champions,Core Small Outlets
C00815,Duka,Nyanza,1,1,1,Hibernating / Lost,Lapsed Small Outlets
C00816,Duka,Rift Valley,2,2,2,Hibernating / Lost,Lapsed Small Outlets
C00817,HoReCa,Rift Valley,1,2,4,At Risk,Lapsed Small Outlets
C00818,HoReCa,Rift Valley,4,4,4,Champions,Core Small Outlets
C00820,Petrol Station,Nairobi,1,1,1,Hibernating / Lost,Lapsed Small Outlets
C00821,Duka,Rift Valley,4,4,3,Champions,Core Small Outlets
C00822,HoReCa,Nairobi,3,4,4,Loyal,Core Small Outlets
C00823,Duka,Nyanza,2,1,1,Hibernating / Lost,Lapsed Small Outlets
C00826,Supermarket,Nairobi,5,5,5,Champions,Key Accounts
C00827,Duka,Coast,2,2,2,Hibernating / Lost,Core Small Outlets
C00828,Wholesaler,Nairobi,3,4,5,Loyal,Key Accounts
C00829,Petrol Station,Nyanza,1,1,1,Hibernating / Lost,Lapsed Small Outlets
C00830,Duka,Rift Valley,2,4,3,Can't Lose Them,Lapsed Small Outlets
C00831,Petrol Station,Coast,1,1,1,Hibernating / Lost,Lapsed Small Outlets
C00832,Duka,Rift Valley,5,3,3,Loyal,Core Small Outlets
C00834,Duka,Central,5,5,5,Champions,Core Small Outlets
C00835,Duka,Western,2,2,2,Hibernating / Lost,Core Small Outlets
C00836,Duka,Nairobi,2,3,2,Hibernating / Lost,Lapsed Small Outlets
C00837,HoReCa,Nairobi,2,4,4,Can't Lose Them,Lapsing Key Accounts
C00839,Wholesaler,Coast,4,4,5,Champions,Key Accounts
C00840,Wholesaler,Central,4,4,5,Champions,Key Accounts
C00844,Duka,Western,1,1,1,Hibernating / Lost,Lapsed Small Outlets
C00845,Wholesaler,Nairobi,5,4,5,Champions,Key Accounts
C00846,Petrol Station,Rift Valley,5,4,4,Champions,Core Small Outlets
C00847,Supermarket,Coast,5,5,5,Champions,Key Accounts
C00851,Supermarket,Coast,5,3,3,Loyal,Core Small Outlets
C00852,Petrol Station,Nairobi,4,5,4,Champions,Core Small Outlets
C00853,Duka,Rift Valley,2,3,2,Hibernating / Lost,Lapsed Small Outlets
C00854,Duka,Coast,4,2,2,Promising / New,Core Small Outlets
C00856,Supermarket,Rift Valley,4,5,5,Champions,Key Accounts
C00857,Petrol Station,Rift Valley,1,2,3,Hibernating / Lost,Lapsed Small Outlets
C00858,HoReCa,Rift Valley,3,4,4,Loyal,Core Small Outlets
C00859,Duka,Rift Valley,2,1,1,Hibernating / Lost,Lapsed Small Outlets
C00861,Wholesaler,Rift Valley,5,5,5,Champions,Key Accounts
C00862,Wholesaler,Western,4,3,4,Champions,Key Accounts
C00863,Duka,Western,4,4,3,Champions,Core Small Outlets
C00864,Supermarket,Nairobi,3,5,5,Loyal,Key Accounts
C00865,HoReCa,Central,4,5,5,Champions,Core Small Outlets
C00866,Duka,Rift Valley,3,2,2,Needs Attention,Core Small Outlets
C00867,HoReCa,Western,2,3,3,At Risk,Core Small Outlets
C00868,Duka,Central,4,3,2,Promising / New,Core Small Outlets
C00869,Duka,Coast,3,2,2,Needs Attention,Core Small Outlets
C00872,Wholesaler,Nairobi,2,2,5,Can't Lose Them,Lapsing Key Accounts
C00873,Wholesaler,Nyanza,4,5,5,Champions,Key Accounts
C00874,Duka,Central,2,2,1,Hibernating / Lost,Core Small Outlets
C00876,Supermarket,Nairobi,3,3,4,Loyal,Key Accounts
C00877,Duka,Western,2,1,1,Hibernating / Lost,Lapsed Small Outlets
C00878,HoReCa,Rift Valley,2,4,4,Can't Lose Them,Lapsing Key Accounts
C00879,Duka,Coast,2,2,2,Hibernating / Lost,Core Small Outlets
C00881,Duka,Coast,1,1,1,Hibernating / Lost,Lapsed Small Outlets
C00882,Wholesaler,Nairobi,5,5,5,Champions,Key Accounts
C00883,HoReCa,Nyanza,1,1,2,Hibernating / Lost,Lapsed Small Outlets
C00884,HoReCa,Nairobi,1,1,1,Hibernating / Lost,Lapsed Small Outlets
C00885,Duka,Western,3,3,3,Loyal,Core Small Outlets
C00886,Duka,Rift Valley,2,1,1,Hibernating / Lost,Lapsed Small Outlets
C00887,Duka,Nairobi,3,5,4,Loyal,Core Small Outlets
C00890,Supermarket,Coast,2,4,5,Can't Lose Them,Lapsing Key Accounts
C00891,Duka,Nairobi,2,2,1,Hibernating / Lost,Lapsed Small Outlets
C00892,Wholesaler,Nairobi,1,2,4,At Risk,Lapsing Key Accounts
C00893,Duka,Western,3,3,2,Needs Attention,Core Small Outlets
C00895,HoReCa,Rift Valley,3,2,2,Needs Attention,Core Small Outlets
C00896,HoReCa,Nairobi,4,4,4,Champions,Core Small Outlets
C00897,Petrol Station,Nyanza,3,3,3,Loyal,Core Small Outlets
C00898,Wholesaler,Central,5,5,5,Champions,Key Accounts
C00899,Wholesaler,Rift Valley,5,5,5,Champions,Key Accounts
C00900,HoReCa,Nyanza,5,3,4,Champions,Core Small Outlets
C00901,Wholesaler,Coast,1,1,4,Hibernating / Lost,Lapsing Key Accounts
C00902,Petrol Station,Nairobi,2,3,3,At Risk,Lapsed Small Outlets
C00903,Duka,Nairobi,1,2,3,Hibernating / Lost,Lapsed Small Outlets
C00905,Duka,Rift Valley,2,2,2,Hibernating / Lost,Lapsed Small Outlets
C00906,Petrol Station,Western,4,2,2,Promising / New,Core Small Outlets
C00908,Petrol Station,Nairobi,2,3,3,At Risk,Core Small Outlets
C00910,Petrol Station,Western,5,1,1,Promising / New,Core Small Outlets
C00911,Duka,Western,2,3,2,Hibernating / Lost,Core Small Outlets
C00912,Duka,Central,4,3,2,Promising / New,Core Small Outlets
C00914,Duka,Rift Valley,4,5,4,Champions,Core Small Outlets
C00916,Duka,Coast,1,1,1,Hibernating / Lost,Lapsed Small Outlets
C00919,Supermarket,Nairobi,1,1,1,Hibernating / Lost,Lapsing Key Accounts
C00920,HoReCa,Central,1,1,2,Hibernating / Lost,Lapsed Small Outlets
C00921,Duka,Central,3,2,2,Needs Attention,Core Small Outlets
C00922,Supermarket,Coast,2,3,4,Can't Lose Them,Lapsing Key Accounts
C00923,Petrol Station,Nairobi,3,4,4,Loyal,Core Small Outlets
C00924,Petrol Station,Nairobi,1,1,2,Hibernating / Lost,Lapsed Small Outlets
C00925,Supermarket,Central,4,5,5,Champions,Key Accounts
C00926,Wholesaler,Nairobi,3,5,5,Loyal,Key Accounts
C00927,Duka,Rift Valley,1,2,2,Hibernating / Lost,Lapsed Small Outlets
C00928,Duka,Coast,1,1,1,Hibernating / Lost,Lapsed Small Outlets
C00929,Supermarket,Western,4,5,5,Champions,Key Accounts
C00930,Duka,Nyanza,1,1,1,Hibernating / Lost,Lapsed Small Outlets
C00931,Duka,Nairobi,1,2,2,Hibernating / Lost,Lapsed Small Outlets
C00932,HoReCa,Central,2,4,5,Can't Lose Them,Lapsing Key Accounts
C00934,Petrol Station,Nyanza,4,4,4,Champions,Core Small Outlets
C00935,Duka,Nairobi,5,4,4,Champions,Core Small Outlets
C00936,HoReCa,Nairobi,2,1,2,Hibernating / Lost,Lapsed Small Outlets
C00937,Supermarket,Rift Valley,2,1,1,Hibernating / Lost,Lapsed Small Outlets
C00938,HoReCa,Nyanza,1,1,2,Hibernating / Lost,Lapsed Small Outlets
C00940,Duka,Central,3,2,2,Needs Attention,Core Small Outlets
C00941,Wholesaler,Central,3,3,4,Loyal,Key Accounts
C00943,Wholesaler,Nairobi,5,4,5,Champions,Key Accounts
C00944,Duka,Central,5,2,2,Promising / New,Core Small Outlets
C00946,Duka,Nyanza,5,5,4,Champions,Core Small Outlets
C00947,Duka,Rift Valley,4,2,2,Promising / New,Core Small Outlets
C00948,Duka,Coast,1,1,1,Hibernating / Lost,Lapsed Small Outlets
C00949,Petrol Station,Rift Valley,1,1,1,Hibernating / Lost,Lapsed Small Outlets
C00950,Duka,Central,1,1,1,Hibernating / Lost,Lapsed Small Outlets
C00951,Duka,Nyanza,3,2,1,Needs Attention,Core Small Outlets
C00952,Duka,Coast,2,1,1,Hibernating / Lost,Lapsed Small Outlets
C00954,Supermarket,Nairobi,5,5,5,Champions,Key Accounts
C00956,Duka,Nairobi,1,1,1,Hibernating / Lost,Lapsed Small Outlets
C00958,Petrol Station,Central,4,4,4,Champions,Core Small Outlets
C00960,Duka,Nairobi,1,1,1,Hibernating / Lost,Lapsed Small Outlets
C00961,HoReCa,Rift Valley,4,5,5,Champions,Core Small Outlets
C00962,Duka,Coast,3,2,1,Needs Attention,Core Small Outlets
C00963,Duka,Nyanza,3,2,1,Needs Attention,Core Small Outlets
C00964,Duka,Rift Valley,2,2,2,Hibernating / Lost,Lapsed Small Outlets
C00965,Petrol Station,Coast,1,2,3,Hibernating / Lost,Lapsed Small Outlets
C00966,HoReCa,Central,3,3,3,Loyal,Core Small Outlets
C00967,Supermarket,Western,5,5,5,Champions,Key Accounts
C00968,Duka,Rift Valley,5,3,3,Loyal,Core Small Outlets
C00969,Petrol Station,Rift Valley,2,1,1,Hibernating / Lost,Lapsed Small Outlets
C00970,Duka,Nairobi,3,4,4,Loyal,Core Small Outlets
C00971,Duka,Nairobi,5,4,3,Champions,Core Small Outlets
C00972,HoReCa,Nairobi,1,1,1,Hibernating / Lost,Lapsed Small Outlets
C00973,HoReCa,Central,3,3,4,Loyal,Core Small Outlets
C00974,Duka,Nairobi,2,2,2,Hibernating / Lost,Core Small Outlets
C00975,Supermarket,Nyanza,5,5,5,Champions,Key Accounts
C00976,Duka,Coast,3,3,2,Needs Attention,Lapsed Small Outlets
C00977,Petrol Station,Central,2,3,3,At Risk,Lapsed Small Outlets
C00978,Duka,Nyanza,1,1,1,Hibernating / Lost,Lapsed Small Outlets
C00980,Wholesaler,Rift Valley,1,1,3,Hibernating / Lost,Lapsing Key Accounts
C00981,Petrol Station,Coast,4,3,3,Loyal,Core Small Outlets
C00982,Wholesaler,Coast,1,2,4,At Risk,Lapsing Key Accounts
C00983,Supermarket,Nairobi,3,4,5,Loyal,Key Accounts
C00984,Duka,Rift Valley,4,3,2,Promising / New,Core Small Outlets
C00986,HoReCa,Western,3,4,4,Loyal,Core Small Outlets
C00988,Petrol Station,Rift Valley,4,4,3,Champions,Core Small Outlets
C00989,Petrol Station,Central,4,2,1,Promising / New,Core Small Outlets
C00990,Wholesaler,Nairobi,4,5,5,Champions,Key Accounts
C00991,Duka,Western,1,1,1,Hibernating / Lost,Lapsed Small Outlets
C00993,HoReCa,Western,5,5,5,Champions,Core Small Outlets
C00996,Wholesaler,Nairobi,4,3,5,Champions,Key Accounts
C00999,Duka,Western,3,2,1,Needs Attention,Core Small Outlets
C01000,Duka,Coast,1,1,1,Hibernating / Lost,Lapsed Small Outlets
C01001,HoReCa,Nyanza,5,4,4,Champions,Core Small Outlets
C01002,Duka,Western,3,1,1,Needs Attention,Core Small Outlets
C01003,HoReCa,Nairobi,3,3,3,Loyal,Core Small Outlets
C01004,Supermarket,Western,3,4,4,Loyal,Key Accounts
C01005,HoReCa,Central,4,3,3,Loyal,Core Small Outlets
C01006,Duka,Nyanza,4,5,4,Champions,Core Small Outlets
C01008,Duka,Nairobi,2,2,2,Hibernating / Lost,Lapsed Small Outlets
C01009,HoReCa,Central,4,4,4,Champions,Core Small Outlets
C01010,Duka,Nairobi,1,1,1,Hibernating / Lost,Lapsed Small Outlets
C01011,HoReCa,Nyanza,5,3,4,Champions,Core Small Outlets
C01012,Duka,Central,3,2,2,Needs Attention,Core Small Outlets
C01014,HoReCa,Nairobi,5,4,4,Champions,Core Small Outlets
C01015,Duka,Central,4,2,2,Promising / New,Core Small Outlets
C01016,Supermarket,Nairobi,5,3,4,Champions,Key Accounts
C01017,Wholesaler,Nairobi,1,2,4,At Risk,Lapsing Key Accounts
C01018,Duka,Nairobi,3,1,1,Needs Attention,Core Small Outlets
C01019,Wholesaler,Nairobi,5,5,5,Champions,Key Accounts
C01020,Petrol Station,Nairobi,1,2,2,Hibernating / Lost,Lapsed Small Outlets
C01021,Duka,Rift Valley,5,3,3,Loyal,Core Small Outlets
C01022,HoReCa,Central,1,2,3,Hibernating / Lost,Lapsed Small Outlets
C01023,Duka,Nairobi,1,1,1,Hibernating / Lost,Lapsed Small Outlets
C01024,Supermarket,Nairobi,5,5,5,Champions,Key Accounts
C01025,Duka,Nairobi,4,3,3,Loyal,Core Small Outlets
C01026,Duka,Western,2,3,2,Hibernating / Lost,Lapsed Small Outlets
C01027,Wholesaler,Nairobi,1,1,3,Hibernating / Lost,Lapsing Key Accounts
C01028,Duka,Nyanza,5,5,4,Champions,Core Small Outlets
C01029,Petrol Station,Central,1,1,1,Hibernating / Lost,Lapsed Small Outlets
C01032,Wholesaler,Nyanza,2,4,5,Can't Lose Them,Lapsing Key Accounts
C01034,Wholesaler,Central,4,5,5,Champions,Key Accounts
C01036,HoReCa,Nairobi,4,4,4,Champions,Core Small Outlets
C01037,Duka,Rift Valley,4,5,4,Champions,Core Small Outlets
C01038,Duka,Nyanza,3,4,3,Loyal,Core Small Outlets
C01040,Duka,Nyanza,1,2,2,Hibernating / Lost,Lapsed Small Outlets
C01041,Petrol Station,Central,4,4,4,Champions,Core Small Outlets
C01042,Supermarket,Coast,3,3,4,Loyal,Key Accounts
C01043,Supermarket,Nyanza,4,4,5,Champions,Key Accounts
C01044,HoReCa,Nairobi,1,1,2,Hibernating / Lost,Lapsed Small Outlets
C01045,Petrol Station,Western,4,2,2,Promising / New,Core Small Outlets
C01046,Duka,Coast,2,1,1,Hibernating / Lost,Lapsed Small Outlets
C01047,Supermarket,Nairobi,4,5,5,Champions,Key Accounts
C01048,Duka,Rift Valley,2,1,1,Hibernating / Lost,Lapsed Small Outlets
C01049,Petrol Station,Nyanza,2,1,1,Hibernating / Lost,Lapsed Small Outlets
C01050,Petrol Station,Rift Valley,1,2,3,Hibernating / Lost,Lapsed Small Outlets
C01051,Duka,Nyanza,4,4,3,Champions,Core Small Outlets
C01052,Duka,Nairobi,2,2,2,Hibernating / Lost,Lapsed Small Outlets
C01053,Petrol Station,Coast,1,1,1,Hibernating / Lost,Lapsed Small Outlets
C01054,Supermarket,Nairobi,5,4,4,Champions,Key Accounts
C01055,Duka,Nairobi,2,1,1,Hibernating / Lost,Lapsed Small Outlets
C01056,Duka,Western,2,3,3,At Risk,Lapsed Small Outlets
C01057,Wholesaler,Central,5,5,5,Champions,Key Accounts
C01058,Wholesaler,Coast,4,3,4,Champions,Key Accounts
C01059,Duka,Central,1,2,2,Hibernating / Lost,Lapsed Small Outlets
C01060,Duka,Nairobi,3,3,3,Loyal,Core Small Outlets
C01062,HoReCa,Western,1,3,4,Can't Lose Them,Lapsing Key Accounts
C01063,Wholesaler,Nairobi,5,4,5,Champions,Key Accounts
C01064,HoReCa,Nairobi,1,1,1,Hibernating / Lost,Lapsed Small Outlets
C01065,Wholesaler,Central,4,5,5,Champions,Key Accounts
C01066,HoReCa,Central,1,1,1,Hibernating / Lost,Lapsed Small Outlets
C01067,Duka,Coast,4,3,2,Promising / New,Core Small Outlets
C01068,Duka,Coast,4,3,3,Loyal,Core Small Outlets
C01069,Duka,Rift Valley,2,2,2,Hibernating / Lost,Core Small Outlets
C01070,Supermarket,Coast,1,2,4,At Risk,Lapsing Key Accounts
C01071,Duka,Central,5,4,3,Champions,Core Small Outlets
C01073,Duka,Nairobi,2,2,2,Hibernating / Lost,Core Small Outlets
C01074,HoReCa,Nairobi,4,4,4,Champions,Core Small Outlets
C01075,Duka,Nairobi,5,5,4,Champions,Core Small Outlets
C01077,Duka,Nairobi,1,1,1,Hibernating / Lost,Lapsed Small Outlets
C01080,Duka,Nyanza,5,4,3,Champions,Core Small Outlets
C01082,Duka,Rift Valley,2,3,3,At Risk,Core Small Outlets
C01083,Supermarket,Rift Valley,5,5,5,Champions,Key Accounts
C01084,Duka,Western,5,4,3,Champions,Core Small Outlets
C01086,Wholesaler,Nairobi,3,4,5,Loyal,Key Accounts
C01087,Duka,Nairobi,4,3,3,Loyal,Core Small Outlets
C01088,Duka,Nairobi,4,4,2,Loyal,Core Small Outlets
C01091,Petrol Station,Nyanza,4,4,4,Champions,Core Small Outlets
C01093,Duka,Central,1,1,1,Hibernating / Lost,Lapsed Small Outlets
C01094,Duka,Western,2,1,1,Hibernating / Lost,Core Small Outlets
C01097,HoReCa,Coast,4,5,5,Champions,Core Small Outlets
C01098,Duka,Nairobi,5,4,3,Champions,Core Small Outlets
C01100,Duka,Central,3,4,3,Loyal,Core Small Outlets
C01102,HoReCa,Western,3,5,4,Loyal,Core Small Outlets
C01103,Duka,Nairobi,1,1,1,Hibernating / Lost,Lapsed Small Outlets
C01104,HoReCa,Nairobi,5,4,4,Champions,Core Small Outlets
C01106,Wholesaler,Coast,3,5,5,Loyal,Key Accounts
C01107,Duka,Western,1,1,1,Hibernating / Lost,Lapsed Small Outlets
C01108,Duka,Coast,1,2,2,Hibernating / Lost,Lapsed Small Outlets
C01109,Supermarket,Rift Valley,4,5,5,Champions,Key Accounts
C01110,Duka,Rift Valley,5,2,1,Promising / New,Core Small Outlets
C01112,HoReCa,Nairobi,3,4,4,Loyal,Core Small Outlets
C01113,Supermarket,Nairobi,5,5,5,Champions,Key Accounts
C01114,Wholesaler,Nairobi,4,4,5,Champions,Key Accounts
C01115,HoReCa,Nyanza,3,3,3,Loyal,Core Small Outlets
C01116,Duka,Nairobi,2,2,1,Hibernating / Lost,Lapsed Small Outlets
C01117,Duka,Central,3,3,2,Needs Attention,Core Small Outlets
C01119,Supermarket,Coast,4,2,4,Loyal,Key Accounts
C01120,Wholesaler,Nairobi,3,3,4,Loyal,Key Accounts
C01121,Wholesaler,Western,5,4,5,Champions,Key Accounts
C01122,Duka,Nyanza,5,3,2,Promising / New,Core Small Outlets
C01123,Petrol Station,Nairobi,1,1,1,Hibernating / Lost,Lapsed Small Outlets
C01124,Duka,Nairobi,2,3,3,At Risk,Lapsed Small Outlets
C01126,Duka,Western,1,1,1,Hibernating / Lost,Lapsed Small Outlets
C01127,Supermarket,Nyanza,3,4,4,Loyal,Key Accounts
C01129,Wholesaler,Nairobi,3,2,4,Loyal,Key Accounts
C01130,Supermarket,Coast,5,5,5,Champions,Key Accounts
C01131,HoReCa,Nairobi,2,2,3,Hibernating / Lost,Lapsed Small Outlets
C01133,Supermarket,Coast,4,5,5,Champions,Key Accounts
C01134,HoReCa,Rift Valley,5,3,3,Loyal,Core Small Outlets
C01135,Petrol Station,Rift Valley,3,3,3,Loyal,Core Small Outlets
C01136,Duka,Nairobi,5,5,4,Champions,Core Small Outlets
C01137,Supermarket,Nairobi,5,5,5,Champions,Key Accounts
C01138,Wholesaler,Nairobi,5,5,5,Champions,Key Accounts
C01139,Supermarket,Western,5,5,5,Champions,Key Accounts
C01143,Petrol Station,Coast,4,3,2,Promising / New,Core Small Outlets
C01144,Duka,Rift Valley,3,4,3,Loyal,Core Small Outlets
C01145,HoReCa,Rift Valley,5,5,4,Champions,Core Small Outlets
C01146,Wholesaler,Nyanza,3,3,5,Loyal,Key Accounts
C01147,Duka,Nairobi,4,2,2,Promising / New,Core Small Outlets
C01148,Duka,Western,1,2,2,Hibernating / Lost,Lapsed Small Outlets
C01149,Duka,Nairobi,3,3,2,Needs Attention,Core Small Outlets
C01150,HoReCa,Nairobi,4,5,4,Champions,Core Small Outlets
C01151,Duka,Coast,2,3,2,Hibernating / Lost,Core Small Outlets
C01152,Wholesaler,Nairobi,3,5,5,Loyal,Key Accounts
C01153,Wholesaler,Central,3,4,5,Loyal,Key Accounts
C01154,Petrol Station,Nairobi,4,4,3,Champions,Core Small Outlets
C01155,Wholesaler,Nairobi,3,4,5,Loyal,Key Accounts
C01158,Supermarket,Rift Valley,2,4,4,Can't Lose Them,Lapsing Key Accounts
C01159,Duka,Nairobi,1,1,1,Hibernating / Lost,Lapsed Small Outlets
C01160,Duka,Coast,1,1,1,Hibernating / Lost,Lapsed Small Outlets
C01161,Duka,Nyanza,3,3,2,Needs Attention,Core Small Outlets
C01162,Duka,Nairobi,2,3,2,Hibernating / Lost,Core Small Outlets
C01163,Duka,Western,2,2,2,Hibernating / Lost,Lapsed Small Outlets
C01164,Duka,Central,2,2,1,Hibernating / Lost,Lapsed Small Outlets
C01165,Duka,Nairobi,3,1,1,Needs Attention,Core Small Outlets
C01166,Petrol Station,Nairobi,4,2,2,Promising / New,Core Small Outlets
C01167,Duka,Rift Valley,4,4,3,Champions,Core Small Outlets
C01168,Petrol Station,Rift Valley,2,2,2,Hibernating / Lost,Core Small Outlets
C01169,Duka,Coast,3,1,1,Needs Attention,Core Small Outlets
C01170,Wholesaler,Central,4,4,5,Champions,Key Accounts
C01171,Supermarket,Central,5,5,5,Champions,Key Accounts
C01172,Wholesaler,Coast,4,5,5,Champions,Key Accounts
C01173,HoReCa,Rift Valley,5,3,3,Loyal,Core Small Outlets
C01174,Duka,Rift Valley,2,3,2,Hibernating / Lost,Core Small Outlets
C01175,Wholesaler,Nairobi,2,2,5,Can't Lose Them,Lapsing Key Accounts
C01176,Duka,Nyanza,1,1,1,Hibernating / Lost,Lapsed Small Outlets
C01178,Supermarket,Rift Valley,5,5,5,Champions,Key Accounts
C01179,Duka,Central,3,2,1,Needs Attention,Core Small Outlets
C01180,Duka,Rift Valley,1,1,1,Hibernating / Lost,Lapsed Small Outlets
C01181,Duka,Nyanza,2,2,1,Hibernating / Lost,Core Small Outlets
C01182,HoReCa,Western,2,1,1,Hibernating / Lost,Core Small Outlets
C01184,Supermarket,Central,3,4,5,Loyal,Key Accounts
C01186,Duka,Rift Valley,1,1,1,Hibernating / Lost,Lapsed Small Outlets
C01187,Petrol Station,Western,3,4,4,Loyal,Core Small Outlets
C01188,HoReCa,Rift Valley,5,5,5,Champions,Core Small Outlets
C01189,Wholesaler,Rift Valley,3,4,5,Loyal,Key Accounts
C01190,Duka,Central,2,1,1,Hibernating / Lost,Lapsed Small Outlets
C01191,Duka,Rift Valley,1,1,1,Hibernating / Lost,Lapsed Small Outlets
C01192,Duka,Nairobi,1,1,1,Hibernating / Lost,Lapsed Small Outlets
C01193,HoReCa,Coast,4,4,3,Champions,Core Small Outlets
C01194,Duka,Central,1,1,1,Hibernating / Lost,Lapsed Small Outlets
C01195,Duka,Nyanza,1,2,2,Hibernating / Lost,Lapsed Small Outlets
C01196,HoReCa,Nyanza,1,1,1,Hibernating / Lost,Lapsed Small Outlets
C01197,Duka,Western,2,1,1,Hibernating / Lost,Lapsed Small Outlets
C01198,Duka,Rift Valley,2,3,3,At Risk,Lapsed Small Outlets
C01199,Duka,Nyanza,3,4,3,Loyal,Core Small Outlets
C01200,Duka,Western,2,1,1,Hibernating / Lost,Lapsed Small Outlets
C01201,Duka,Rift Valley,1,1,1,Hibernating / Lost,Lapsed Small Outlets
C01202,Duka,Nairobi,4,2,2,Promising / New,Core Small Outlets
C01203,Petrol Station,Central,3,2,2,Needs Attention,Core Small Outlets
C01204,Wholesaler,Central,5,5,5,Champions,Key Accounts
C01205,Duka,Coast,2,2,1,Hibernating / Lost,Lapsed Small Outlets
C01207,Duka,Western,3,2,2,Needs Attention,Core Small Outlets
C01209,Duka,Coast,2,3,2,Hibernating / Lost,Lapsed Small Outlets
C01210,Wholesaler,Coast,5,4,5,Champions,Key Accounts
C01211,Petrol Station,Rift Valley,5,4,4,Champions,Core Small Outlets
C01212,Petrol Station,Coast,5,3,3,Loyal,Core Small Outlets
C01213,Supermarket,Central,4,3,4,Champions,Key Accounts
C01215,Duka,Coast,1,1,2,Hibernating / Lost,Lapsed Small Outlets
C01217,Duka,Rift Valley,1,1,1,Hibernating / Lost,Lapsed Small Outlets
C01218,Duka,Coast,1,2,2,Hibernating / Lost,Lapsed Small Outlets
C01219,Petrol Station,Nairobi,4,2,2,Promising / New,Core Small Outlets
C01220,Duka,Rift Valley,2,1,1,Hibernating / Lost,Lapsed Small Outlets
C01221,Duka,Rift Valley,4,4,4,Champions,Core Small Outlets
C01222,HoReCa,Rift Valley,4,4,4,Champions,Core Small Outlets
C01225,Supermarket,Central,5,4,5,Champions,Key Accounts
C01226,Supermarket,Western,5,5,5,Champions,Key Accounts
C01228,Duka,Coast,1,2,2,Hibernating / Lost,Lapsed Small Outlets
C01229,HoReCa,Central,3,3,4,Loyal,Core Small Outlets
C01230,Duka,Nairobi,3,3,3,Loyal,Core Small Outlets
C01231,Supermarket,Rift Valley,2,4,4,Can't Lose Them,Lapsing Key Accounts
C01232,Petrol Station,Nyanza,1,1,1,Hibernating / Lost,Lapsed Small Outlets
C01233,Duka,Western,2,2,2,Hibernating / Lost,Lapsed Small Outlets
C01234,HoReCa,Nairobi,4,5,4,Champions,Core Small Outlets
C01235,Duka,Coast,4,2,2,Promising / New,Core Small Outlets
C01236,Duka,Central,3,2,1,Needs Attention,Core Small Outlets
C01237,Supermarket,Nairobi,2,1,3,Hibernating / Lost,Lapsing Key Accounts
C01238,Duka,Rift Valley,4,3,3,Loyal,Core Small Outlets
C01239,Duka,Central,4,2,2,Promising / New,Core Small Outlets
C01240,Supermarket,Western,4,5,5,Champions,Key Accounts
C01241,HoReCa,Western,4,2,2,Promising / New,Core Small Outlets
C01242,HoReCa,Nyanza,1,1,1,Hibernating / Lost,Lapsed Small Outlets
C01243,Petrol Station,Nyanza,4,2,3,Promising / New,Core Small Outlets
C01244,Supermarket,Coast,2,1,3,Hibernating / Lost,Lapsing Key Accounts
C01246,Petrol Station,Rift Valley,5,5,4,Champions,Core Small Outlets
C01247,Supermarket,Central,5,5,5,Champions,Key Accounts
C01248,Duka,Nyanza,3,4,4,Loyal,Core Small Outlets
C01249,Duka,Western,5,5,5,Champions,Core Small Outlets
C01250,HoReCa,Rift Valley,5,4,4,Champions,Core Small Outlets
C01251,Supermarket,Western,4,5,5,Champions,Key Accounts
C01252,Duka,Central,3,3,3,Loyal,Core Small Outlets
C01254,Wholesaler,Central,1,1,3,Hibernating / Lost,Lapsing Key Accounts
C01255,Duka,Central,2,1,1,Hibernating / Lost,Core Small Outlets
C01256,HoReCa,Rift Valley,1,1,1,Hibernating / Lost,Lapsed Small Outlets
C01257,Supermarket,Central,4,5,5,Champions,Key Accounts
C01258,Duka,Rift Valley,2,4,3,Can't Lose Them,Core Small Outlets
C01259,Supermarket,Western,3,4,4,Loyal,Key Accounts
C01260,Supermarket,Central,3,4,5,Loyal,Key Accounts
C01261,Petrol Station,Rift Valley,1,1,1,Hibernating / Lost,Lapsed Small Outlets
C01262,Wholesaler,Nairobi,4,3,4,Champions,Key Accounts
C01264,Duka,Coast,2,1,1,Hibernating / Lost,Lapsed Small Outlets
C01265,Duka,Western,1,1,1,Hibernating / Lost,Lapsed Small Outlets
C01266,Duka,Nyanza,5,4,3,Champions,Core Small Outlets
C01267,HoReCa,Central,2,3,3,At Risk,Lapsed Small Outlets
C01268,Duka,Coast,5,4,3,Champions,Core Small Outlets
C01269,HoReCa,Nairobi,4,2,2,Promising / New,Core Small Outlets
C01270,Duka,Coast,3,3,2,Needs Attention,Core Small Outlets
C01271,Wholesaler,Coast,5,5,5,Champions,Key Accounts
C01272,Duka,Coast,4,1,1,Promising / New,Core Small Outlets
C01273,Duka,Central,1,1,1,Hibernating / Lost,Lapsed Small Outlets
C01274,Duka,Nairobi,2,1,1,Hibernating / Lost,Lapsed Small Outlets
C01275,Petrol Station,Nyanza,4,4,4,Champions,Core Small Outlets
C01277,Duka,Western,3,2,2,Needs Attention,Core Small Outlets
C01278,Duka,Central,2,1,1,Hibernating / Lost,Core Small Outlets
C01279,Duka,Nairobi,4,5,5,Champions,Core Small Outlets
C01280,Wholesaler,Nairobi,3,5,5,Loyal,Key Accounts
C01281,Petrol Station,Nairobi,3,3,3,Loyal,Core Small Outlets
C01282,Wholesaler,Rift Valley,4,5,5,Champions,Key Accounts
C01283,HoReCa,Nairobi,2,4,4,Can't Lose Them,Lapsing Key Accounts
C01285,HoReCa,Nairobi,2,2,3,Hibernating / Lost,Lapsed Small Outlets
C01286,Supermarket,Western,3,2,3,Needs Attention,Core Small Outlets
C01287,HoReCa,Nyanza,1,2,3,Hibernating / Lost,Lapsing Key Accounts
C01288,Duka,Rift Valley,1,1,1,Hibernating / Lost,Lapsed Small Outlets
C01289,HoReCa,Rift Valley,5,5,4,Champions,Core Small Outlets
C01290,Duka,Western,1,1,1,Hibernating / Lost,Lapsed Small Outlets
C01291,Duka,Coast,4,5,4,Champions,Core Small Outlets
C01292,Duka,Nyanza,1,2,2,Hibernating / Lost,Lapsed Small Outlets
C01294,Duka,Coast,4,4,4,Champions,Core Small Outlets
C01295,Wholesaler,Western,2,3,4,Can't Lose Them,Lapsing Key Accounts
C01296,Wholesaler,Central,4,4,5,Champions,Key Accounts
C01297,Duka,Western,4,3,2,Promising / New,Core Small Outlets
C01298,HoReCa,Western,5,5,4,Champions,Core Small Outlets
C01299,Wholesaler,Coast,4,3,4,Champions,Key Accounts
C01300,Petrol Station,Rift Valley,4,4,3,Champions,Core Small Outlets
C01301,HoReCa,Central,4,4,4,Champions,Core Small Outlets
C01302,Petrol Station,Nairobi,5,4,4,Champions,Core Small Outlets
C01303,Petrol Station,Rift Valley,1,1,1,Hibernating / Lost,Lapsed Small Outlets
C01304,Petrol Station,Nairobi,4,4,4,Champions,Core Small Outlets
C01305,Petrol Station,Nyanza,3,3,3,Loyal,Core Small Outlets
C01307,Duka,Coast,1,1,1,Hibernating / Lost,Lapsed Small Outlets
C01308,Duka,Nairobi,3,4,3,Loyal,Core Small Outlets
C01309,Petrol Station,Rift Valley,2,3,3,At Risk,Lapsed Small Outlets
C01310,Duka,Western,4,1,1,Promising / New,Core Small Outlets
C01311,HoReCa,Nairobi,5,5,4,Champions,Core Small Outlets
C01312,Petrol Station,Rift Valley,4,3,3,Loyal,Core Small Outlets
C01313,Wholesaler,Rift Valley,1,1,2,Hibernating / Lost,Lapsing Key Accounts
C01314,Duka,Nairobi,3,3,2,Needs Attention,Core Small Outlets
C01317,Duka,Nairobi,3,3,2,Needs Attention,Core Small Outlets
C01318,HoReCa,Coast,2,3,4,Can't Lose Them,Lapsing Key Accounts
C01320,Petrol Station,Coast,2,4,4,Can't Lose Them,Lapsing Key Accounts
C01321,Duka,Rift Valley,5,2,1,Promising / New,Core Small Outlets
C01322,Petrol Station,Western,1,1,1,Hibernating / Lost,Lapsed Small Outlets
C01324,HoReCa,Nairobi,1,3,4,Can't Lose Them,Lapsing Key Accounts
C01325,Petrol Station,Coast,5,5,4,Champions,Core Small Outlets
C01326,Supermarket,Nairobi,2,2,4,At Risk,Lapsing Key Accounts
C01327,Duka,Western,3,3,2,Needs Attention,Core Small Outlets
C01328,Petrol Station,Rift Valley,2,2,1,Hibernating / Lost,Core Small Outlets
C01329,Supermarket,Coast,5,5,5,Champions,Key Accounts
C01330,Duka,Rift Valley,2,2,2,Hibernating / Lost,Lapsed Small Outlets
C01331,Petrol Station,Western,1,1,2,Hibernating / Lost,Lapsed Small Outlets
C01332,HoReCa,Central,4,4,4,Champions,Core Small Outlets
C01336,Supermarket,Nairobi,4,4,4,Champions,Key Accounts
C01337,Supermarket,Rift Valley,1,2,4,At Risk,Lapsing Key Accounts
C01338,Supermarket,Nyanza,4,5,5,Champions,Key Accounts
C01339,Duka,Rift Valley,1,1,1,Hibernating / Lost,Lapsed Small Outlets
C01341,Duka,Coast,1,2,2,Hibernating / Lost,Lapsed Small Outlets
C01342,Duka,Central,1,1,1,Hibernating / Lost,Lapsed Small Outlets
C01343,Duka,Nairobi,4,3,2,Promising / New,Core Small Outlets
C01344,Duka,Western,4,2,1,Promising / New,Core Small Outlets
C01345,Wholesaler,Western,4,5,5,Champions,Key Accounts
C01346,Supermarket,Nairobi,4,5,5,Champions,Key Accounts
C01347,Duka,Nyanza,5,1,1,Promising / New,Core Small Outlets
C01348,Duka,Central,2,3,3,At Risk,Lapsed Small Outlets
C01350,Duka,Western,4,3,2,Promising / New,Core Small Outlets
C01352,Duka,Western,4,1,1,Promising / New,Core Small Outlets
C01353,Duka,Coast,4,4,3,Champions,Core Small Outlets
C01354,Duka,Nairobi,3,4,3,Loyal,Core Small Outlets
C01355,Duka,Nairobi,3,1,1,Needs Attention,Core Small Outlets
C01357,Duka,Western,2,3,3,At Risk,Lapsed Small Outlets
C01358,Duka,Nairobi,3,2,1,Needs Attention,Core Small Outlets
C01359,HoReCa,Nairobi,3,2,3,Needs Attention,Core Small Outlets
C01361,HoReCa,Coast,4,5,5,Champions,Core Small Outlets
C01364,HoReCa,Central,4,4,4,Champions,Core Small Outlets
C01366,Petrol Station,Coast,5,5,4,Champions,Core Small Outlets
C01367,Duka,Central,4,2,1,Promising / New,Core Small Outlets
C01368,Duka,Coast,3,3,2,Needs Attention,Core Small Outlets
C01370,Duka,Central,1,1,1,Hibernating / Lost,Lapsed Small Outlets
C01371,Petrol Station,Nairobi,3,5,4,Loyal,Core Small Outlets
C01372,HoReCa,Nairobi,4,2,3,Promising / New,Core Small Outlets
C01373,Duka,Rift Valley,1,2,2,Hibernating / Lost,Lapsed Small Outlets
C01374,Wholesaler,Nyanza,5,4,5,Champions,Key Accounts
C01375,Duka,Nyanza,4,2,1,Promising / New,Core Small Outlets
C01376,HoReCa,Coast,3,4,4,Loyal,Core Small Outlets
C01377,Wholesaler,Nairobi,1,1,3,Hibernating / Lost,Lapsing Key Accounts
C01378,HoReCa,Nyanza,4,2,3,Promising / New,Core Small Outlets
C01379,Duka,Western,4,2,1,Promising / New,Core Small Outlets
C01381,Duka,Nairobi,2,2,2,Hibernating / Lost,Lapsed Small Outlets
C01382,HoReCa,Central,5,2,2,Promising / New,Core Small Outlets
C01383,Petrol Station,Nairobi,2,2,3,Hibernating / Lost,Lapsed Small Outlets
C01385,Duka,Rift Valley,3,2,2,Needs Attention,Core Small Outlets
C01386,Petrol Station,Western,3,3,3,Loyal,Core Small Outlets
C01388,Wholesaler,Coast,2,2,4,At Risk,Lapsing Key Accounts
C01390,Wholesaler,Nairobi,5,5,5,Champions,Key Accounts
C01391,Duka,Rift Valley,5,5,4,Champions,Core Small Outlets
C01392,Wholesaler,Coast,2,4,5,Can't Lose Them,Lapsing Key Accounts
C01393,Duka,Coast,3,2,2,Needs Attention,Core Small Outlets
C01394,Duka,Nairobi,2,2,2,Hibernating / Lost,Core Small Outlets
C01396,HoReCa,Rift Valley,4,3,3,Loyal,Core Small Outlets
C01397,Duka,Nyanza,1,1,1,Hibernating / Lost,Lapsed Small Outlets
C01398,Wholesaler,Nyanza,1,1,2,Hibernating / Lost,Lapsing Key Accounts
C01399,Supermarket,Nairobi,3,4,4,Loyal,Key Accounts
C01400,HoReCa,Central,3,3,4,Loyal,Core Small Outlets
C01401,Wholesaler,Nairobi,1,1,4,Hibernating / Lost,Lapsing Key Accounts
C01402,HoReCa,Coast,1,2,3,Hibernating / Lost,Lapsed Small Outlets
C01403,HoReCa,Nairobi,1,2,3,Hibernating / Lost,Lapsed Small Outlets
C01404,Duka,Central,1,1,1,Hibernating / Lost,Lapsed Small Outlets
C01405,Duka,Coast,5,3,3,Loyal,Core Small Outlets
C01407,Duka,Nairobi,3,2,2,Needs Attention,Core Small Outlets
C01408,Duka,Nairobi,2,3,3,At Risk,Lapsed Small Outlets
C01409,Duka,Coast,5,4,3,Champions,Core Small Outlets
C01412,HoReCa,Nyanza,5,3,3,Loyal,Core Small Outlets
C01413,Duka,Nairobi,3,5,4,Loyal,Core Small Outlets
C01414,Duka,Central,2,3,3,At Risk,Lapsed Small Outlets
C01415,Wholesaler,Rift Valley,4,4,5,Champions,Key Accounts
C01416,Duka,Nairobi,2,3,3,At Risk,Lapsed Small Outlets
C01417,Duka,Central,1,1,1,Hibernating / Lost,Lapsed Small Outlets
C01418,Duka,Coast,2,3,3,At Risk,Core Small Outlets
C01420,Duka,Coast,1,1,1,Hibernating / Lost,Lapsed Small Outlets
C01422,Duka,Coast,5,3,2,Promising / New,Core Small Outlets
C01423,HoReCa,Nairobi,1,2,3,Hibernating / Lost,Lapsed Small Outlets
C01424,HoReCa,Rift Valley,1,2,4,At Risk,Lapsing Key Accounts
C01425,Supermarket,Western,4,5,5,Champions,Key Accounts
C01426,Petrol Station,Nairobi,4,3,3,Loyal,Core Small Outlets
C01427,Wholesaler,Rift Valley,1,1,4,Hibernating / Lost,Lapsing Key Accounts
C01429,HoReCa,Western,5,4,4,Champions,Core Small Outlets
C01430,Petrol Station,Nairobi,1,1,1,Hibernating / Lost,Lapsed Small Outlets
C01431,Duka,Nairobi,2,3,3,At Risk,Lapsed Small Outlets
C01433,Wholesaler,Nyanza,5,4,5,Champions,Key Accounts
C01435,Duka,Nairobi,4,3,3,Loyal,Core Small Outlets
C01436,Duka,Nairobi,2,1,1,Hibernating / Lost,Lapsed Small Outlets
C01437,Supermarket,Nairobi,4,5,5,Champions,Key Accounts
C01439,Duka,Nairobi,4,3,3,Loyal,Core Small Outlets
C01440,Duka,Central,3,3,2,Needs Attention,Core Small Outlets
C01441,Duka,Nyanza,4,5,4,Champions,Core Small Outlets
C01442,Duka,Nyanza,3,4,3,Loyal,Core Small Outlets
C01443,Duka,Rift Valley,1,1,2,Hibernating / Lost,Lapsed Small Outlets
C01444,Petrol Station,Nairobi,3,1,2,Needs Attention,Core Small Outlets
C01445,Wholesaler,Coast,5,4,5,Champions,Key Accounts
C01447,Petrol Station,Nairobi,5,5,4,Champions,Core Small Outlets
C01448,Supermarket,Western,5,3,4,Champions,Key Accounts
C01449,Petrol Station,Coast,1,1,1,Hibernating / Lost,Lapsed Small Outlets
C01450,Wholesaler,Coast,1,2,4,At Risk,Lapsing Key Accounts
C01451,Duka,Central,4,3,2,Promising / New,Core Small Outlets
C01452,Wholesaler,Nairobi,1,1,2,Hibernating / Lost,Lapsing Key Accounts
C01453,Duka,Coast,1,3,3,At Risk,Lapsed Small Outlets
C01454,Duka,Rift Valley,2,2,2,Hibernating / Lost,Lapsed Small Outlets
C01457,Duka,Western,2,1,1,Hibernating / Lost,Core Small Outlets
C01458,HoReCa,Coast,4,4,4,Champions,Core Small Outlets
C01459,Duka,Coast,5,2,2,Promising / New,Core Small Outlets
C01461,Supermarket,Nairobi,4,4,5,Champions,Key Accounts
C01462,Duka,Nyanza,2,3,2,Hibernating / Lost,Core Small Outlets
C01463,HoReCa,Nairobi,4,3,3,Loyal,Core Small Outlets
C01465,HoReCa,Western,2,2,3,Hibernating / Lost,Lapsed Small Outlets
C01466,Duka,Rift Valley,1,1,1,Hibernating / Lost,Lapsed Small Outlets
C01467,Duka,Nairobi,2,3,2,Hibernating / Lost,Core Small Outlets
C01468,Duka,Central,1,1,1,Hibernating / Lost,Lapsed Small Outlets
C01470,Duka,Coast,1,1,1,Hibernating / Lost,Lapsed Small Outlets
C01471,Supermarket,Rift Valley,2,3,4,Can't Lose Them,Lapsing Key Accounts
C01472,Duka,Nairobi,3,3,2,Needs Attention,Core Small Outlets
C01473,Duka,Central,5,3,3,Loyal,Core Small Outlets
C01474,Duka,Nairobi,1,1,1,Hibernating / Lost,Lapsed Small Outlets
C01475,Supermarket,Western,5,5,5,Champions,Key Accounts
C01476,Duka,Western,4,4,3,Champions,Core Small Outlets
C01478,HoReCa,Central,3,5,4,Loyal,Core Small Outlets
C01480,Duka,Western,4,2,1,Promising / New,Core Small Outlets
C01481,Duka,Central,5,3,3,Loyal,Core Small Outlets
C01482,Duka,Nairobi,1,1,1,Hibernating / Lost,Lapsed Small Outlets
C01483,HoReCa,Nairobi,4,5,5,Champions,Core Small Outlets
C01484,Duka,Nyanza,4,4,4,Champions,Core Small Outlets
C01485,Duka,Coast,5,4,3,Champions,Core Small Outlets
C01487,Duka,Nyanza,1,1,1,Hibernating / Lost,Lapsed Small Outlets
C01488,Petrol Station,Rift Valley,4,4,4,Champions,Core Small Outlets
C01489,Supermarket,Western,4,5,5,Champions,Key Accounts
C01491,HoReCa,Nairobi,5,4,4,Champions,Core Small Outlets
C01492,Supermarket,Nairobi,5,5,5,Champions,Key Accounts
C01493,HoReCa,Nairobi,1,3,4,Can't Lose Them,Lapsed Small Outlets
C01494,HoReCa,Nyanza,3,5,4,Loyal,Core Small Outlets
C01495,Duka,Nairobi,1,2,1,Hibernating / Lost,Lapsed Small Outlets
C01496,Supermarket,Nyanza,3,5,5,Loyal,Key Accounts
C01497,Duka,Rift Valley,3,4,3,Loyal,Core Small Outlets
C01498,Duka,Rift Valley,3,2,2,Needs Attention,Core Small Outlets
C01499,Duka,Nairobi,5,2,2,Promising / New,Core Small Outlets
C01500,HoReCa,Western,5,5,4,Champions,Core Small Outlets
C01501,Duka,Rift Valley,1,1,1,Hibernating / Lost,Lapsed Small Outlets
C01502,Supermarket,Western,5,5,5,Champions,Key Accounts
C01503,Duka,Central,1,1,1,Hibernating / Lost,Lapsed Small Outlets
C01505,HoReCa,Nairobi,1,1,3,Hibernating / Lost,Lapsed Small Outlets
C01506,Duka,Central,3,4,3,Loyal,Core Small Outlets
C01507,HoReCa,Nairobi,4,5,4,Champions,Core Small Outlets
C01511,Duka,Central,4,3,3,Loyal,Core Small Outlets
C01512,Petrol Station,Nairobi,1,1,1,Hibernating / Lost,Lapsed Small Outlets
C01513,HoReCa,Rift Valley,1,2,3,Hibernating / Lost,Lapsed Small Outlets
C01514,Duka,Rift Valley,4,2,2,Promising / New,Core Small Outlets
C01516,Duka,Rift Valley,2,3,2,Hibernating / Lost,Core Small Outlets
C01517,Duka,Nairobi,5,3,2,Promising / New,Core Small Outlets
C01518,Duka,Coast,4,4,3,Champions,Core Small Outlets
C01520,Duka,Coast,3,3,2,Needs Attention,Core Small Outlets
C01521,Duka,Rift Valley,1,2,2,Hibernating / Lost,Lapsed Small Outlets
C01522,Duka,Western,3,2,2,Needs Attention,Core Small Outlets
C01524,Wholesaler,Nairobi,5,4,5,Champions,Key Accounts
C01525,HoReCa,Western,3,4,4,Loyal,Core Small Outlets
C01526,Wholesaler,Rift Valley,4,2,4,Loyal,Key Accounts
C01527,Duka,Nairobi,1,2,3,Hibernating / Lost,Lapsed Small Outlets
C01528,Wholesaler,Western,2,3,4,Can't Lose Them,Lapsing Key Accounts
C01529,Petrol Station,Coast,5,4,3,Champions,Core Small Outlets
C01530,Petrol Station,Central,3,3,3,Loyal,Core Small Outlets
C01532,Petrol Station,Nairobi,4,3,3,Loyal,Core Small Outlets
C01534,Duka,Coast,4,4,3,Champions,Core Small Outlets
C01536,Duka,Rift Valley,3,4,3,Loyal,Core Small Outlets
C01537,Duka,Nairobi,2,3,2,Hibernating / Lost,Lapsed Small Outlets
C01538,Supermarket,Coast,4,5,5,Champions,Key Accounts
C01539,Wholesaler,Rift Valley,3,4,5,Loyal,Key Accounts
C01540,Duka,Nairobi,2,1,1,Hibernating / Lost,Lapsed Small Outlets
C01542,Duka,Coast,1,2,2,Hibernating / Lost,Lapsed Small Outlets
C01543,Duka,Nairobi,2,1,1,Hibernating / Lost,Lapsed Small Outlets
C01544,HoReCa,Nairobi,4,4,4,Champions,Core Small Outlets
C01545,Duka,Nairobi,2,2,1,Hibernating / Lost,Lapsed Small Outlets
C01546,Supermarket,Nairobi,4,5,5,Champions,Key Accounts
C01547,HoReCa,Western,2,1,3,Hibernating / Lost,Lapsed Small Outlets
C01549,Duka,Nairobi,4,3,3,Loyal,Core Small Outlets
C01551,Duka,Central,5,2,2,Promising / New,Core Small Outlets
C01552,Duka,Coast,2,1,1,Hibernating / Lost,Lapsed Small Outlets
C01553,Duka,Coast,5,5,4,Champions,Core Small Outlets
C01554,HoReCa,Central,3,3,4,Loyal,Core Small Outlets
C01555,Duka,Rift Valley,4,4,3,Champions,Core Small Outlets
C01556,Duka,Nairobi,2,2,2,Hibernating / Lost,Core Small Outlets
C01557,Duka,Coast,1,1,2,Hibernating / Lost,Lapsed Small Outlets
C01559,HoReCa,Nairobi,3,3,4,Loyal,Core Small Outlets
C01560,Duka,Nyanza,5,3,2,Promising / New,Core Small Outlets
C01561,Duka,Nairobi,1,2,1,Hibernating / Lost,Lapsed Small Outlets
C01562,Wholesaler,Western,5,3,4,Champions,Key Accounts
C01565,Duka,Rift Valley,1,1,1,Hibernating / Lost,Lapsed Small Outlets
C01566,Wholesaler,Nyanza,3,2,4,Loyal,Key Accounts
C01567,Duka,Coast,4,2,2,Promising / New,Core Small Outlets
C01569,Wholesaler,Coast,3,4,5,Loyal,Key Accounts
C01570,Duka,Nairobi,2,3,3,At Risk,Lapsed Small Outlets
C01571,HoReCa,Central,2,2,2,Hibernating / Lost,Lapsed Small Outlets
C01572,Petrol Station,Nyanza,3,2,2,Needs Attention,Core Small Outlets
C01573,Duka,Nyanza,4,2,2,Promising / New,Core Small Outlets
C01574,Supermarket,Central,4,5,5,Champions,Key Accounts
C01575,HoReCa,Central,3,2,2,Needs Attention,Core Small Outlets
C01576,Duka,Nairobi,5,2,2,Promising / New,Core Small Outlets
C01577,Supermarket,Western,2,5,5,Can't Lose Them,Lapsing Key Accounts
C01579,Duka,Rift Valley,3,3,2,Needs Attention,Core Small Outlets
C01580,Duka,Western,1,1,1,Hibernating / Lost,Lapsed Small Outlets
C01581,Wholesaler,Rift Valley,5,5,5,Champions,Key Accounts
C01582,Wholesaler,Central,5,5,5,Champions,Key Accounts
C01583,Wholesaler,Nairobi,5,5,5,Champions,Key Accounts
C01584,HoReCa,Nyanza,4,3,4,Champions,Core Small Outlets
C01585,Petrol Station,Western,2,3,3,At Risk,Core Small Outlets
C01586,Duka,Central,5,4,3,Champions,Core Small Outlets
C01587,Wholesaler,Central,5,4,5,Champions,Key Accounts
C01589,Duka,Nairobi,1,1,1,Hibernating / Lost,Lapsed Small Outlets
C01590,HoReCa,Nairobi,2,4,4,Can't Lose Them,Lapsing Key Accounts
C01591,Supermarket,Nairobi,5,5,5,Champions,Key Accounts
C01593,Duka,Nyanza,4,4,3,Champions,Core Small Outlets
C01594,HoReCa,Central,3,3,3,Loyal,Core Small Outlets
C01595,HoReCa,Nairobi,1,1,3,Hibernating / Lost,Lapsed Small Outlets
C01597,HoReCa,Western,1,1,3,Hibernating / Lost,Lapsed Small Outlets
C01598,Duka,Western,3,3,2,Needs Attention,Core Small Outlets
C01599,Duka,Western,5,3,2,Promising / New,Core Small Outlets
C01600,Duka,Western,3,3,2,Needs Attention,Core Small Outlets
C01601,HoReCa,Nairobi,2,3,4,Can't Lose Them,Lapsed Small Outlets
C01602,Duka,Central,1,1,1,Hibernating / Lost,Lapsed Small Outlets
C01603,Duka,Central,4,4,4,Champions,Core Small Outlets
C01605,Duka,Nairobi,3,4,3,Loyal,Core Small Outlets
C01606,HoReCa,Rift Valley,1,3,4,Can't Lose Them,Lapsing Key Accounts
C01607,Duka,Nairobi,2,3,3,At Risk,Lapsed Small Outlets
C01608,HoReCa,Central,2,1,1,Hibernating / Lost,Lapsed Small Outlets
C01610,HoReCa,Rift Valley,2,3,4,Can't Lose Them,Lapsing Key Accounts
C01611,Petrol Station,Coast,3,4,4,Loyal,Core Small Outlets
C01612,HoReCa,Nairobi,5,5,4,Champions,Core Small Outlets
C01613,Duka,Rift Valley,2,2,2,Hibernating / Lost,Core Small Outlets
C01615,HoReCa,Western,4,3,3,Loyal,Core Small Outlets
C01616,Wholesaler,Central,5,4,5,Champions,Key Accounts
C01617,Duka,Western,3,3,2,Needs Attention,Core Small Outlets
C01619,Petrol Station,Central,2,5,4,Can't Lose Them,Core Small Outlets
C01620,Wholesaler,Nairobi,4,4,5,Champions,Key Accounts
C01622,Petrol Station,Western,4,5,5,Champions,Core Small Outlets
C01623,Duka,Central,3,5,4,Loyal,Core Small Outlets
C01624,Duka,Coast,2,2,1,Hibernating / Lost,Core Small Outlets
C01625,Petrol Station,Rift Valley,3,3,2,Needs Attention,Core Small Outlets
C01626,Wholesaler,Central,3,5,5,Loyal,Key Accounts
C01627,Duka,Rift Valley,4,4,3,Champions,Core Small Outlets
C01628,Supermarket,Rift Valley,5,5,5,Champions,Key Accounts
C01630,Petrol Station,Coast,1,1,3,Hibernating / Lost,Lapsed Small Outlets
C01631,Duka,Nairobi,4,5,4,Champions,Core Small Outlets
C01632,Duka,Rift Valley,4,3,2,Promising / New,Core Small Outlets
C01633,Duka,Coast,5,5,4,Champions,Core Small Outlets
C01635,Duka,Nairobi,1,1,1,Hibernating / Lost,Lapsed Small Outlets
C01636,Duka,Coast,2,2,2,Hibernating / Lost,Lapsed Small Outlets
C01639,Duka,Coast,1,1,1,Hibernating / Lost,Lapsed Small Outlets
C01640,HoReCa,Nairobi,5,5,4,Champions,Core Small Outlets
C01641,Duka,Nairobi,4,5,4,Champions,Core Small Outlets
C01642,Duka,Nairobi,2,4,3,Can't Lose Them,Core Small Outlets
C01643,Wholesaler,Nairobi,2,3,5,Can't Lose Them,Lapsing Key Accounts
C01644,Duka,Nairobi,2,2,1,Hibernating / Lost,Core Small Outlets
C01645,Duka,Rift Valley,3,3,2,Needs Attention,Core Small Outlets
C01648,Wholesaler,Coast,5,5,5,Champions,Key Accounts
C01649,Duka,Nairobi,4,2,1,Promising / New,Core Small Outlets
C01650,Petrol Station,Central,1,1,1,Hibernating / Lost,Lapsed Small Outlets
C01651,Duka,Nairobi,5,3,2,Promising / New,Core Small Outlets
C01652,Petrol Station,Central,2,2,1,Hibernating / Lost,Lapsed Small Outlets
C01653,Wholesaler,Central,3,5,5,Loyal,Key Accounts
C01654,Petrol Station,Rift Valley,5,5,4,Champions,Core Small Outlets
C01655,Duka,Nairobi,5,4,4,Champions,Core Small Outlets
C01656,Duka,Coast,1,2,3,Hibernating / Lost,Lapsed Small Outlets
C01657,Duka,Rift Valley,4,3,3,Loyal,Core Small Outlets
C01659,Duka,Central,1,1,1,Hibernating / Lost,Lapsed Small Outlets
C01660,Duka,Nyanza,3,2,2,Needs Attention,Core Small Outlets
C01661,Supermarket,Central,2,4,4,Can't Lose Them,Key Accounts
C01662,Petrol Station,Rift Valley,3,5,4,Loyal,Core Small Outlets
C01663,Supermarket,Nyanza,5,5,5,Champions,Key Accounts
C01664,Duka,Nairobi,3,1,1,Needs Attention,Core Small Outlets
C01665,Duka,Coast,5,3,3,Loyal,Core Small Outlets
C01666,Wholesaler,Coast,5,4,5,Champions,Key Accounts
C01668,Duka,Nairobi,1,2,2,Hibernating / Lost,Lapsed Small Outlets
C01669,Duka,Rift Valley,2,2,1,Hibernating / Lost,Lapsed Small Outlets
C01670,Duka,Coast,4,4,4,Champions,Core Small Outlets
C01672,Wholesaler,Central,2,2,4,At Risk,Lapsing Key Accounts
C01673,HoReCa,Coast,5,2,2,Promising / New,Core Small Outlets
C01674,Duka,Coast,1,1,1,Hibernating / Lost,Lapsed Small Outlets
C01675,HoReCa,Western,4,2,4,Loyal,Core Small Outlets
C01677,Duka,Nairobi,5,2,3,Promising / New,Core Small Outlets
C01678,Supermarket,Coast,5,5,5,Champions,Key Accounts
C01679,Duka,Rift Valley,2,1,1,Hibernating / Lost,Core Small Outlets
C01680,Duka,Coast,2,2,2,Hibernating / Lost,Core Small Outlets
C01681,HoReCa,Nyanza,3,4,4,Loyal,Core Small Outlets
C01682,Duka,Central,1,1,1,Hibernating / Lost,Lapsed Small Outlets
C01684,Duka,Central,1,1,1,Hibernating / Lost,Lapsed Small Outlets
C01685,Duka,Nyanza,4,3,2,Promising / New,Core Small Outlets
C01686,Supermarket,Coast,1,2,4,At Risk,Lapsing Key Accounts
C01687,HoReCa,Central,1,2,4,At Risk,Lapsed Small Outlets
C01689,Duka,Nairobi,2,2,2,Hibernating / Lost,Lapsed Small Outlets
C01690,Duka,Coast,3,2,2,Needs Attention,Core Small Outlets
C01693,Duka,Western,3,3,3,Loyal,Core Small Outlets
C01694,Duka,Nyanza,3,3,2,Needs Attention,Core Small Outlets
C01695,HoReCa,Nairobi,1,1,1,Hibernating / Lost,Lapsed Small Outlets
C01696,Duka,Rift Valley,1,3,3,At Risk,Lapsed Small Outlets
C01697,Petrol Station,Rift Valley,5,5,5,Champions,Core Small Outlets
C01698,Supermarket,Nyanza,1,1,2,Hibernating / Lost,Lapsing Key Accounts
C01699,Duka,Rift Valley,1,1,1,Hibernating / Lost,Lapsed Small Outlets
C01701,Duka,Nairobi,1,1,1,Hibernating / Lost,Lapsed Small Outlets
C01702,Duka,Central,4,3,2,Promising / New,Core Small Outlets
C01704,Duka,Nyanza,4,4,3,Champions,Core Small Outlets
C01705,Petrol Station,Rift Valley,5,3,3,Loyal,Core Small Outlets
C01706,Duka,Rift Valley,3,3,2,Needs Attention,Core Small Outlets
C01707,Wholesaler,Nairobi,2,5,5,Can't Lose Them,Lapsing Key Accounts
C01708,Duka,Nyanza,1,1,1,Hibernating / Lost,Lapsed Small Outlets
C01710,HoReCa,Nairobi,1,1,2,Hibernating / Lost,Lapsed Small Outlets
C01711,Duka,Coast,3,4,3,Loyal,Core Small Outlets
C01712,Duka,Central,2,3,2,Hibernating / Lost,Core Small Outlets
C01713,Supermarket,Nairobi,4,5,5,Champions,Key Accounts
C01714,Duka,Nairobi,2,2,2,Hibernating / Lost,Lapsed Small Outlets
C01715,Supermarket,Western,5,5,5,Champions,Key Accounts
C01716,Petrol Station,Nairobi,5,3,3,Loyal,Core Small Outlets
C01717,HoReCa,Western,4,4,4,Champions,Core Small Outlets
C01719,Duka,Nairobi,3,2,2,Needs Attention,Core Small Outlets
C01720,Duka,Nyanza,2,3,3,At Risk,Lapsed Small Outlets
C01722,HoReCa,Central,4,5,5,Champions,Core Small Outlets
C01723,HoReCa,Western,3,5,5,Loyal,Core Small Outlets
C01725,Duka,Rift Valley,1,2,3,Hibernating / Lost,Lapsed Small Outlets
C01726,Supermarket,Nairobi,5,5,5,Champions,Key Accounts
C01727,Supermarket,Rift Valley,1,4,5,Can't Lose Them,Lapsing Key Accounts
C01729,Duka,Nyanza,4,4,3,Champions,Core Small Outlets
C01730,Wholesaler,Nairobi,5,5,5,Champions,Key Accounts
C01732,Duka,Nyanza,3,4,3,Loyal,Core Small Outlets
C01734,HoReCa,Rift Valley,5,5,4,Champions,Core Small Outlets
C01735,Duka,Central,4,2,2,Promising / New,Core Small Outlets
C01737,Duka,Coast,2,2,2,Hibernating / Lost,Lapsed Small Outlets
C01738,Duka,Nyanza,2,3,2,Hibernating / Lost,Core Small Outlets
C01739,Duka,Rift Valley,2,1,1,Hibernating / Lost,Core Small Outlets
C01740,Duka,Coast,3,3,2,Needs Attention,Core Small Outlets
C01742,HoReCa,Nairobi,1,1,1,Hibernating / Lost,Lapsed Small Outlets
C01743,Wholesaler,Coast,5,5,5,Champions,Key Accounts
C01744,HoReCa,Nyanza,4,5,5,Champions,Core Small Outlets
C01745,Duka,Rift Valley,4,4,3,Champions,Core Small Outlets
C01746,HoReCa,Nairobi,2,4,4,Can't Lose Them,Lapsing Key Accounts
C01747,HoReCa,Western,3,2,3,Needs Attention,Core Small Outlets
C01748,Wholesaler,Western,3,5,5,Loyal,Key Accounts
C01749,Petrol Station,Nairobi,2,1,1,Hibernating / Lost,Lapsed Small Outlets
C01750,Duka,Nairobi,4,3,3,Loyal,Core Small Outlets
C01751,Duka,Nairobi,5,4,3,Champions,Core Small Outlets
C01754,Petrol Station,Nairobi,5,2,3,Promising / New,Core Small Outlets
C01756,Duka,Central,2,3,3,At Risk,Core Small Outlets
C01757,HoReCa,Central,5,3,4,Champions,Core Small Outlets
C01758,Duka,Central,4,4,3,Champions,Core Small Outlets
C01759,Duka,Rift Valley,2,2,2,Hibernating / Lost,Lapsed Small Outlets
C01760,Duka,Central,2,1,1,Hibernating / Lost,Lapsed Small Outlets
C01761,Duka,Rift Valley,2,4,4,Can't Lose Them,Lapsed Small Outlets
C01762,Petrol Station,Rift Valley,5,2,1,Promising / New,Core Small Outlets
C01763,HoReCa,Central,4,3,4,Champions,Core Small Outlets
C01764,Duka,Nairobi,3,2,1,Needs Attention,Core Small Outlets
C01765,Duka,Nairobi,4,2,2,Promising / New,Core Small Outlets
C01766,HoReCa,Nairobi,4,5,4,Champions,Core Small Outlets
C01768,Duka,Coast,3,3,2,Needs Attention,Core Small Outlets
C01769,Duka,Nairobi,1,1,1,Hibernating / Lost,Lapsed Small Outlets
C01770,Petrol Station,Coast,1,1,1,Hibernating / Lost,Lapsed Small Outlets
C01771,Supermarket,Nairobi,4,5,5,Champions,Key Accounts
C01772,Duka,Nairobi,4,4,3,Champions,Core Small Outlets
C01773,Duka,Nairobi,3,3,3,Loyal,Core Small Outlets
C01775,Supermarket,Nairobi,5,5,5,Champions,Key Accounts
C01776,Duka,Nairobi,1,1,1,Hibernating / Lost,Lapsed Small Outlets
C01777,Wholesaler,Coast,1,3,5,Can't Lose Them,Lapsing Key Accounts
C01778,Petrol Station,Coast,2,1,2,Hibernating / Lost,Lapsed Small Outlets
C01781,Duka,Central,1,1,1,Hibernating / Lost,Lapsed Small Outlets
C01782,Duka,Nairobi,2,3,2,Hibernating / Lost,Core Small Outlets
C01783,Supermarket,Central,4,5,5,Champions,Key Accounts
C01784,Duka,Rift Valley,1,2,2,Hibernating / Lost,Lapsed Small Outlets
C01785,Duka,Rift Valley,5,2,1,Promising / New,Core Small Outlets
C01786,HoReCa,Rift Valley,2,4,4,Can't Lose Them,Lapsing Key Accounts
C01787,Supermarket,Central,2,3,4,Can't Lose Them,Lapsing Key Accounts
C01789,Duka,Rift Valley,3,4,3,Loyal,Core Small Outlets
C01791,Wholesaler,Coast,3,4,5,Loyal,Key Accounts
C01793,Duka,Rift Valley,4,3,3,Loyal,Core Small Outlets
C01794,HoReCa,Rift Valley,4,4,4,Champions,Core Small Outlets
C01795,Petrol Station,Nairobi,4,2,3,Promising / New,Core Small Outlets
C01796,HoReCa,Rift Valley,2,4,4,Can't Lose Them,Lapsing Key Accounts
C01797,Petrol Station,Nairobi,3,3,3,Loyal,Core Small Outlets
C01798,Supermarket,Central,4,5,5,Champions,Key Accounts
C01799,Duka,Nairobi,4,4,3,Champions,Core Small Outlets
C01801,HoReCa,Western,5,3,3,Loyal,Core Small Outlets
C01802,Duka,Nairobi,4,4,3,Champions,Core Small Outlets
C01803,Petrol Station,Nyanza,3,2,2,Needs Attention,Core Small Outlets
C01805,Duka,Central,2,3,2,Hibernating / Lost,Lapsed Small Outlets
C01806,Duka,Rift Valley,1,2,2,Hibernating / Lost,Lapsed Small Outlets
C01807,Duka,Nairobi,1,2,2,Hibernating / Lost,Lapsed Small Outlets
C01808,Supermarket,Nairobi,5,5,5,Champions,Key Accounts
C01809,Duka,Rift Valley,3,3,2,Needs Attention,Core Small Outlets
C01811,Petrol Station,Nairobi,2,5,5,Can't Lose Them,Lapsing Key Accounts
C01812,Wholesaler,Central,5,4,5,Champions,Key Accounts
C01813,Petrol Station,Nairobi,1,1,2,Hibernating / Lost,Lapsed Small Outlets
C01814,Wholesaler,Coast,4,1,4,Promising / New,Key Accounts
C01815,Duka,Nairobi,2,3,2,Hibernating / Lost,Core Small Outlets
C01816,HoReCa,Western,3,1,1,Needs Attention,Core Small Outlets
C01817,Duka,Central,5,4,3,Champions,Core Small Outlets
C01818,Petrol Station,Nairobi,5,3,3,Loyal,Core Small Outlets
C01819,Duka,Coast,4,4,3,Champions,Core Small Outlets
C01820,Duka,Nairobi,3,2,2,Needs Attention,Core Small Outlets
C01821,Wholesaler,Nairobi,5,5,5,Champions,Key Accounts
C01822,Duka,Central,2,2,2,Hibernating / Lost,Lapsed Small Outlets
C01823,Duka,Nairobi,3,3,3,Loyal,Core Small Outlets
C01824,Duka,Western,4,2,1,Promising / New,Core Small Outlets
C01825,Duka,Coast,2,2,2,Hibernating / Lost,Lapsed Small Outlets
C01826,Supermarket,Nairobi,3,4,4,Loyal,Key Accounts
C01827,Supermarket,Nyanza,5,5,5,Champions,Key Accounts
C01830,Duka,Central,4,2,1,Promising / New,Core Small Outlets
C01831,Duka,Rift Valley,5,1,1,Promising / New,Core Small Outlets
C01832,HoReCa,Nairobi,4,3,3,Loyal,Core Small Outlets
C01833,Supermarket,Nairobi,5,5,5,Champions,Key Accounts
C01834,Duka,Rift Valley,2,2,2,Hibernating / Lost,Lapsed Small Outlets
C01835,Duka,Nyanza,5,3,2,Promising / New,Core Small Outlets
C01836,Supermarket,Central,3,4,4,Loyal,Key Accounts
C01838,Duka,Rift Valley,5,4,3,Champions,Core Small Outlets
C01839,Supermarket,Coast,5,5,5,Champions,Key Accounts
C01840,Duka,Coast,2,1,1,Hibernating / Lost,Lapsed Small Outlets
C01841,Duka,Nyanza,3,4,3,Loyal,Core Small Outlets
C01842,Duka,Nairobi,1,1,1,Hibernating / Lost,Lapsed Small Outlets
C01844,Duka,Rift Valley,3,2,2,Needs Attention,Core Small Outlets
C01845,HoReCa,Nairobi,5,3,3,Loyal,Core Small Outlets
C01846,HoReCa,Nairobi,1,3,4,Can't Lose Them,Lapsing Key Accounts
C01847,Duka,Rift Valley,5,4,3,Champions,Core Small Outlets
C01849,HoReCa,Coast,1,2,4,At Risk,Lapsed Small Outlets
C01850,Wholesaler,Central,5,4,5,Champions,Key Accounts
C01851,HoReCa,Nairobi,1,1,1,Hibernating / Lost,Lapsed Small Outlets
C01852,Duka,Central,4,3,2,Promising / New,Core Small Outlets
C01853,Supermarket,Western,2,4,5,Can't Lose Them,Lapsing Key Accounts
C01854,Duka,Nairobi,5,4,3,Champions,Core Small Outlets
C01855,Duka,Nairobi,2,3,3,At Risk,Core Small Outlets
C01856,Wholesaler,Central,2,2,4,At Risk,Lapsing Key Accounts
C01857,Supermarket,Nairobi,4,3,4,Champions,Key Accounts
C01859,Duka,Coast,2,2,2,Hibernating / Lost,Core Small Outlets
C01860,Duka,Western,1,2,2,Hibernating / Lost,Lapsed Small Outlets
C01861,Duka,Nyanza,2,3,2,Hibernating / Lost,Lapsed Small Outlets
C01862,Supermarket,Western,4,4,5,Champions,Key Accounts
C01863,Duka,Nairobi,1,2,2,Hibernating / Lost,Lapsed Small Outlets
C01864,Duka,Rift Valley,1,2,2,Hibernating / Lost,Lapsed Small Outlets
C01865,Petrol Station,Rift Valley,2,3,3,At Risk,Lapsed Small Outlets
C01866,HoReCa,Nairobi,5,5,5,Champions,Core Small Outlets
C01867,HoReCa,Central,2,1,2,Hibernating / Lost,Lapsed Small Outlets
C01868,Supermarket,Central,4,5,5,Champions,Key Accounts
C01869,Duka,Coast,3,3,2,Needs Attention,Core Small Outlets
C01870,HoReCa,Nyanza,4,4,4,Champions,Core Small Outlets
C01871,Petrol Station,Nairobi,4,3,3,Loyal,Core Small Outlets
C01872,HoReCa,Nairobi,3,3,3,Loyal,Core Small Outlets
C01873,Duka,Rift Valley,2,2,2,Hibernating / Lost,Lapsed Small Outlets
C01874,HoReCa,Nairobi,1,1,1,Hibernating / Lost,Lapsed Small Outlets
C01875,Duka,Coast,2,2,2,Hibernating / Lost,Core Small Outlets
C01876,Duka,Coast,3,3,2,Needs Attention,Core Small Outlets
C01877,Duka,Central,1,1,1,Hibernating / Lost,Lapsed Small Outlets
C01878,Petrol Station,Nairobi,2,2,2,Hibernating / Lost,Lapsed Small Outlets
C01879,Supermarket,Western,5,5,5,Champions,Key Accounts
C01880,HoReCa,Nyanza,4,4,4,Champions,Core Small Outlets
C01882,Duka,Nyanza,2,3,2,Hibernating / Lost,Core Small Outlets
C01884,Duka,Nairobi,2,2,2,Hibernating / Lost,Lapsed Small Outlets
C01885,Duka,Rift Valley,3,5,4,Loyal,Core Small Outlets
C01886,Wholesaler,Central,1,2,4,At Risk,Lapsing Key Accounts
C01887,Wholesaler,Coast,2,1,3,Hibernating / Lost,Lapsing Key Accounts
C01888,Duka,Western,2,2,2,Hibernating / Lost,Lapsed Small Outlets
C01889,Duka,Nairobi,3,4,3,Loyal,Core Small Outlets
C01890,HoReCa,Central,3,3,3,Loyal,Core Small Outlets
C01891,Wholesaler,Central,2,2,3,Hibernating / Lost,Lapsing Key Accounts
C01893,HoReCa,Western,4,4,4,Champions,Core Small Outlets
C01894,Duka,Nyanza,4,4,4,Champions,Core Small Outlets
C01896,HoReCa,Rift Valley,4,5,4,Champions,Core Small Outlets
C01898,Supermarket,Nairobi,1,3,5,Can't Lose Them,Lapsing Key Accounts
C01899,HoReCa,Coast,2,1,2,Hibernating / Lost,Lapsed Small Outlets
C01900,Petrol Station,Nairobi,5,4,3,Champions,Core Small Outlets
C01901,Wholesaler,Nyanza,4,5,5,Champions,Key Accounts
C01902,Wholesaler,Nyanza,4,4,5,Champions,Key Accounts
C01904,Duka,Nyanza,2,3,3,At Risk,Core Small Outlets
C01905,Wholesaler,Western,5,4,5,Champions,Key Accounts
C01906,HoReCa,Rift Valley,1,1,2,Hibernating / Lost,Lapsed Small Outlets
C01907,Duka,Nairobi,4,4,4,Champions,Core Small Outlets
C01908,Supermarket,Nairobi,5,5,5,Champions,Key Accounts
C01909,Duka,Central,1,1,1,Hibernating / Lost,Lapsed Small Outlets
C01910,Duka,Central,1,1,1,Hibernating / Lost,Lapsed Small Outlets
C01912,Duka,Central,4,1,1,Promising / New,Core Small Outlets
C01913,HoReCa,Central,4,4,3,Champions,Core Small Outlets
C01914,Petrol Station,Nairobi,5,5,4,Champions,Core Small Outlets
C01915,Duka,Western,3,2,1,Needs Attention,Core Small Outlets
C01918,Duka,Nyanza,2,3,3,At Risk,Lapsed Small Outlets
C01919,Duka,Nairobi,1,1,1,Hibernating / Lost,Lapsed Small Outlets
C01921,HoReCa,Coast,5,4,4,Champions,Core Small Outlets
C01922,Supermarket,Rift Valley,3,5,4,Loyal,Key Accounts
C01925,HoReCa,Nairobi,4,5,4,Champions,Core Small Outlets
C01926,Supermarket,Rift Valley,5,5,5,Champions,Key Accounts
C01927,Wholesaler,Nairobi,3,5,5,Loyal,Key Accounts
C01928,Duka,Coast,5,2,2,Promising / New,Core Small Outlets
C01929,Supermarket,Nairobi,5,5,5,Champions,Key Accounts
C01930,Duka,Nyanza,3,4,3,Loyal,Core Small Outlets
C01933,Supermarket,Nairobi,5,5,5,Champions,Key Accounts
C01934,Supermarket,Central,5,4,4,Champions,Key Accounts
C01935,Duka,Nairobi,2,3,2,Hibernating / Lost,Core Small Outlets
C01936,Duka,Central,5,2,2,Promising / New,Core Small Outlets
C01937,Duka,Nyanza,4,4,3,Champions,Core Small Outlets
C01939,HoReCa,Nairobi,5,4,4,Champions,Core Small Outlets
C01940,Wholesaler,Rift Valley,3,5,5,Loyal,Key Accounts
C01941,Duka,Nyanza,1,1,1,Hibernating / Lost,Lapsed Small Outlets
C01942,Duka,Western,1,2,2,Hibernating / Lost,Lapsed Small Outlets
C01943,Duka,Western,1,1,1,Hibernating / Lost,Lapsed Small Outlets
C01944,HoReCa,Nyanza,5,3,4,Champions,Core Small Outlets
C01945,Duka,Nyanza,1,2,2,Hibernating / Lost,Lapsed Small Outlets
C01946,Wholesaler,Rift Valley,5,5,5,Champions,Key Accounts
C01947,Duka,Rift Valley,2,2,1,Hibernating / Lost,Lapsed Small Outlets
C01948,Duka,Western,1,1,1,Hibernating / Lost,Lapsed Small Outlets
C01949,HoReCa,Rift Valley,2,3,3,At Risk,Core Small Outlets
C01950,Wholesaler,Central,4,4,5,Champions,Key Accounts
C01951,Duka,Central,2,2,1,Hibernating / Lost,Core Small Outlets
C01952,Petrol Station,Nairobi,2,2,2,Hibernating / Lost,Core Small Outlets
C01953,HoReCa,Coast,5,3,4,Champions,Core Small Outlets
C01954,Supermarket,Rift Valley,4,5,5,Champions,Key Accounts
C01955,Duka,Nairobi,5,3,3,Loyal,Core Small Outlets
C01956,Duka,Coast,3,3,3,Loyal,Core Small Outlets
C01957,Duka,Western,3,4,3,Loyal,Core Small Outlets
C01959,Duka,Nairobi,4,4,3,Champions,Core Small Outlets
C01960,HoReCa,Central,4,5,5,Champions,Core Small Outlets
C01961,Petrol Station,Nairobi,1,1,1,Hibernating / Lost,Lapsed Small Outlets
C01962,HoReCa,Central,1,1,2,Hibernating / Lost,Lapsed Small Outlets
C01963,Duka,Nairobi,1,1,1,Hibernating / Lost,Lapsed Small Outlets
C01964,Duka,Nairobi,2,1,1,Hibernating / Lost,Lapsed Small Outlets
C01966,Supermarket,Nairobi,4,5,5,Champions,Key Accounts
C01967,Duka,Central,3,2,2,Needs Attention,Core Small Outlets
C01968,Duka,Central,1,2,3,Hibernating / Lost,Lapsed Small Outlets
C01969,Duka,Coast,5,2,2,Promising / New,Core Small Outlets
C01970,Wholesaler,Rift Valley,4,5,5,Champions,Key Accounts
C01971,Wholesaler,Nairobi,5,5,5,Champions,Key Accounts
C01972,Supermarket,Nairobi,4,4,4,Champions,Key Accounts
C01973,Duka,Nyanza,1,2,2,Hibernating / Lost,Lapsed Small Outlets
C01974,HoReCa,Nyanza,5,3,3,Loyal,Core Small Outlets
C01975,Petrol Station,Rift Valley,4,5,4,Champions,Core Small Outlets
C01976,Petrol Station,Western,2,3,3,At Risk,Lapsed Small Outlets
C01977,Petrol Station,Rift Valley,4,3,3,Loyal,Core Small Outlets
C01978,HoReCa,Coast,2,2,3,Hibernating / Lost,Core Small Outlets
C01979,HoReCa,Coast,2,3,3,At Risk,Lapsed Small Outlets
C01980,Duka,Coast,2,1,2,Hibernating / Lost,Lapsed Small Outlets
C01981,Petrol Station,Rift Valley,2,3,3,At Risk,Lapsed Small Outlets
C01983,Duka,Rift Valley,2,1,1,Hibernating / Lost,Lapsed Small Outlets
C01986,Duka,Western,1,1,1,Hibernating / Lost,Lapsed Small Outlets
C01987,Petrol Station,Nairobi,5,1,2,Promising / New,Core Small Outlets
C01988,Duka,Central,2,2,1,Hibernating / Lost,Lapsed Small Outlets
C01989,Duka,Nairobi,4,3,2,Promising / New,Core Small Outlets
C01991,Wholesaler,Nairobi,3,5,5,Loyal,Key Accounts
C01993,Supermarket,Nyanza,4,5,5,Champions,Key Accounts
C01994,Duka,Nyanza,4,3,2,Promising / New,Core Small Outlets
C01995,Duka,Nyanza,1,1,1,Hibernating / Lost,Lapsed Small Outlets
C01996,HoReCa,Rift Valley,3,3,3,Loyal,Core Small Outlets
C01997,Wholesaler,Nairobi,5,4,5,Champions,Key Accounts
C01998,Duka,Nairobi,4,4,3,Champions,Core Small Outlets
C02000,HoReCa,Coast,3,2,2,Needs Attention,Core Small Outlets
C02001,Wholesaler,Central,3,2,4,Loyal,Key Accounts
C02002,Petrol Station,Western,5,4,4,Champions,Core Small Outlets
C02003,Duka,Rift Valley,2,4,3,Can't Lose Them,Lapsed Small Outlets
C02004,Petrol Station,Nyanza,3,5,5,Loyal,Core Small Outlets
C02005,Petrol Station,Rift Valley,2,3,3,At Risk,Lapsed Small Outlets
C02006,Petrol Station,Western,5,4,4,Champions,Core Small Outlets
C02007,Duka,Rift Valley,1,1,1,Hibernating / Lost,Lapsed Small Outlets
C02009,Supermarket,Rift Valley,1,2,4,At Risk,Lapsing Key Accounts
C02010,HoReCa,Rift Valley,4,4,4,Champions,Core Small Outlets
C02011,Duka,Coast,4,3,2,Promising / New,Core Small Outlets
C02012,HoReCa,Western,3,3,3,Loyal,Core Small Outlets
C02013,Duka,Rift Valley,5,5,4,Champions,Core Small Outlets
C02014,Duka,Rift Valley,4,2,1,Promising / New,Core Small Outlets
C02015,Duka,Rift Valley,1,1,1,Hibernating / Lost,Lapsed Small Outlets
C02016,Duka,Nyanza,2,1,1,Hibernating / Lost,Lapsed Small Outlets
C02017,Duka,Western,2,2,1,Hibernating / Lost,Lapsed Small Outlets
C02019,HoReCa,Central,2,1,2,Hibernating / Lost,Core Small Outlets
C02020,HoReCa,Western,4,3,4,Champions,Core Small Outlets
C02021,Petrol Station,Rift Valley,5,2,2,Promising / New,Core Small Outlets
C02022,Duka,Nairobi,1,1,1,Hibernating / Lost,Lapsed Small Outlets
C02023,HoReCa,Central,3,3,4,Loyal,Core Small Outlets
C02025,Wholesaler,Nairobi,3,4,5,Loyal,Key Accounts
C02027,Duka,Nyanza,5,4,3,Champions,Core Small Outlets
C02029,HoReCa,Nairobi,5,3,4,Champions,Core Small Outlets
C02030,Duka,Nairobi,2,3,2,Hibernating / Lost,Lapsed Small Outlets
C02031,HoReCa,Nairobi,4,4,4,Champions,Core Small Outlets
C02032,Duka,Nyanza,3,2,1,Needs Attention,Core Small Outlets
C02033,Supermarket,Nairobi,5,5,5,Champions,Key Accounts
C02034,HoReCa,Nairobi,2,1,2,Hibernating / Lost,Lapsed Small Outlets
C02035,Duka,Western,2,2,2,Hibernating / Lost,Core Small Outlets
C02036,Duka,Nyanza,5,4,3,Champions,Core Small Outlets
C02037,Duka,Nyanza,5,3,2,Promising / New,Core Small Outlets
C02039,Duka,Rift Valley,3,1,1,Needs Attention,Core Small Outlets
C02040,Wholesaler,Western,5,5,5,Champions,Key Accounts
C02041,HoReCa,Coast,3,4,4,Loyal,Core Small Outlets
C02042,Duka,Coast,4,4,3,Champions,Core Small Outlets
C02043,Duka,Nairobi,5,4,3,Champions,Core Small Outlets
C02045,Supermarket,Western,5,5,5,Champions,Key Accounts
C02046,Supermarket,Nyanza,2,3,4,Can't Lose Them,Lapsing Key Accounts
C02047,Wholesaler,Nairobi,5,5,5,Champions,Key Accounts
C02048,Supermarket,Western,3,4,4,Loyal,Key Accounts
C02050,HoReCa,Nairobi,1,1,2,Hibernating / Lost,Lapsed Small Outlets
C02051,Duka,Nairobi,1,1,1,Hibernating / Lost,Lapsed Small Outlets
C02052,Supermarket,Central,4,4,4,Champions,Key Accounts
C02053,Wholesaler,Nyanza,4,4,5,Champions,Key Accounts
C02054,Duka,Coast,4,2,2,Promising / New,Core Small Outlets
C02057,HoReCa,Nyanza,1,1,1,Hibernating / Lost,Lapsed Small Outlets
C02058,Duka,Nairobi,4,4,3,Champions,Core Small Outlets
C02059,Supermarket,Coast,1,2,4,At Risk,Lapsing Key Accounts
C02060,Petrol Station,Nairobi,4,4,4,Champions,Core Small Outlets
C02061,HoReCa,Nairobi,3,4,4,Loyal,Core Small Outlets
C02063,HoReCa,Nairobi,2,3,4,Can't Lose Them,Lapsed Small Outlets
C02064,Wholesaler,Central,5,5,5,Champions,Key Accounts
C02065,HoReCa,Nyanza,3,5,4,Loyal,Core Small Outlets
C02066,Duka,Nairobi,2,3,3,At Risk,Core Small Outlets
C02068,Wholesaler,Coast,5,5,5,Champions,Key Accounts
C02069,Duka,Coast,2,4,4,Can't Lose Them,Lapsed Small Outlets
C02070,Duka,Nyanza,2,2,1,Hibernating / Lost,Lapsed Small Outlets
C02071,Duka,Western,1,1,1,Hibernating / Lost,Lapsed Small Outlets
C02072,Duka,Nyanza,2,2,2,Hibernating / Lost,Lapsed Small Outlets
C02073,Duka,Nairobi,4,3,3,Loyal,Core Small Outlets
C02074,Duka,Rift Valley,5,5,4,Champions,Core Small Outlets
C02076,Wholesaler,Coast,5,5,5,Champions,Key Accounts
C02077,Duka,Rift Valley,4,3,2,Promising / New,Core Small Outlets
C02078,Supermarket,Rift Valley,5,5,5,Champions,Key Accounts
C02079,Petrol Station,Rift Valley,2,2,2,Hibernating / Lost,Lapsed Small Outlets
C02080,Duka,Central,2,2,1,Hibernating / Lost,Core Small Outlets
C02081,Duka,Nairobi,2,2,2,Hibernating / Lost,Lapsed Small Outlets
C02082,Duka,Nairobi,2,1,1,Hibernating / Lost,Lapsed Small Outlets
C02083,Duka,Central,2,3,3,At Risk,Core Small Outlets
C02084,Duka,Nairobi,1,1,1,Hibernating / Lost,Lapsed Small Outlets
C02085,Supermarket,Nairobi,5,5,5,Champions,Key Accounts
C02086,Supermarket,Nairobi,4,5,5,Champions,Key Accounts
C02087,Supermarket,Central,4,5,4,Champions,Key Accounts
C02088,HoReCa,Rift Valley,2,3,4,Can't Lose Them,Lapsing Key Accounts
C02089,Duka,Rift Valley,3,2,2,Needs Attention,Core Small Outlets
C02090,Supermarket,Nairobi,5,5,5,Champions,Key Accounts
C02091,Petrol Station,Nyanza,1,1,1,Hibernating / Lost,Lapsed Small Outlets
C02092,Wholesaler,Western,5,5,5,Champions,Key Accounts
C02093,HoReCa,Rift Valley,4,5,4,Champions,Core Small Outlets
C02094,Supermarket,Nairobi,5,5,5,Champions,Key Accounts
C02095,Duka,Western,2,2,2,Hibernating / Lost,Lapsed Small Outlets
C02096,Petrol Station,Western,2,5,4,Can't Lose Them,Core Small Outlets
C02097,Duka,Central,1,1,1,Hibernating / Lost,Lapsed Small Outlets
C02099,Supermarket,Nairobi,3,3,4,Loyal,Key Accounts
C02100,Duka,Rift Valley,1,1,1,Hibernating / Lost,Lapsed Small Outlets
C02101,Duka,Central,2,2,1,Hibernating / Lost,Core Small Outlets
C02102,Supermarket,Rift Valley,3,4,4,Loyal,Key Accounts
C02103,Duka,Rift Valley,2,2,2,Hibernating / Lost,Lapsed Small Outlets
C02105,Duka,Nairobi,1,1,2,Hibernating / Lost,Lapsed Small Outlets
C02106,Supermarket,Central,4,2,4,Loyal,Key Accounts
C02107,Wholesaler,Western,4,5,5,Champions,Key Accounts
C02108,Duka,Rift Valley,5,5,4,Champions,Core Small Outlets
C02110,HoReCa,Central,3,2,2,Needs Attention,Core Small Outlets
C02111,Wholesaler,Coast,5,3,5,Champions,Key Accounts
C02113,HoReCa,Western,5,4,4,Champions,Core Small Outlets
C02114,Duka,Central,5,3,2,Promising / New,Core Small Outlets
C02115,HoReCa,Nairobi,3,5,4,Loyal,Core Small Outlets
C02116,Duka,Central,1,1,1,Hibernating / Lost,Lapsed Small Outlets
C02118,Duka,Coast,1,1,1,Hibernating / Lost,Lapsed Small Outlets
C02119,Duka,Nyanza,2,1,1,Hibernating / Lost,Lapsed Small Outlets
C02120,Petrol Station,Nyanza,4,3,3,Loyal,Core Small Outlets
C02121,Duka,Coast,2,1,1,Hibernating / Lost,Lapsed Small Outlets
C02123,HoReCa,Nairobi,1,2,3,Hibernating / Lost,Lapsed Small Outlets
C02125,Duka,Nyanza,1,1,1,Hibernating / Lost,Lapsed Small Outlets
C02127,Duka,Nyanza,1,1,1,Hibernating / Lost,Lapsed Small Outlets
C02130,Duka,Central,5,4,3,Champions,Core Small Outlets
C02131,Petrol Station,Nairobi,3,3,3,Loyal,Core Small Outlets
C02132,Petrol Station,Nairobi,5,5,5,Champions,Core Small Outlets
C02133,Wholesaler,Central,3,2,4,Loyal,Key Accounts
C02135,HoReCa,Coast,4,2,3,Promising / New,Core Small Outlets
C02136,Duka,Western,2,3,3,At Risk,Lapsed Small Outlets
C02137,Supermarket,Western,5,5,5,Champions,Key Accounts
C02138,Duka,Rift Valley,3,3,3,Loyal,Core Small Outlets
C02139,Supermarket,Western,5,5,5,Champions,Key Accounts
C02140,Duka,Central,3,3,3,Loyal,Core Small Outlets
C02141,Duka,Nyanza,5,4,3,Champions,Core Small Outlets
C02142,Duka,Nyanza,3,2,2,Needs Attention,Core Small Outlets
C02143,HoReCa,Nyanza,1,1,1,Hibernating / Lost,Lapsed Small Outlets
C02144,Wholesaler,Central,2,5,5,Can't Lose Them,Lapsing Key Accounts
C02145,HoReCa,Central,2,3,3,At Risk,Lapsed Small Outlets
C02146,Petrol Station,Nyanza,4,5,4,Champions,Core Small Outlets
C02147,Duka,Coast,2,3,3,At Risk,Lapsed Small Outlets
C02148,Petrol Station,Coast,5,2,2,Promising / New,Core Small Outlets
C02149,HoReCa,Rift Valley,4,2,3,Promising / New,Core Small Outlets
C02150,Duka,Nairobi,4,2,2,Promising / New,Core Small Outlets
C02151,Supermarket,Rift Valley,3,4,5,Loyal,Key Accounts
C02152,Duka,Nairobi,3,4,3,Loyal,Core Small Outlets
C02153,Duka,Nyanza,4,3,3,Loyal,Core Small Outlets
C02154,Duka,Coast,1,2,2,Hibernating / Lost,Lapsed Small Outlets
C02155,Supermarket,Rift Valley,5,5,5,Champions,Key Accounts
C02156,Duka,Western,5,3,2,Promising / New,Core Small Outlets
C02157,Petrol Station,Nairobi,4,3,3,Loyal,Core Small Outlets
C02158,Petrol Station,Nairobi,4,2,2,Promising / New,Core Small Outlets
C02159,Duka,Coast,2,4,3,Can't Lose Them,Core Small Outlets
C02160,HoReCa,Nyanza,2,4,4,Can't Lose Them,Core Small Outlets
C02161,Supermarket,Nyanza,1,2,3,Hibernating / Lost,Lapsing Key Accounts
C02162,Duka,Nairobi,2,3,2,Hibernating / Lost,Core Small Outlets
C02163,Supermarket,Nairobi,1,1,1,Hibernating / Lost,Lapsed Small Outlets
C02164,Duka,Western,2,3,2,Hibernating / Lost,Core Small Outlets
C02165,Wholesaler,Western,4,5,5,Champions,Key Accounts
C02167,Duka,Central,2,2,1,Hibernating / Lost,Lapsed Small Outlets
C02168,Duka,Rift Valley,2,2,1,Hibernating / Lost,Core Small Outlets
C02169,Duka,Nairobi,4,1,1,Promising / New,Core Small Outlets
C02171,Duka,Rift Valley,3,1,1,Needs Attention,Core Small Outlets
C02172,HoReCa,Nairobi,1,3,4,Can't Lose Them,Lapsed Small Outlets
C02174,HoReCa,Rift Valley,5,5,5,Champions,Core Small Outlets
C02175,Duka,Nairobi,5,3,3,Loyal,Core Small Outlets
C02176,Duka,Central,4,1,1,Promising / New,Core Small Outlets
C02177,HoReCa,Nairobi,4,4,4,Champions,Core Small Outlets
C02178,Petrol Station,Rift Valley,4,2,2,Promising / New,Core Small Outlets
C02179,Duka,Nairobi,4,4,3,Champions,Core Small Outlets
C02180,Duka,Nairobi,2,2,2,Hibernating / Lost,Lapsed Small Outlets
C02181,Wholesaler,Coast,4,5,5,Champions,Key Accounts
C02182,Duka,Nairobi,5,3,3,Loyal,Core Small Outlets
C02183,Duka,Coast,3,4,3,Loyal,Core Small Outlets
C02185,Duka,Rift Valley,5,5,3,Champions,Core Small Outlets
C02186,Supermarket,Nyanza,5,5,5,Champions,Key Accounts
C02187,Wholesaler,Central,3,5,5,Loyal,Key Accounts
C02188,Petrol Station,Rift Valley,1,1,1,Hibernating / Lost,Lapsed Small Outlets
C02189,Duka,Nairobi,1,1,1,Hibernating / Lost,Lapsed Small Outlets
C02190,HoReCa,Coast,5,3,3,Loyal,Core Small Outlets
C02191,Wholesaler,Nairobi,5,4,5,Champions,Key Accounts
C02192,Petrol Station,Coast,3,2,3,Needs Attention,Core Small Outlets
C02193,Petrol Station,Central,3,4,4,Loyal,Core Small Outlets
C02194,Duka,Nyanza,4,3,2,Promising / New,Core Small Outlets
C02195,Duka,Western,3,2,2,Needs Attention,Core Small Outlets
C02196,HoReCa,Western,5,4,4,Champions,Core Small Outlets
C02197,Duka,Western,5,5,4,Champions,Core Small Outlets
C02199,HoReCa,Rift Valley,1,1,1,Hibernating / Lost,Lapsed Small Outlets
C02200,Petrol Station,Nairobi,3,4,4,Loyal,Core Small Outlets
C02201,Duka,Nairobi,2,4,2,At Risk,Core Small Outlets
C02203,Duka,Central,2,2,1,Hibernating / Lost,Lapsed Small Outlets
C02206,Duka,Nairobi,4,4,3,Champions,Core Small Outlets
C02207,Supermarket,Coast,3,4,5,Loyal,Key Accounts
C02208,Duka,Rift Valley,3,2,1,Needs Attention,Core Small Outlets
C02209,Duka,Nairobi,5,3,2,Promising / New,Core Small Outlets
C02210,HoReCa,Nairobi,5,5,5,Champions,Core Small Outlets
C02211,HoReCa,Coast,2,3,3,At Risk,Core Small Outlets
C02213,Supermarket,Central,3,4,4,Loyal,Key Accounts
C02216,Duka,Coast,5,2,2,Promising / New,Core Small Outlets
C02217,HoReCa,Nairobi,4,4,4,Champions,Core Small Outlets
C02218,HoReCa,Nairobi,1,1,2,Hibernating / Lost,Lapsed Small Outlets
C02219,Duka,Nyanza,3,4,3,Loyal,Core Small Outlets
C02220,Duka,Nyanza,1,1,1,Hibernating / Lost,Lapsed Small Outlets
C02222,Duka,Nairobi,5,3,2,Promising / New,Core Small Outlets
C02223,Petrol Station,Nairobi,1,1,1,Hibernating / Lost,Lapsed Small Outlets
C02224,Duka,Rift Valley,3,1,1,Needs Attention,Core Small Outlets
C02225,Duka,Central,2,2,2,Hibernating / Lost,Lapsed Small Outlets
C02226,Petrol Station,Coast,1,1,1,Hibernating / Lost,Lapsed Small Outlets
C02227,Petrol Station,Central,4,4,4,Champions,Core Small Outlets
C02228,Duka,Rift Valley,2,3,2,Hibernating / Lost,Core Small Outlets
C02229,Duka,Rift Valley,5,3,3,Loyal,Core Small Outlets
C02230,Duka,Central,4,3,2,Promising / New,Core Small Outlets
C02231,Supermarket,Central,4,5,5,Champions,Key Accounts
C02232,Duka,Rift Valley,5,4,3,Champions,Core Small Outlets
C02233,Duka,Coast,5,5,4,Champions,Core Small Outlets
C02234,Petrol Station,Coast,4,2,2,Promising / New,Core Small Outlets
C02235,Duka,Central,1,2,2,Hibernating / Lost,Lapsed Small Outlets
C02236,Duka,Western,1,2,2,Hibernating / Lost,Lapsed Small Outlets
C02237,Duka,Nyanza,5,4,3,Champions,Core Small Outlets
C02238,Duka,Nairobi,3,4,3,Loyal,Core Small Outlets
C02240,Petrol Station,Coast,4,4,3,Champions,Core Small Outlets
C02241,Petrol Station,Rift Valley,4,3,3,Loyal,Core Small Outlets
C02242,Petrol Station,Rift Valley,2,4,4,Can't Lose Them,Core Small Outlets
C02243,Duka,Rift Valley,1,1,1,Hibernating / Lost,Lapsed Small Outlets
C02244,Petrol Station,Central,4,5,4,Champions,Core Small Outlets
C02246,Duka,Rift Valley,2,2,2,Hibernating / Lost,Lapsed Small Outlets
C02247,Supermarket,Rift Valley,1,1,1,Hibernating / Lost,Lapsing Key Accounts
C02248,Wholesaler,Western,3,5,5,Loyal,Key Accounts
C02249,Duka,Nairobi,1,1,1,Hibernating / Lost,Lapsed Small Outlets
C02250,HoReCa,Nyanza,5,4,4,Champions,Core Small Outlets
C02251,Wholesaler,Nairobi,2,4,5,Can't Lose Them,Lapsing Key Accounts
C02252,Duka,Nairobi,1,2,3,Hibernating / Lost,Lapsed Small Outlets
C02253,HoReCa,Rift Valley,4,4,4,Champions,Core Small Outlets
C02254,Duka,Rift Valley,2,2,2,Hibernating / Lost,Lapsed Small Outlets
C02255,Duka,Central,1,1,1,Hibernating / Lost,Lapsed Small Outlets
C02257,Duka,Central,2,4,3,Can't Lose Them,Lapsed Small Outlets
C02259,Duka,Nairobi,3,1,1,Needs Attention,Core Small Outlets
C02260,Duka,Nairobi,1,1,1,Hibernating / Lost,Lapsed Small Outlets
C02261,Duka,Nairobi,5,3,2,Promising / New,Core Small Outlets
C02266,Duka,Rift Valley,5,5,4,Champions,Core Small Outlets
C02267,Petrol Station,Rift Valley,2,4,3,Can't Lose Them,Core Small Outlets
C02268,Duka,Rift Valley,1,1,1,Hibernating / Lost,Lapsed Small Outlets
C02269,Wholesaler,Nairobi,3,4,5,Loyal,Key Accounts
C02270,HoReCa,Western,2,2,2,Hibernating / Lost,Core Small Outlets
C02271,Supermarket,Nyanza,3,5,5,Loyal,Key Accounts
C02272,Petrol Station,Nairobi,4,3,4,Champions,Core Small Outlets
C02273,Duka,Nairobi,2,2,1,Hibernating / Lost,Core Small Outlets
C02274,Duka,Nairobi,2,5,4,Can't Lose Them,Core Small Outlets
C02275,Petrol Station,Nairobi,2,3,3,At Risk,Core Small Outlets
C02276,Supermarket,Nairobi,4,4,4,Champions,Key Accounts
C02277,Duka,Central,2,2,2,Hibernating / Lost,Core Small Outlets
C02278,Petrol Station,Central,3,2,2,Needs Attention,Core Small Outlets
C02279,Petrol Station,Nairobi,3,3,3,Loyal,Core Small Outlets
C02281,Duka,Central,3,3,2,Needs Attention,Core Small Outlets
C02282,Duka,Rift Valley,2,2,1,Hibernating / Lost,Lapsed Small Outlets
C02283,HoReCa,Central,2,1,2,Hibernating / Lost,Lapsed Small Outlets
C02284,Duka,Central,2,3,3,At Risk,Lapsed Small Outlets
C02285,Wholesaler,Nairobi,5,4,5,Champions,Key Accounts
C02286,HoReCa,Central,4,4,4,Champions,Core Small Outlets
C02287,Wholesaler,Central,3,5,5,Loyal,Key Accounts
C02289,HoReCa,Rift Valley,4,2,3,Promising / New,Core Small Outlets
C02290,Petrol Station,Nairobi,5,3,3,Loyal,Core Small Outlets
C02291,Duka,Western,3,2,1,Needs Attention,Core Small Outlets
C02292,Duka,Nairobi,3,3,2,Needs Attention,Core Small Outlets
C02293,Wholesaler,Central,3,5,5,Loyal,Key Accounts
C02295,Duka,Central,1,1,1,Hibernating / Lost,Lapsed Small Outlets
C02298,HoReCa,Nairobi,2,2,2,Hibernating / Lost,Lapsed Small Outlets
C02299,HoReCa,Western,3,5,5,Loyal,Core Small Outlets
C02300,Duka,Central,1,1,1,Hibernating / Lost,Lapsed Small Outlets
C02301,Duka,Nairobi,4,2,2,Promising / New,Core Small Outlets
C02302,Petrol Station,Nairobi,3,3,2,Needs Attention,Core Small Outlets
C02303,Supermarket,Central,4,3,4,Champions,Key Accounts
C02305,Duka,Central,3,3,2,Needs Attention,Core Small Outlets
C02306,Duka,Central,4,3,2,Promising / New,Core Small Outlets
C02307,Wholesaler,Western,1,2,4,At Risk,Lapsing Key Accounts
C02308,Duka,Nairobi,3,3,2,Needs Attention,Core Small Outlets
C02309,Duka,Coast,1,2,2,Hibernating / Lost,Lapsed Small Outlets
C02310,Duka,Nairobi,1,1,1,Hibernating / Lost,Lapsed Small Outlets
C02311,HoReCa,Western,5,5,5,Champions,Core Small Outlets
C02312,Supermarket,Rift Valley,2,5,5,Can't Lose Them,Key Accounts
C02313,Supermarket,Nairobi,5,5,5,Champions,Key Accounts
C02315,Petrol Station,Rift Valley,2,1,1,Hibernating / Lost,Lapsed Small Outlets
C02317,Supermarket,Central,2,4,4,Can't Lose Them,Lapsing Key Accounts
C02318,Supermarket,Rift Valley,4,5,5,Champions,Key Accounts
C02319,Duka,Rift Valley,1,2,2,Hibernating / Lost,Lapsed Small Outlets
C02320,HoReCa,Nairobi,1,1,2,Hibernating / Lost,Lapsed Small Outlets
C02321,HoReCa,Nairobi,2,5,4,Can't Lose Them,Core Small Outlets
C02323,Duka,Western,5,4,3,Champions,Core Small Outlets
C02324,Duka,Nyanza,2,4,3,Can't Lose Them,Lapsed Small Outlets
C02325,Duka,Nairobi,1,2,2,Hibernating / Lost,Lapsed Small Outlets
C02326,Supermarket,Western,3,5,5,Loyal,Key Accounts
C02327,Duka,Nairobi,1,2,2,Hibernating / Lost,Lapsed Small Outlets
C02328,Petrol Station,Rift Valley,5,5,4,Champions,Core Small Outlets
C02329,Duka,Nyanza,2,2,1,Hibernating / Lost,Core Small Outlets
C02330,Duka,Rift Valley,3,1,1,Needs Attention,Core Small Outlets
C02331,HoReCa,Nyanza,2,1,1,Hibernating / Lost,Core Small Outlets
C02332,Wholesaler,Nairobi,3,4,5,Loyal,Key Accounts
C02334,Petrol Station,Nyanza,5,4,3,Champions,Core Small Outlets
C02335,Petrol Station,Nairobi,5,4,3,Champions,Core Small Outlets
C02336,Wholesaler,Nyanza,3,4,5,Loyal,Key Accounts
C02337,Supermarket,Nairobi,1,2,4,At Risk,Lapsing Key Accounts
C02339,Duka,Rift Valley,2,2,2,Hibernating / Lost,Core Small Outlets
C02340,Duka,Central,2,3,3,At Risk,Core Small Outlets
C02341,Duka,Rift Valley,2,2,2,Hibernating / Lost,Lapsed Small Outlets
C02342,Wholesaler,Nairobi,3,3,5,Loyal,Lapsing Key Accounts
C02343,Duka,Nairobi,2,2,2,Hibernating / Lost,Core Small Outlets
C02344,Wholesaler,Western,4,3,4,Champions,Key Accounts
C02345,Petrol Station,Nairobi,2,2,2,Hibernating / Lost,Lapsed Small Outlets
C02346,Duka,Central,1,1,1,Hibernating / Lost,Lapsed Small Outlets
C02347,Wholesaler,Rift Valley,4,4,5,Champions,Key Accounts
C02349,Duka,Rift Valley,5,4,3,Champions,Core Small Outlets
C02350,Duka,Central,3,2,2,Needs Attention,Core Small Outlets
C02351,Duka,Coast,1,1,2,Hibernating / Lost,Lapsed Small Outlets
C02352,Duka,Central,3,2,1,Needs Attention,Core Small Outlets
C02353,Supermarket,Coast,5,5,5,Champions,Key Accounts
C02354,HoReCa,Nairobi,1,3,3,At Risk,Lapsed Small Outlets
C02355,HoReCa,Central,1,1,1,Hibernating / Lost,Lapsed Small Outlets
C02356,Petrol Station,Rift Valley,2,4,4,Can't Lose Them,Lapsing Key Accounts
C02357,Petrol Station,Nyanza,1,1,1,Hibernating / Lost,Lapsing Key Accounts
C02358,HoReCa,Western,5,4,4,Champions,Core Small Outlets
C02359,HoReCa,Nairobi,2,1,2,Hibernating / Lost,Lapsed Small Outlets
C02360,Supermarket,Nairobi,1,2,3,Hibernating / Lost,Lapsing Key Accounts
C02361,Duka,Western,2,1,1,Hibernating / Lost,Lapsed Small Outlets
C02362,HoReCa,Nairobi,4,2,3,Promising / New,Core Small Outlets
C02363,Wholesaler,Nairobi,3,5,5,Loyal,Key Accounts
C02364,Petrol Station,Central,1,1,1,Hibernating / Lost,Lapsed Small Outlets
C02365,Duka,Nyanza,1,2,2,Hibernating / Lost,Lapsed Small Outlets
C02366,Petrol Station,Nairobi,1,1,1,Hibernating / Lost,Lapsed Small Outlets
C02367,Duka,Central,2,2,2,Hibernating / Lost,Core Small Outlets
C02368,Duka,Rift Valley,2,3,2,Hibernating / Lost,Core Small Outlets
C02369,Wholesaler,Nyanza,2,5,5,Can't Lose Them,Key Accounts
C02370,Duka,Nyanza,1,1,1,Hibernating / Lost,Lapsed Small Outlets
C02371,Supermarket,Rift Valley,5,5,5,Champions,Key Accounts
C02372,Duka,Nyanza,1,1,1,Hibernating / Lost,Lapsed Small Outlets
C02373,Duka,Nairobi,5,5,4,Champions,Core Small Outlets
C02374,HoReCa,Nairobi,3,2,3,Needs Attention,Core Small Outlets
C02375,HoReCa,Rift Valley,2,2,2,Hibernating / Lost,Lapsed Small Outlets
C02376,Duka,Nairobi,3,3,3,Loyal,Core Small Outlets
C02377,Duka,Rift Valley,5,3,3,Loyal,Core Small Outlets
C02378,HoReCa,Coast,5,2,4,Loyal,Core Small Outlets
C02379,Duka,Central,1,1,1,Hibernating / Lost,Lapsed Small Outlets
C02380,HoReCa,Nairobi,4,4,4,Champions,Core Small Outlets
C02381,Petrol Station,Western,4,4,3,Champions,Core Small Outlets
C02382,HoReCa,Rift Valley,1,1,1,Hibernating / Lost,Lapsed Small Outlets
C02383,Supermarket,Rift Valley,4,4,5,Champions,Key Accounts
C02385,Duka,Nairobi,2,3,2,Hibernating / Lost,Lapsed Small Outlets
C02386,HoReCa,Nairobi,1,1,1,Hibernating / Lost,Lapsed Small Outlets
C02387,Duka,Western,3,4,4,Loyal,Core Small Outlets
C02388,Duka,Central,4,2,1,Promising / New,Core Small Outlets
C02389,Wholesaler,Rift Valley,5,4,5,Champions,Key Accounts
C02391,HoReCa,Nairobi,5,5,5,Champions,Core Small Outlets
C02392,Supermarket,Nyanza,4,5,5,Champions,Key Accounts
C02393,Petrol Station,Western,5,5,5,Champions,Core Small Outlets
C02395,HoReCa,Nairobi,4,5,4,Champions,Core Small Outlets
C02396,Duka,Nairobi,2,4,3,Can't Lose Them,Core Small Outlets
C02397,Duka,Central,3,2,1,Needs Attention,Core Small Outlets
C02398,Supermarket,Coast,4,5,5,Champions,Key Accounts
C02399,Petrol Station,Nairobi,3,4,3,Loyal,Core Small Outlets
C02401,Supermarket,Nairobi,4,3,4,Champions,Key Accounts
C02402,Petrol Station,Nairobi,1,1,1,Hibernating / Lost,Lapsed Small Outlets
C02404,HoReCa,Rift Valley,4,4,4,Champions,Core Small Outlets
C02405,HoReCa,Rift Valley,2,5,5,Can't Lose Them,Lapsing Key Accounts
C02406,Wholesaler,Central,5,5,5,Champions,Key Accounts
C02408,HoReCa,Nairobi,3,4,4,Loyal,Core Small Outlets
C02409,Petrol Station,Central,4,3,4,Champions,Core Small Outlets
C02410,Duka,Nairobi,2,1,1,Hibernating / Lost,Lapsed Small Outlets
C02411,Duka,Nairobi,3,4,3,Loyal,Core Small Outlets
C02412,HoReCa,Rift Valley,3,3,3,Loyal,Core Small Outlets
C02413,Supermarket,Rift Valley,2,2,3,Hibernating / Lost,Lapsing Key Accounts
C02414,Duka,Western,4,4,3,Champions,Core Small Outlets
C02415,Petrol Station,Rift Valley,3,4,4,Loyal,Core Small Outlets
C02416,Wholesaler,Western,3,5,5,Loyal,Key Accounts
C02417,Duka,Western,1,1,1,Hibernating / Lost,Lapsed Small Outlets
C02418,Duka,Nairobi,5,4,3,Champions,Core Small Outlets
C02419,Wholesaler,Nairobi,5,5,5,Champions,Key Accounts
C02420,Duka,Rift Valley,3,4,3,Loyal,Core Small Outlets
C02423,Duka,Nairobi,4,4,3,Champions,Core Small Outlets
C02424,HoReCa,Western,2,4,4,Can't Lose Them,Core Small Outlets
C02425,Duka,Nairobi,2,2,1,Hibernating / Lost,Core Small Outlets
C02426,HoReCa,Nairobi,1,2,4,At Risk,Lapsing Key Accounts
C02427,HoReCa,Rift Valley,2,2,3,Hibernating / Lost,Lapsed Small Outlets
C02428,HoReCa,Nairobi,4,4,4,Champions,Core Small Outlets
C02429,Duka,Nairobi,3,3,2,Needs Attention,Core Small Outlets
C02430,HoReCa,Western,2,2,2,Hibernating / Lost,Lapsed Small Outlets
C02431,Duka,Central,1,2,2,Hibernating / Lost,Lapsed Small Outlets
C02434,Supermarket,Central,4,5,5,Champions,Key Accounts
C02435,HoReCa,Nyanza,1,2,3,Hibernating / Lost,Lapsed Small Outlets
C02436,Wholesaler,Nairobi,5,3,4,Champions,Key Accounts
C02437,Petrol Station,Rift Valley,3,3,3,Loyal,Core Small Outlets
C02438,Duka,Nairobi,3,4,3,Loyal,Core Small Outlets
C02439,Duka,Coast,2,3,3,At Risk,Core Small Outlets
C02440,Duka,Nairobi,5,4,3,Champions,Core Small Outlets
C02441,Duka,Nyanza,1,1,2,Hibernating / Lost,Lapsed Small Outlets
C02442,HoReCa,Western,2,4,4,Can't Lose Them,Lapsing Key Accounts
C02443,HoReCa,Nyanza,2,1,2,Hibernating / Lost,Lapsed Small Outlets
C02444,Supermarket,Central,5,5,5,Champions,Key Accounts
C02445,Duka,Central,2,1,1,Hibernating / Lost,Lapsed Small Outlets
C02447,Wholesaler,Central,2,5,5,Can't Lose Them,Lapsing Key Accounts
C02448,Duka,Nairobi,3,4,3,Loyal,Core Small Outlets
C02449,Supermarket,Rift Valley,3,5,5,Loyal,Key Accounts
C02450,Duka,Nairobi,3,3,2,Needs Attention,Core Small Outlets
C02451,HoReCa,Central,3,2,2,Needs Attention,Core Small Outlets
C02452,Supermarket,Rift Valley,5,5,5,Champions,Key Accounts
C02453,Supermarket,Central,4,4,5,Champions,Key Accounts
C02454,Supermarket,Western,5,4,4,Champions,Key Accounts
C02455,Duka,Coast,1,1,1,Hibernating / Lost,Lapsed Small Outlets
C02456,HoReCa,Nyanza,2,2,2,Hibernating / Lost,Core Small Outlets
C02457,Duka,Central,2,1,1,Hibernating / Lost,Lapsed Small Outlets
C02458,Duka,Western,2,1,1,Hibernating / Lost,Lapsed Small Outlets
C02459,Duka,Nairobi,1,1,1,Hibernating / Lost,Lapsed Small Outlets
C02461,Wholesaler,Nairobi,4,4,5,Champions,Key Accounts
C02462,Duka,Coast,1,2,2,Hibernating / Lost,Lapsed Small Outlets
C02463,Wholesaler,Nairobi,4,5,5,Champions,Key Accounts
C02464,HoReCa,Central,1,2,3,Hibernating / Lost,Lapsed Small Outlets
C02465,Duka,Coast,4,4,3,Champions,Core Small Outlets
C02467,Duka,Western,5,2,2,Promising / New,Core Small Outlets
C02469,Duka,Nairobi,2,3,3,At Risk,Lapsed Small Outlets
C02470,Wholesaler,Rift Valley,5,3,5,Champions,Key Accounts
C02471,Duka,Coast,5,5,4,Champions,Core Small Outlets
C02472,Wholesaler,Nairobi,4,2,4,Loyal,Key Accounts
C02473,Duka,Rift Valley,1,1,1,Hibernating / Lost,Lapsed Small Outlets
C02474,HoReCa,Nairobi,1,1,2,Hibernating / Lost,Lapsed Small Outlets
C02475,Petrol Station,Central,1,1,1,Hibernating / Lost,Lapsed Small Outlets
C02476,HoReCa,Central,1,3,4,Can't Lose Them,Lapsing Key Accounts
C02477,Duka,Nairobi,1,1,1,Hibernating / Lost,Lapsed Small Outlets
C02478,Wholesaler,Nairobi,1,1,2,Hibernating / Lost,Lapsing Key Accounts
C02479,HoReCa,Rift Valley,5,5,5,Champions,Core Small Outlets
C02480,Duka,Nairobi,2,3,2,Hibernating / Lost,Core Small Outlets
C02481,Supermarket,Nairobi,3,4,4,Loyal,Key Accounts
C02482,Duka,Nairobi,1,3,3,At Risk,Lapsed Small Outlets
C02483,Supermarket,Nairobi,4,3,4,Champions,Key Accounts
C02484,Duka,Western,2,2,1,Hibernating / Lost,Lapsed Small Outlets
C02485,Duka,Coast,1,1,1,Hibernating / Lost,Lapsed Small Outlets
C02486,Duka,Western,2,3,2,Hibernating / Lost,Core Small Outlets
C02487,Duka,Nyanza,1,1,1,Hibernating / Lost,Lapsed Small Outlets
C02489,Duka,Western,3,4,3,Loyal,Core Small Outlets
C02490,Duka,Coast,3,2,2,Needs Attention,Core Small Outlets
C02492,Duka,Nairobi,3,2,2,Needs Attention,Core Small Outlets
C02493,Duka,Nairobi,3,3,2,Needs Attention,Core Small Outlets
C02494,Petrol Station,Central,2,1,1,Hibernating / Lost,Core Small Outlets
C02495,Duka,Nairobi,3,3,2,Needs Attention,Core Small Outlets
C02496,HoReCa,Coast,3,3,3,Loyal,Core Small Outlets
C02498,Petrol Station,Central,3,3,3,Loyal,Core Small Outlets
C02500,Wholesaler,Coast,3,4,5,Loyal,Key Accounts
C02501,Duka,Rift Valley,4,1,2,Promising / New,Core Small Outlets
C02503,Duka,Rift Valley,1,1,1,Hibernating / Lost,Lapsed Small Outlets
C02504,Duka,Nairobi,2,3,2,Hibernating / Lost,Lapsed Small Outlets
C02505,Supermarket,Nairobi,3,4,5,Loyal,Key Accounts
C02506,Supermarket,Western,4,4,4,Champions,Key Accounts
C02507,Wholesaler,Nairobi,5,3,5,Champions,Key Accounts
C02509,Duka,Coast,4,4,3,Champions,Core Small Outlets
C02510,Wholesaler,Nairobi,5,5,5,Champions,Key Accounts
C02511,Duka,Western,1,1,1,Hibernating / Lost,Lapsed Small Outlets
C02512,Petrol Station,Nairobi,1,1,1,Hibernating / Lost,Lapsed Small Outlets
C02513,HoReCa,Rift Valley,5,3,3,Loyal,Core Small Outlets
C02514,Supermarket,Nairobi,4,5,5,Champions,Key Accounts
C02515,Duka,Rift Valley,2,2,1,Hibernating / Lost,Lapsed Small Outlets
C02517,Duka,Nyanza,4,3,2,Promising / New,Core Small Outlets
C02518,Petrol Station,Nairobi,3,3,3,Loyal,Core Small Outlets
C02519,Duka,Western,1,1,1,Hibernating / Lost,Lapsed Small Outlets
C02522,Duka,Coast,2,1,1,Hibernating / Lost,Lapsed Small Outlets
C02524,Supermarket,Rift Valley,1,1,1,Hibernating / Lost,Lapsing Key Accounts
C02525,Petrol Station,Nairobi,3,4,4,Loyal,Core Small Outlets
C02526,Duka,Central,5,2,1,Promising / New,Core Small Outlets
C02527,HoReCa,Coast,3,4,4,Loyal,Core Small Outlets
C02528,Duka,Nyanza,2,1,1,Hibernating / Lost,Lapsed Small Outlets
C02529,Duka,Central,3,3,2,Needs Attention,Core Small Outlets
C02530,Duka,Rift Valley,2,2,2,Hibernating / Lost,Lapsed Small Outlets
C02531,Duka,Nyanza,5,5,4,Champions,Core Small Outlets
C02532,Duka,Nyanza,3,2,2,Needs Attention,Core Small Outlets
C02533,Wholesaler,Nairobi,5,4,5,Champions,Key Accounts
C02534,Duka,Nairobi,3,2,2,Needs Attention,Core Small Outlets
C02535,Supermarket,Rift Valley,2,3,4,Can't Lose Them,Lapsing Key Accounts
C02537,Duka,Nairobi,3,3,2,Needs Attention,Core Small Outlets
C02538,HoReCa,Rift Valley,2,2,3,Hibernating / Lost,Core Small Outlets
C02539,Supermarket,Coast,3,5,5,Loyal,Key Accounts
C02540,HoReCa,Rift Valley,1,1,2,Hibernating / Lost,Lapsed Small Outlets
C02541,HoReCa,Nairobi,5,5,5,Champions,Key Accounts
C02542,HoReCa,Central,4,5,5,Champions,Core Small Outlets
C02543,Supermarket,Nairobi,4,5,5,Champions,Key Accounts
C02544,HoReCa,Nyanza,4,4,4,Champions,Core Small Outlets
C02545,Wholesaler,Central,1,1,1,Hibernating / Lost,Lapsed Small Outlets
C02546,HoReCa,Western,3,3,4,Loyal,Core Small Outlets
C02547,Duka,Nairobi,3,2,1,Needs Attention,Core Small Outlets
C02548,Duka,Western,5,2,2,Promising / New,Core Small Outlets
C02549,Wholesaler,Central,2,4,5,Can't Lose Them,Lapsing Key Accounts
C02550,Duka,Western,4,3,2,Promising / New,Core Small Outlets
C02552,Supermarket,Nyanza,5,5,5,Champions,Key Accounts
C02553,Duka,Western,1,1,1,Hibernating / Lost,Lapsed Small Outlets
C02554,Duka,Nairobi,5,3,2,Promising / New,Core Small Outlets
C02555,HoReCa,Western,2,3,3,At Risk,Lapsed Small Outlets
C02556,Duka,Nairobi,2,1,2,Hibernating / Lost,Core Small Outlets
C02558,Petrol Station,Rift Valley,2,3,3,At Risk,Core Small Outlets
C02559,HoReCa,Central,5,5,5,Champions,Core Small Outlets
C02560,Supermarket,Central,4,5,5,Champions,Key Accounts
C02561,HoReCa,Nairobi,3,3,4,Loyal,Core Small Outlets
C02562,Duka,Nyanza,1,1,1,Hibernating / Lost,Lapsed Small Outlets
C02563,Wholesaler,Nairobi,2,1,4,Hibernating / Lost,Lapsing Key Accounts
C02564,Supermarket,Nairobi,5,5,5,Champions,Key Accounts
C02567,Supermarket,Western,3,4,4,Loyal,Key Accounts
C02568,Duka,Central,3,2,2,Needs Attention,Core Small Outlets
C02569,HoReCa,Nairobi,3,3,4,Loyal,Core Small Outlets
C02570,Petrol Station,Nairobi,2,1,1,Hibernating / Lost,Lapsed Small Outlets
C02571,Petrol Station,Coast,3,3,2,Needs Attention,Core Small Outlets
C02572,Supermarket,Nyanza,5,5,4,Champions,Key Accounts
C02573,Duka,Nairobi,4,3,3,Loyal,Core Small Outlets
C02574,Duka,Coast,2,2,1,Hibernating / Lost,Lapsed Small Outlets
C02575,Supermarket,Nyanza,2,5,5,Can't Lose Them,Lapsing Key Accounts
C02576,Duka,Nairobi,2,2,1,Hibernating / Lost,Lapsed Small Outlets
C02577,Duka,Nyanza,3,3,2,Needs Attention,Core Small Outlets
C02578,Wholesaler,Western,3,5,5,Loyal,Key Accounts
C02580,Wholesaler,Central,5,5,5,Champions,Key Accounts
C02582,Duka,Nairobi,4,5,4,Champions,Core Small Outlets
C02583,Supermarket,Nairobi,1,2,4,At Risk,Lapsing Key Accounts
C02584,HoReCa,Rift Valley,2,2,2,Hibernating / Lost,Core Small Outlets
C02585,Duka,Nairobi,2,3,2,Hibernating / Lost,Lapsed Small Outlets
C02586,Duka,Nyanza,2,2,1,Hibernating / Lost,Lapsed Small Outlets
C02587,Duka,Nairobi,1,1,1,Hibernating / Lost,Lapsed Small Outlets
C02588,Petrol Station,Nairobi,1,1,1,Hibernating / Lost,Lapsed Small Outlets
C02590,Duka,Nairobi,1,1,1,Hibernating / Lost,Lapsed Small Outlets
C02591,Duka,Nyanza,5,2,2,Promising / New,Core Small Outlets
C02595,Wholesaler,Nyanza,4,5,5,Champions,Key Accounts
C02596,Petrol Station,Coast,1,1,1,Hibernating / Lost,Lapsed Small Outlets
C02598,Supermarket,Nyanza,2,5,5,Can't Lose Them,Lapsing Key Accounts
C02599,Duka,Coast,1,1,1,Hibernating / Lost,Lapsed Small Outlets
C02601,Duka,Rift Valley,2,2,1,Hibernating / Lost,Lapsed Small Outlets
C02602,Wholesaler,Nairobi,4,5,5,Champions,Key Accounts
C02603,Supermarket,Nairobi,4,5,5,Champions,Key Accounts
C02605,HoReCa,Nairobi,2,2,3,Hibernating / Lost,Lapsed Small Outlets
C02606,Supermarket,Rift Valley,4,5,5,Champions,Key Accounts
C02607,Duka,Nairobi,4,2,1,Promising / New,Core Small Outlets
C02608,Supermarket,Central,5,2,4,Loyal,Key Accounts
C02610,Duka,Central,5,2,1,Promising / New,Core Small Outlets
C02612,Duka,Rift Valley,1,1,1,Hibernating / Lost,Lapsed Small Outlets
C02613,Petrol Station,Nairobi,1,1,1,Hibernating / Lost,Lapsed Small Outlets
C02614,Duka,Coast,2,2,1,Hibernating / Lost,Core Small Outlets
C02615,Duka,Central,3,2,2,Needs Attention,Core Small Outlets
C02617,Duka,Central,1,1,1,Hibernating / Lost,Lapsed Small Outlets
C02618,Supermarket,Nairobi,5,5,5,Champions,Key Accounts
C02619,Duka,Rift Valley,5,3,3,Loyal,Core Small Outlets
C02620,HoReCa,Nairobi,3,2,2,Needs Attention,Core Small Outlets
C02621,Duka,Coast,2,3,2,Hibernating / Lost,Lapsed Small Outlets
C02622,Duka,Nairobi,2,3,3,At Risk,Lapsed Small Outlets
C02623,Duka,Rift Valley,3,2,2,Needs Attention,Core Small Outlets
C02624,Duka,Central,2,2,2,Hibernating / Lost,Core Small Outlets
C02625,Supermarket,Nairobi,2,3,4,Can't Lose Them,Lapsing Key Accounts
C02626,Duka,Coast,1,1,1,Hibernating / Lost,Lapsed Small Outlets
C02627,Duka,Nairobi,4,5,4,Champions,Core Small Outlets
C02628,Duka,Coast,2,2,1,Hibernating / Lost,Lapsed Small Outlets
C02629,Duka,Central,3,2,1,Needs Attention,Core Small Outlets
C02631,Wholesaler,Nairobi,2,4,5,Can't Lose Them,Lapsing Key Accounts
C02633,Supermarket,Rift Valley,2,4,5,Can't Lose Them,Lapsing Key Accounts
C02634,Supermarket,Nairobi,5,5,5,Champions,Key Accounts
C02635,Duka,Coast,1,1,1,Hibernating / Lost,Lapsed Small Outlets
C02636,Duka,Western,3,2,2,Needs Attention,Core Small Outlets
C02637,Petrol Station,Nyanza,2,3,3,At Risk,Lapsed Small Outlets
C02638,Duka,Nairobi,5,4,3,Champions,Core Small Outlets
C02639,Duka,Western,1,1,1,Hibernating / Lost,Lapsed Small Outlets
C02640,Petrol Station,Rift Valley,2,5,5,Can't Lose Them,Lapsing Key Accounts
C02641,HoReCa,Central,1,2,3,Hibernating / Lost,Lapsed Small Outlets
C02642,Wholesaler,Nairobi,3,4,5,Loyal,Key Accounts
C02643,Supermarket,Nairobi,5,5,5,Champions,Key Accounts
C02645,Supermarket,Nairobi,5,5,5,Champions,Key Accounts
C02646,Duka,Nairobi,4,3,2,Promising / New,Core Small Outlets
C02647,Duka,Nairobi,4,4,4,Champions,Core Small Outlets
C02648,Duka,Central,1,1,1,Hibernating / Lost,Lapsed Small Outlets
C02649,Supermarket,Nairobi,5,5,5,Champions,Key Accounts
C02651,Wholesaler,Nairobi,4,4,5,Champions,Key Accounts
C02652,Duka,Rift Valley,2,2,1,Hibernating / Lost,Lapsed Small Outlets
C02653,Wholesaler,Coast,3,4,5,Loyal,Key Accounts
C02654,Supermarket,Coast,3,5,5,Loyal,Key Accounts
C02655,Duka,Nairobi,5,4,3,Champions,Core Small Outlets
C02656,Wholesaler,Rift Valley,5,4,5,Champions,Key Accounts
C02657,Duka,Western,4,4,3,Champions,Core Small Outlets
C02658,Wholesaler,Nairobi,1,1,3,Hibernating / Lost,Lapsing Key Accounts
C02660,Supermarket,Coast,4,5,5,Champions,Key Accounts
C02661,Wholesaler,Nairobi,3,4,5,Loyal,Key Accounts
C02662,Duka,Coast,2,1,1,Hibernating / Lost,Lapsed Small Outlets
C02663,Duka,Rift Valley,4,2,1,Promising / New,Core Small Outlets
C02664,Duka,Central,4,3,3,Loyal,Core Small Outlets
C02665,Wholesaler,Nairobi,3,3,5,Loyal,Key Accounts
C02666,Duka,Western,5,3,2,Promising / New,Core Small Outlets
C02667,Duka,Central,1,1,1,Hibernating / Lost,Lapsed Small Outlets
C02668,Petrol Station,Nairobi,1,1,1,Hibernating / Lost,Lapsed Small Outlets
C02669,Duka,Western,4,5,4,Champions,Core Small Outlets
C02671,Duka,Nyanza,3,4,3,Loyal,Core Small Outlets
C02672,Wholesaler,Central,1,2,4,At Risk,Lapsing Key Accounts
C02673,Supermarket,Nairobi,2,4,5,Can't Lose Them,Lapsing Key Accounts
C02674,Supermarket,Nairobi,4,3,4,Champions,Key Accounts
C02675,Duka,Nyanza,1,1,1,Hibernating / Lost,Lapsed Small Outlets
C02677,Duka,Nairobi,1,1,1,Hibernating / Lost,Lapsed Small Outlets
C02678,Duka,Nairobi,1,1,1,Hibernating / Lost,Lapsed Small Outlets
C02679,Supermarket,Central,5,5,5,Champions,Key Accounts
C02680,Petrol Station,Nairobi,4,3,2,Promising / New,Core Small Outlets
C02681,Duka,Central,5,2,2,Promising / New,Core Small Outlets
C02682,Duka,Rift Valley,3,3,2,Needs Attention,Core Small Outlets
C02684,Petrol Station,Nairobi,1,1,1,Hibernating / Lost,Lapsed Small Outlets
C02685,Supermarket,Rift Valley,3,5,5,Loyal,Key Accounts
C02686,HoReCa,Western,2,4,4,Can't Lose Them,Core Small Outlets
C02687,Petrol Station,Western,5,5,5,Champions,Core Small Outlets
C02688,HoReCa,Western,4,4,3,Champions,Core Small Outlets
C02689,Wholesaler,Coast,4,5,5,Champions,Key Accounts
C02690,Duka,Western,4,3,3,Loyal,Core Small Outlets
C02691,Duka,Nairobi,3,3,2,Needs Attention,Core Small Outlets
C02692,Duka,Coast,3,2,3,Needs Attention,Core Small Outlets
C02693,Duka,Western,1,1,1,Hibernating / Lost,Lapsed Small Outlets
C02694,HoReCa,Western,1,1,3,Hibernating / Lost,Lapsed Small Outlets
C02695,HoReCa,Coast,5,4,4,Champions,Core Small Outlets
C02696,Wholesaler,Coast,2,5,5,Can't Lose Them,Lapsing Key Accounts
C02697,Supermarket,Central,4,5,5,Champions,Key Accounts
C02698,Wholesaler,Nairobi,2,1,3,Hibernating / Lost,Lapsing Key Accounts
C02699,Supermarket,Western,2,5,5,Can't Lose Them,Lapsing Key Accounts
C02701,Petrol Station,Nairobi,3,3,3,Loyal,Core Small Outlets
C02702,Duka,Nairobi,2,2,1,Hibernating / Lost,Lapsed Small Outlets
C02703,Duka,Nairobi,1,2,2,Hibernating / Lost,Lapsed Small Outlets
C02704,Supermarket,Central,5,5,5,Champions,Key Accounts
C02708,Duka,Rift Valley,1,1,1,Hibernating / Lost,Lapsed Small Outlets
C02709,Duka,Central,1,1,1,Hibernating / Lost,Lapsed Small Outlets
C02710,Supermarket,Nyanza,4,5,5,Champions,Key Accounts
C02711,Duka,Coast,5,2,2,Promising / New,Core Small Outlets
C02712,Duka,Coast,2,2,1,Hibernating / Lost,Lapsed Small Outlets
C02715,HoReCa,Coast,3,3,3,Loyal,Core Small Outlets
C02716,Petrol Station,Western,5,4,3,Champions,Core Small Outlets
C02717,Petrol Station,Coast,4,4,3,Champions,Core Small Outlets
C02718,Duka,Nairobi,4,3,2,Promising / New,Core Small Outlets
C02719,Duka,Western,5,5,4,Champions,Core Small Outlets
C02720,Duka,Coast,2,2,2,Hibernating / Lost,Lapsed Small Outlets
C02721,Supermarket,Nairobi,5,4,4,Champions,Key Accounts
C02722,Supermarket,Rift Valley,5,5,5,Champions,Key Accounts
C02723,HoReCa,Nairobi,1,1,1,Hibernating / Lost,Lapsed Small Outlets
C02724,Duka,Nairobi,1,1,1,Hibernating / Lost,Lapsed Small Outlets
C02726,HoReCa,Rift Valley,5,4,4,Champions,Core Small Outlets
C02727,Wholesaler,Rift Valley,5,5,5,Champions,Key Accounts
C02728,Duka,Rift Valley,2,3,2,Hibernating / Lost,Lapsed Small Outlets
C02730,Duka,Rift Valley,3,5,4,Loyal,Core Small Outlets
C02731,Duka,Nairobi,1,1,1,Hibernating / Lost,Lapsed Small Outlets
C02732,Duka,Central,3,3,3,Loyal,Core Small Outlets
C02733,HoReCa,Coast,2,5,5,Can't Lose Them,Core Small Outlets
C02734,Duka,Central,2,4,4,Can't Lose Them,Lapsed Small Outlets
C02736,Duka,Western,3,2,1,Needs Attention,Core Small Outlets
C02738,Duka,Rift Valley,4,2,2,Promising / New,Core Small Outlets
C02739,Duka,Nyanza,3,3,3,Loyal,Core Small Outlets
C02740,Supermarket,Rift Valley,5,5,5,Champions,Key Accounts
C02741,Duka,Central,2,2,1,Hibernating / Lost,Lapsed Small Outlets
C02742,HoReCa,Nairobi,1,1,1,Hibernating / Lost,Lapsed Small Outlets
C02743,Wholesaler,Nyanza,2,3,4,Can't Lose Them,Key Accounts
C02744,Duka,Nairobi,3,2,2,Needs Attention,Core Small Outlets
C02745,Duka,Coast,4,5,4,Champions,Core Small Outlets
C02747,Wholesaler,Nyanza,4,5,5,Champions,Key Accounts
C02748,Supermarket,Nairobi,2,5,5,Can't Lose Them,Lapsing Key Accounts
C02749,Wholesaler,Coast,3,3,5,Loyal,Key Accounts
C02750,Duka,Rift Valley,5,5,4,Champions,Core Small Outlets
C02751,HoReCa,Rift Valley,5,2,2,Promising / New,Core Small Outlets
C02752,Petrol Station,Nyanza,3,3,3,Loyal,Core Small Outlets
C02753,HoReCa,Nairobi,1,1,1,Hibernating / Lost,Lapsed Small Outlets
C02754,Duka,Rift Valley,3,4,3,Loyal,Core Small Outlets
C02755,Duka,Rift Valley,1,2,2,Hibernating / Lost,Lapsed Small Outlets
C02756,Duka,Nairobi,5,5,5,Champions,Core Small Outlets
C02757,Duka,Nyanza,4,4,3,Champions,Core Small Outlets
C02758,Duka,Central,5,1,1,Promising / New,Core Small Outlets
C02761,HoReCa,Coast,1,2,3,Hibernating / Lost,Lapsed Small Outlets
C02762,HoReCa,Nairobi,1,1,1,Hibernating / Lost,Lapsed Small Outlets
C02763,Wholesaler,Rift Valley,2,2,4,At Risk,Key Accounts
C02764,Duka,Nairobi,4,3,2,Promising / New,Core Small Outlets
C02766,Petrol Station,Nyanza,5,5,5,Champions,Core Small Outlets
C02767,Duka,Western,4,5,5,Champions,Core Small Outlets
C02768,Duka,Rift Valley,3,4,3,Loyal,Core Small Outlets
C02769,Duka,Coast,4,4,3,Champions,Core Small Outlets
C02770,Duka,Western,3,4,3,Loyal,Core Small Outlets
C02774,Wholesaler,Central,3,5,5,Loyal,Key Accounts
C02775,Duka,Coast,1,1,1,Hibernating / Lost,Lapsed Small Outlets
C02776,HoReCa,Coast,4,5,4,Champions,Core Small Outlets
C02777,Petrol Station,Rift Valley,2,1,1,Hibernating / Lost,Lapsed Small Outlets
C02780,Duka,Central,1,2,2,Hibernating / Lost,Lapsed Small Outlets
C02782,Petrol Station,Rift Valley,4,3,3,Loyal,Core Small Outlets
C02783,Wholesaler,Nyanza,4,4,5,Champions,Key Accounts
C02784,Petrol Station,Western,5,2,2,Promising / New,Core Small Outlets
C02785,Duka,Rift Valley,3,3,2,Needs Attention,Core Small Outlets
C02787,Petrol Station,Nyanza,2,3,3,At Risk,Lapsed Small Outlets
C02789,Duka,Nairobi,3,3,2,Needs Attention,Core Small Outlets
C02790,Duka,Western,5,5,5,Champions,Core Small Outlets
C02791,Duka,Western,4,4,3,Champions,Core Small Outlets
C02792,Duka,Nairobi,4,5,4,Champions,Core Small Outlets
C02793,HoReCa,Nyanza,2,3,4,Can't Lose Them,Core Small Outlets
C02794,HoReCa,Western,2,3,3,At Risk,Lapsed Small Outlets
C02795,Duka,Central,3,4,3,Loyal,Core Small Outlets
C02796,Duka,Nairobi,1,1,1,Hibernating / Lost,Lapsed Small Outlets
C02797,HoReCa,Nairobi,2,4,4,Can't Lose Them,Core Small Outlets
C02798,HoReCa,Central,2,2,2,Hibernating / Lost,Lapsed Small Outlets
C02799,Duka,Central,5,2,2,Promising / New,Core Small Outlets
C02800,HoReCa,Nairobi,1,1,2,Hibernating / Lost,Lapsed Small Outlets
C02802,Duka,Nairobi,1,1,1,Hibernating / Lost,Lapsed Small Outlets
C02803,Supermarket,Nyanza,1,2,4,At Risk,Lapsing Key Accounts
C02804,Duka,Nyanza,5,5,4,Champions,Core Small Outlets
C02805,Duka,Nyanza,1,2,2,Hibernating / Lost,Lapsed Small Outlets
C02806,Duka,Nairobi,1,1,1,Hibernating / Lost,Lapsed Small Outlets
C02807,Supermarket,Nairobi,5,5,5,Champions,Key Accounts
C02808,HoReCa,Rift Valley,2,4,4,Can't Lose Them,Lapsing Key Accounts
C02809,Petrol Station,Central,5,5,4,Champions,Core Small Outlets
C02810,Petrol Station,Rift Valley,2,2,2,Hibernating / Lost,Core Small Outlets
C02811,Duka,Rift Valley,5,5,4,Champions,Core Small Outlets
C02812,HoReCa,Rift Valley,1,1,1,Hibernating / Lost,Lapsed Small Outlets
C02813,Duka,Nairobi,2,1,1,Hibernating / Lost,Lapsed Small Outlets
C02814,Duka,Nairobi,1,2,2,Hibernating / Lost,Lapsed Small Outlets
C02815,Duka,Central,4,3,3,Loyal,Core Small Outlets
C02816,Duka,Nairobi,1,1,1,Hibernating / Lost,Lapsed Small Outlets
C02817,HoReCa,Nyanza,4,4,4,Champions,Core Small Outlets
C02819,Duka,Central,3,1,1,Needs Attention,Core Small Outlets
C02820,Supermarket,Central,4,5,5,Champions,Key Accounts
C02821,Petrol Station,Nairobi,5,5,4,Champions,Core Small Outlets
C02822,Duka,Central,2,2,1,Hibernating / Lost,Core Small Outlets
C02823,HoReCa,Western,2,2,2,Hibernating / Lost,Lapsed Small Outlets
C02824,HoReCa,Central,2,4,4,Can't Lose Them,Lapsing Key Accounts
C02825,Duka,Central,3,4,3,Loyal,Core Small Outlets
C02826,HoReCa,Nyanza,4,5,5,Champions,Core Small Outlets
C02827,Supermarket,Central,4,5,5,Champions,Key Accounts
C02828,HoReCa,Nairobi,3,4,4,Loyal,Core Small Outlets
C02829,Duka,Rift Valley,2,1,1,Hibernating / Lost,Lapsed Small Outlets
C02831,Duka,Rift Valley,1,1,1,Hibernating / Lost,Lapsed Small Outlets
C02832,Duka,Nairobi,5,4,3,Champions,Core Small Outlets
C02833,Petrol Station,Western,3,4,3,Loyal,Core Small Outlets
C02834,Supermarket,Rift Valley,4,5,5,Champions,Key Accounts
C02835,Wholesaler,Nairobi,4,5,5,Champions,Key Accounts
C02836,Duka,Rift Valley,1,1,1,Hibernating / Lost,Lapsed Small Outlets
C02838,Duka,Nyanza,1,1,1,Hibernating / Lost,Lapsed Small Outlets
C02839,Duka,Central,5,3,2,Promising / New,Core Small Outlets
C02840,Petrol Station,Coast,2,3,2,Hibernating / Lost,Core Small Outlets
C02841,HoReCa,Rift Valley,1,3,4,Can't Lose Them,Lapsing Key Accounts
C02843,Supermarket,Nyanza,4,4,4,Champions,Key Accounts
C02845,HoReCa,Western,5,4,4,Champions,Core Small Outlets
C02846,Duka,Coast,1,3,3,At Risk,Lapsed Small Outlets
C02847,HoReCa,Nairobi,3,3,3,Loyal,Core Small Outlets
C02848,Petrol Station,Nairobi,4,4,3,Champions,Core Small Outlets
C02849,Wholesaler,Rift Valley,5,5,5,Champions,Key Accounts
C02850,Duka,Western,3,3,2,Needs Attention,Core Small Outlets
C02851,Duka,Central,1,1,1,Hibernating / Lost,Lapsed Small Outlets
C02852,Duka,Nyanza,1,1,1,Hibernating / Lost,Lapsed Small Outlets
C02853,Duka,Nairobi,1,2,3,Hibernating / Lost,Lapsed Small Outlets
C02855,Wholesaler,Nairobi,1,2,5,Can't Lose Them,Lapsing Key Accounts
C02856,Duka,Rift Valley,2,1,1,Hibernating / Lost,Lapsed Small Outlets
C02857,Duka,Coast,2,2,1,Hibernating / Lost,Lapsed Small Outlets
C02858,Petrol Station,Nairobi,2,5,4,Can't Lose Them,Lapsing Key Accounts
C02859,Duka,Rift Valley,2,2,1,Hibernating / Lost,Lapsed Small Outlets
C02860,Petrol Station,Coast,4,5,4,Champions,Core Small Outlets
C02861,Duka,Western,1,2,1,Hibernating / Lost,Lapsed Small Outlets
C02862,Duka,Nairobi,5,3,2,Promising / New,Core Small Outlets
C02863,Supermarket,Central,4,5,5,Champions,Key Accounts
C02864,HoReCa,Coast,4,4,4,Champions,Core Small Outlets
C02866,Duka,Nairobi,2,1,1,Hibernating / Lost,Lapsed Small Outlets
C02867,HoReCa,Nyanza,1,1,3,Hibernating / Lost,Lapsed Small Outlets
C02868,Duka,Coast,3,3,2,Needs Attention,Core Small Outlets
C02869,Duka,Nairobi,1,1,1,Hibernating / Lost,Lapsed Small Outlets
C02870,Duka,Nairobi,3,3,3,Loyal,Core Small Outlets
C02871,Duka,Nairobi,2,1,1,Hibernating / Lost,Lapsed Small Outlets
C02872,Duka,Western,2,3,2,Hibernating / Lost,Core Small Outlets
C02873,Duka,Central,3,2,1,Needs Attention,Core Small Outlets
C02874,Wholesaler,Nairobi,3,5,5,Loyal,Key Accounts
C02875,Duka,Nairobi,2,4,3,Can't Lose Them,Core Small Outlets
C02876,Duka,Nairobi,1,1,1,Hibernating / Lost,Lapsed Small Outlets
C02877,Duka,Coast,4,2,2,Promising / New,Core Small Outlets
C02878,Petrol Station,Nyanza,5,4,4,Champions,Core Small Outlets
C02879,Duka,Rift Valley,5,3,2,Promising / New,Core Small Outlets
C02880,Duka,Western,5,4,3,Champions,Core Small Outlets
C02882,HoReCa,Rift Valley,1,2,3,Hibernating / Lost,Lapsed Small Outlets
C02884,Supermarket,Nairobi,5,5,5,Champions,Key Accounts
C02887,HoReCa,Rift Valley,2,2,2,Hibernating / Lost,Lapsed Small Outlets
C02888,Petrol Station,Western,2,2,2,Hibernating / Lost,Lapsed Small Outlets
C02890,Duka,Rift Valley,4,5,4,Champions,Core Small Outlets
C02891,Supermarket,Nyanza,5,5,5,Champions,Key Accounts
C02892,Duka,Western,2,2,1,Hibernating / Lost,Lapsed Small Outlets
C02893,HoReCa,Coast,5,5,4,Champions,Core Small Outlets
C02894,Petrol Station,Rift Valley,4,3,3,Loyal,Core Small Outlets
C02895,Duka,Rift Valley,3,2,1,Needs Attention,Core Small Outlets
C02896,Wholesaler,Nairobi,5,5,5,Champions,Key Accounts
C02897,Duka,Western,1,1,2,Hibernating / Lost,Lapsed Small Outlets
C02898,Wholesaler,Coast,3,5,5,Loyal,Key Accounts
C02899,Duka,Nairobi,4,4,3,Champions,Core Small Outlets
C02901,Petrol Station,Central,2,3,2,Hibernating / Lost,Lapsed Small Outlets
C02902,Duka,Nyanza,3,4,3,Loyal,Core Small Outlets
C02903,HoReCa,Coast,1,1,3,Hibernating / Lost,Lapsed Small Outlets
C02904,Duka,Nyanza,3,4,3,Loyal,Core Small Outlets
C02905,HoReCa,Nairobi,5,4,4,Champions,Core Small Outlets
C02906,Duka,Central,5,4,3,Champions,Core Small Outlets
C02907,Duka,Nairobi,2,2,1,Hibernating / Lost,Lapsed Small Outlets
C02908,Duka,Coast,4,3,2,Promising / New,Core Small Outlets
C02909,HoReCa,Rift Valley,2,2,2,Hibernating / Lost,Lapsed Small Outlets
C02911,Duka,Nyanza,4,3,2,Promising / New,Core Small Outlets
C02912,HoReCa,Rift Valley,3,3,3,Loyal,Core Small Outlets
C02913,Wholesaler,Nyanza,5,5,5,Champions,Key Accounts
C02914,Duka,Western,4,2,1,Promising / New,Core Small Outlets
C02915,Supermarket,Nairobi,2,3,4,Can't Lose Them,Lapsing Key Accounts
C02916,Duka,Rift Valley,1,2,2,Hibernating / Lost,Lapsed Small Outlets
C02917,Petrol Station,Nairobi,5,3,3,Loyal,Core Small Outlets
C02918,HoReCa,Nairobi,1,1,1,Hibernating / Lost,Lapsed Small Outlets
C02920,Supermarket,Western,5,4,4,Champions,Key Accounts
C02922,Duka,Coast,4,4,3,Champions,Core Small Outlets
C02924,Wholesaler,Rift Valley,1,1,3,Hibernating / Lost,Lapsing Key Accounts
C02925,Duka,Nairobi,2,3,3,At Risk,Lapsed Small Outlets
C02926,HoReCa,Rift Valley,5,2,3,Promising / New,Core Small Outlets
C02927,Petrol Station,Central,2,1,1,Hibernating / Lost,Lapsed Small Outlets
C02928,Duka,Western,2,2,2,Hibernating / Lost,Lapsed Small Outlets
C02929,Duka,Rift Valley,3,3,3,Loyal,Core Small Outlets
C02930,Duka,Nairobi,4,4,3,Champions,Core Small Outlets
C02932,Duka,Nairobi,1,1,1,Hibernating / Lost,Lapsed Small Outlets
C02936,Petrol Station,Nairobi,3,3,3,Loyal,Core Small Outlets
C02938,Duka,Nyanza,4,3,3,Loyal,Core Small Outlets
C02939,Duka,Coast,4,5,4,Champions,Core Small Outlets
C02940,Wholesaler,Western,5,4,5,Champions,Key Accounts
C02941,Wholesaler,Rift Valley,3,5,5,Loyal,Key Accounts
C02942,HoReCa,Nyanza,1,1,2,Hibernating / Lost,Lapsed Small Outlets
C02943,Wholesaler,Coast,2,2,4,At Risk,Lapsing Key Accounts
C02944,Duka,Western,2,3,2,Hibernating / Lost,Lapsed Small Outlets
C02945,Duka,Nairobi,1,3,3,At Risk,Lapsed Small Outlets
C02946,Duka,Central,5,4,3,Champions,Core Small Outlets
C02947,Duka,Coast,1,1,1,Hibernating / Lost,Lapsed Small Outlets
C02948,Duka,Central,3,2,2,Needs Attention,Core Small Outlets
C02949,Wholesaler,Nairobi,4,5,5,Champions,Key Accounts
C02950,Petrol Station,Rift Valley,2,1,1,Hibernating / Lost,Core Small Outlets
C02951,HoReCa,Nairobi,2,4,4,Can't Lose Them,Core Small Outlets
C02952,Duka,Central,4,3,2,Promising / New,Core Small Outlets
C02953,HoReCa,Nairobi,4,5,5,Champions,Core Small Outlets
C02954,Duka,Rift Valley,3,3,2,Needs Attention,Core Small Outlets
C02955,Petrol Station,Nairobi,1,1,2,Hibernating / Lost,Lapsed Small Outlets
C02959,Supermarket,Nairobi,2,5,5,Can't Lose Them,Lapsing Key Accounts
C02960,Petrol Station,Nairobi,2,1,1,Hibernating / Lost,Lapsed Small Outlets
C02961,HoReCa,Coast,3,4,4,Loyal,Core Small Outlets
C02962,Duka,Nairobi,2,2,2,Hibernating / Lost,Lapsed Small Outlets
C02964,Wholesaler,Nairobi,2,4,5,Can't Lose Them,Lapsing Key Accounts
C02965,HoReCa,Rift Valley,5,3,3,Loyal,Core Small Outlets
C02966,Petrol Station,Western,5,5,5,Champions,Core Small Outlets
C02967,HoReCa,Nairobi,1,1,1,Hibernating / Lost,Lapsed Small Outlets
C02968,Petrol Station,Nairobi,4,4,4,Champions,Core Small Outlets
C02970,Duka,Nairobi,4,2,2,Promising / New,Core Small Outlets
C02971,Petrol Station,Nairobi,5,4,4,Champions,Core Small Outlets
C02972,Duka,Western,2,2,1,Hibernating / Lost,Core Small Outlets
C02974,Wholesaler,Central,4,4,5,Champions,Key Accounts
C02975,Wholesaler,Nairobi,4,4,5,Champions,Key Accounts
C02976,Wholesaler,Central,5,4,5,Champions,Key Accounts
C02977,Supermarket,Coast,2,4,4,Can't Lose Them,Lapsing Key Accounts
C02978,Duka,Nairobi,2,2,1,Hibernating / Lost,Core Small Outlets
C02979,HoReCa,Central,3,3,3,Loyal,Core Small Outlets
C02980,HoReCa,Central,3,2,2,Needs Attention,Core Small Outlets
C02981,Duka,Central,4,2,2,Promising / New,Core Small Outlets
C02982,Wholesaler,Central,1,3,5,Can't Lose Them,Lapsing Key Accounts
C02983,Duka,Coast,2,3,2,Hibernating / Lost,Lapsed Small Outlets
C02985,Duka,Nyanza,1,2,2,Hibernating / Lost,Lapsed Small Outlets
C02986,Duka,Western,5,3,3,Loyal,Core Small Outlets
C02987,Duka,Nairobi,3,1,1,Needs Attention,Core Small Outlets
C02989,HoReCa,Central,3,4,4,Loyal,Core Small Outlets
C02991,Duka,Nairobi,3,3,3,Loyal,Core Small Outlets
C02992,Duka,Coast,4,5,4,Champions,Core Small Outlets
C02994,Petrol Station,Nyanza,1,1,2,Hibernating / Lost,Lapsed Small Outlets
C02995,Supermarket,Coast,4,5,5,Champions,Key Accounts
C02997,Wholesaler,Western,3,3,4,Loyal,Key Accounts
C02998,HoReCa,Nairobi,2,5,4,Can't Lose Them,Lapsing Key Accounts
C02999,Supermarket,Central,5,5,5,Champions,Key Accounts
C03000,HoReCa,Central,3,3,3,Loyal,Core Small Outlets
C03001,Duka,Coast,4,4,3,Champions,Core Small Outlets
C03002,Supermarket,Rift Valley,2,3,4,Can't Lose Them,Lapsing Key Accounts
C03004,Duka,Rift Valley,3,2,1,Needs Attention,Core Small Outlets
C03005,Supermarket,Nairobi,5,5,5,Champions,Key Accounts
C03006,Duka,Coast,4,5,4,Champions,Core Small Outlets
C03007,Petrol Station,Central,1,1,1,Hibernating / Lost,Lapsed Small Outlets
C03008,Duka,Nyanza,1,1,1,Hibernating / Lost,Lapsed Small Outlets
C03009,Duka,Rift Valley,1,2,2,Hibernating / Lost,Lapsed Small Outlets
C03010,Duka,Rift Valley,4,4,3,Champions,Core Small Outlets
C03011,Duka,Coast,5,4,3,Champions,Core Small Outlets
C03013,Duka,Nairobi,2,3,2,Hibernating / Lost,Lapsed Small Outlets
C03014,Duka,Nairobi,1,1,1,Hibernating / Lost,Lapsed Small Outlets
C03015,Supermarket,Nyanza,3,4,4,Loyal,Key Accounts
C03016,Duka,Nairobi,4,4,3,Champions,Core Small Outlets
C03018,Wholesaler,Nairobi,3,4,5,Loyal,Key Accounts
C03019,HoReCa,Coast,4,2,3,Promising / New,Core Small Outlets
C03020,Supermarket,Central,3,4,4,Loyal,Key Accounts
C03021,Duka,Nairobi,2,1,1,Hibernating / Lost,Lapsed Small Outlets
C03022,Duka,Nairobi,3,1,1,Needs Attention,Core Small Outlets
C03023,Duka,Nyanza,1,2,2,Hibernating / Lost,Lapsed Small Outlets
C03024,Petrol Station,Rift Valley,2,4,4,Can't Lose Them,Core Small Outlets
C03025,Duka,Central,5,5,5,Champions,Core Small Outlets
C03026,HoReCa,Nairobi,5,4,4,Champions,Core Small Outlets
C03028,HoReCa,Central,3,5,5,Loyal,Key Accounts
C03029,Petrol Station,Coast,2,1,1,Hibernating / Lost,Lapsed Small Outlets
C03030,Wholesaler,Nairobi,2,2,4,At Risk,Key Accounts
C03031,HoReCa,Nairobi,1,3,4,Can't Lose Them,Lapsing Key Accounts
C03032,HoReCa,Rift Valley,5,5,5,Champions,Core Small Outlets
C03033,Duka,Rift Valley,2,2,1,Hibernating / Lost,Lapsed Small Outlets
C03034,Duka,Central,4,3,2,Promising / New,Core Small Outlets
C03035,Petrol Station,Rift Valley,1,2,3,Hibernating / Lost,Lapsed Small Outlets
C03036,HoReCa,Nyanza,3,1,2,Needs Attention,Core Small Outlets
C03037,HoReCa,Western,3,4,4,Loyal,Core Small Outlets
C03038,Duka,Western,5,3,3,Loyal,Core Small Outlets
C03039,HoReCa,Coast,2,2,3,Hibernating / Lost,Core Small Outlets
C03041,HoReCa,Nairobi,3,2,3,Needs Attention,Core Small Outlets
C03042,Petrol Station,Nairobi,2,3,3,At Risk,Core Small Outlets
C03043,Petrol Station,Nairobi,3,5,4,Loyal,Core Small Outlets
C03044,Petrol Station,Western,3,2,2,Needs Attention,Core Small Outlets
C03045,Duka,Coast,3,4,3,Loyal,Core Small Outlets
C03046,Duka,Central,4,4,3,Champions,Core Small Outlets
C03048,Duka,Nyanza,1,1,1,Hibernating / Lost,Lapsed Small Outlets
C03049,Wholesaler,Nairobi,4,5,5,Champions,Key Accounts
C03050,Duka,Nairobi,2,3,2,Hibernating / Lost,Lapsed Small Outlets
C03051,Duka,Nairobi,4,3,2,Promising / New,Core Small Outlets
C03052,Petrol Station,Nyanza,3,4,4,Loyal,Core Small Outlets
C03053,Duka,Nairobi,2,2,1,Hibernating / Lost,Lapsed Small Outlets
C03054,HoReCa,Central,4,4,4,Champions,Core Small Outlets
C03055,Supermarket,Nairobi,5,5,5,Champions,Key Accounts
C03056,Duka,Central,5,4,3,Champions,Core Small Outlets
C03057,Duka,Nairobi,4,4,3,Champions,Core Small Outlets
C03058,HoReCa,Nairobi,2,3,4,Can't Lose Them,Lapsing Key Accounts
C03059,Duka,Rift Valley,4,4,3,Champions,Core Small Outlets
C03060,Petrol Station,Western,3,3,3,Loyal,Core Small Outlets
C03061,HoReCa,Coast,3,4,4,Loyal,Core Small Outlets
C03062,Supermarket,Nairobi,4,5,5,Champions,Key Accounts
C03063,HoReCa,Central,1,1,1,Hibernating / Lost,Lapsed Small Outlets
C03064,Duka,Nairobi,1,2,1,Hibernating / Lost,Lapsed Small Outlets
C03066,HoReCa,Nairobi,4,3,4,Champions,Core Small Outlets
C03067,Duka,Nairobi,2,1,1,Hibernating / Lost,Lapsed Small Outlets
C03068,Duka,Rift Valley,2,3,2,Hibernating / Lost,Core Small Outlets
C03070,Duka,Coast,1,1,2,Hibernating / Lost,Lapsed Small Outlets
C03071,Duka,Central,4,3,2,Promising / New,Core Small Outlets
C03072,Duka,Rift Valley,2,2,2,Hibernating / Lost,Lapsed Small Outlets
C03073,Duka,Nairobi,1,1,1,Hibernating / Lost,Lapsed Small Outlets
C03074,Duka,Nairobi,3,4,3,Loyal,Core Small Outlets
C03075,Petrol Station,Rift Valley,2,3,3,At Risk,Lapsed Small Outlets
C03076,Duka,Western,5,5,4,Champions,Core Small Outlets
C03078,Duka,Central,3,4,3,Loyal,Core Small Outlets
C03079,Duka,Rift Valley,4,4,3,Champions,Core Small Outlets
C03080,Duka,Western,3,1,1,Needs Attention,Core Small Outlets
C03081,Duka,Western,1,1,1,Hibernating / Lost,Lapsed Small Outlets
C03084,Duka,Western,1,1,1,Hibernating / Lost,Lapsed Small Outlets
C03085,Supermarket,Nairobi,4,5,5,Champions,Key Accounts
C03086,Duka,Rift Valley,4,5,4,Champions,Core Small Outlets
C03087,Wholesaler,Nairobi,5,3,4,Champions,Key Accounts
C03088,Petrol Station,Central,3,4,4,Loyal,Core Small Outlets
C03089,Duka,Rift Valley,3,2,1,Needs Attention,Core Small Outlets
C03090,Wholesaler,Central,4,5,5,Champions,Key Accounts
C03091,HoReCa,Nairobi,3,4,3,Loyal,Core Small Outlets
C03092,Supermarket,Central,5,5,5,Champions,Key Accounts
C03093,Duka,Nyanza,2,3,3,At Risk,Core Small Outlets
C03094,Duka,Nairobi,1,3,3,At Risk,Lapsed Small Outlets
C03095,Supermarket,Western,5,5,5,Champions,Key Accounts
C03096,Supermarket,Central,5,5,5,Champions,Key Accounts
C03097,Duka,Nairobi,2,2,1,Hibernating / Lost,Lapsed Small Outlets
C03098,Duka,Rift Valley,1,1,1,Hibernating / Lost,Lapsed Small Outlets
C03099,Duka,Nairobi,2,1,1,Hibernating / Lost,Core Small Outlets
C03100,Duka,Nyanza,1,1,1,Hibernating / Lost,Lapsed Small Outlets
C03101,Supermarket,Nairobi,3,5,5,Loyal,Key Accounts
C03102,Petrol Station,Rift Valley,2,2,2,Hibernating / Lost,Lapsed Small Outlets
C03103,HoReCa,Nairobi,5,5,4,Champions,Core Small Outlets
C03105,HoReCa,Nairobi,2,1,2,Hibernating / Lost,Lapsed Small Outlets
C03106,Duka,Coast,3,3,3,Loyal,Core Small Outlets
C03107,Duka,Nairobi,3,3,2,Needs Attention,Core Small Outlets
C03108,Duka,Rift Valley,3,5,4,Loyal,Core Small Outlets
C03109,Duka,Central,1,1,1,Hibernating / Lost,Lapsed Small Outlets
C03110,Duka,Rift Valley,2,1,1,Hibernating / Lost,Lapsed Small Outlets
C03111,HoReCa,Nyanza,1,1,1,Hibernating / Lost,Lapsed Small Outlets
C03112,Supermarket,Nairobi,4,5,5,Champions,Key Accounts
C03113,Petrol Station,Nairobi,1,1,1,Hibernating / Lost,Lapsed Small Outlets
C03114,Wholesaler,Coast,2,5,5,Can't Lose Them,Lapsing Key Accounts
C03115,Petrol Station,Nairobi,5,5,5,Champions,Core Small Outlets
C03116,Supermarket,Western,1,3,4,Can't Lose Them,Lapsing Key Accounts
C03117,Supermarket,Rift Valley,4,2,4,Loyal,Key Accounts
C03118,Petrol Station,Western,3,3,3,Loyal,Core Small Outlets
C03119,HoReCa,Nairobi,5,3,3,Loyal,Core Small Outlets
C03121,Duka,Nyanza,4,3,2,Promising / New,Core Small Outlets
C03122,HoReCa,Central,4,4,4,Champions,Core Small Outlets
C03123,Supermarket,Nairobi,1,2,4,At Risk,Lapsing Key Accounts
C03125,Petrol Station,Nairobi,3,1,2,Needs Attention,Core Small Outlets
C03126,Supermarket,Nairobi,4,5,5,Champions,Key Accounts
C03127,Duka,Coast,5,4,3,Champions,Core Small Outlets
C03129,HoReCa,Central,2,2,3,Hibernating / Lost,Lapsed Small Outlets
C03131,HoReCa,Nairobi,1,2,3,Hibernating / Lost,Lapsed Small Outlets
C03132,Duka,Western,2,4,3,Can't Lose Them,Lapsed Small Outlets
C03133,HoReCa,Central,5,4,4,Champions,Core Small Outlets
C03134,Duka,Central,3,2,2,Needs Attention,Core Small Outlets
C03135,Duka,Nairobi,2,2,1,Hibernating / Lost,Lapsed Small Outlets
C03136,Duka,Western,2,3,3,At Risk,Lapsed Small Outlets
C03140,Supermarket,Nairobi,4,5,5,Champions,Key Accounts
C03141,HoReCa,Coast,1,1,1,Hibernating / Lost,Lapsed Small Outlets
C03142,Duka,Western,2,2,1,Hibernating / Lost,Core Small Outlets
C03143,Supermarket,Nyanza,4,4,4,Champions,Key Accounts
C03144,Supermarket,Nairobi,5,4,4,Champions,Key Accounts
C03145,HoReCa,Rift Valley,1,2,3,Hibernating / Lost,Lapsed Small Outlets
C03146,Supermarket,Nairobi,4,5,5,Champions,Key Accounts
C03147,Duka,Nairobi,2,4,3,Can't Lose Them,Lapsed Small Outlets
C03148,Wholesaler,Nairobi,5,4,5,Champions,Key Accounts
C03149,Duka,Central,1,1,2,Hibernating / Lost,Lapsed Small Outlets
C03150,Petrol Station,Nyanza,3,4,4,Loyal,Core Small Outlets
C03151,Petrol Station,Western,3,3,3,Loyal,Core Small Outlets
C03154,Duka,Coast,4,4,4,Champions,Core Small Outlets
C03155,Wholesaler,Nairobi,5,5,5,Champions,Key Accounts
C03156,Petrol Station,Central,2,4,3,Can't Lose Them,Core Small Outlets
C03157,Wholesaler,Coast,4,5,5,Champions,Key Accounts
C03158,Supermarket,Central,4,5,5,Champions,Key Accounts
C03159,Duka,Nairobi,4,3,2,Promising / New,Core Small Outlets
C03160,Petrol Station,Nairobi,2,3,3,At Risk,Core Small Outlets
C03161,Duka,Rift Valley,4,4,3,Champions,Core Small Outlets
C03162,Duka,Western,2,2,2,Hibernating / Lost,Lapsed Small Outlets
C03163,Supermarket,Nairobi,5,5,5,Champions,Key Accounts
C03165,Duka,Nyanza,2,2,1,Hibernating / Lost,Lapsed Small Outlets
C03166,Duka,Western,1,1,1,Hibernating / Lost,Lapsed Small Outlets
C03167,Supermarket,Nairobi,4,5,5,Champions,Key Accounts
C03169,Supermarket,Nairobi,5,5,5,Champions,Key Accounts
C03171,Duka,Western,1,1,1,Hibernating / Lost,Lapsed Small Outlets
C03173,Wholesaler,Rift Valley,2,1,3,Hibernating / Lost,Lapsing Key Accounts
C03175,Duka,Rift Valley,5,2,2,Promising / New,Core Small Outlets
C03176,Petrol Station,Central,2,2,2,Hibernating / Lost,Lapsed Small Outlets
C03177,Wholesaler,Coast,2,4,5,Can't Lose Them,Lapsing Key Accounts
C03178,Duka,Nairobi,1,1,1,Hibernating / Lost,Lapsed Small Outlets
C03179,Duka,Coast,1,2,2,Hibernating / Lost,Lapsed Small Outlets
C03180,Supermarket,Central,5,5,5,Champions,Key Accounts
C03181,Supermarket,Nyanza,5,5,5,Champions,Key Accounts
C03182,Duka,Nyanza,5,5,4,Champions,Core Small Outlets
C03183,Duka,Rift Valley,3,4,3,Loyal,Core Small Outlets
C03184,Duka,Nairobi,3,2,2,Needs Attention,Core Small Outlets
C03185,Petrol Station,Nyanza,2,3,2,Hibernating / Lost,Core Small Outlets
C03186,HoReCa,Rift Valley,2,3,4,Can't Lose Them,Lapsed Small Outlets
C03187,Petrol Station,Nairobi,4,3,3,Loyal,Core Small Outlets
C03188,Wholesaler,Nairobi,4,3,4,Champions,Key Accounts
C03190,Petrol Station,Coast,3,4,4,Loyal,Core Small Outlets
C03191,HoReCa,Nairobi,1,1,1,Hibernating / Lost,Lapsed Small Outlets
C03197,Wholesaler,Nairobi,3,4,5,Loyal,Key Accounts
C03198,Duka,Coast,2,4,3,Can't Lose Them,Lapsed Small Outlets
C03199,Wholesaler,Rift Valley,4,5,5,Champions,Key Accounts
C03200,Duka,Nairobi,2,2,1,Hibernating / Lost,Lapsed Small Outlets
C03202,HoReCa,Coast,4,4,4,Champions,Core Small Outlets
C03204,HoReCa,Nyanza,3,4,4,Loyal,Core Small Outlets
C03206,HoReCa,Nairobi,2,3,4,Can't Lose Them,Lapsed Small Outlets
C03207,Duka,Rift Valley,2,1,1,Hibernating / Lost,Core Small Outlets
C03208,Duka,Western,3,1,1,Needs Attention,Core Small Outlets
C03209,Duka,Rift Valley,1,1,1,Hibernating / Lost,Lapsed Small Outlets
C03210,Duka,Nyanza,1,1,1,Hibernating / Lost,Lapsed Small Outlets
C03211,Wholesaler,Central,4,4,5,Champions,Key Accounts
C03212,Petrol Station,Western,1,1,1,Hibernating / Lost,Lapsed Small Outlets
C03213,Supermarket,Coast,5,5,5,Champions,Key Accounts
C03214,Duka,Nairobi,1,2,1,Hibernating / Lost,Lapsed Small Outlets
C03216,HoReCa,Rift Valley,4,5,5,Champions,Core Small Outlets
C03217,Duka,Nyanza,1,1,1,Hibernating / Lost,Lapsed Small Outlets
C03218,HoReCa,Nairobi,2,2,3,Hibernating / Lost,Core Small Outlets
C03219,Duka,Coast,2,1,1,Hibernating / Lost,Lapsed Small Outlets
C03220,HoReCa,Western,4,5,4,Champions,Core Small Outlets
C03221,Wholesaler,Western,5,4,5,Champions,Key Accounts
C03223,Duka,Coast,2,2,1,Hibernating / Lost,Lapsed Small Outlets
C03224,Supermarket,Nairobi,5,5,5,Champions,Key Accounts
C03225,Wholesaler,Coast,3,5,5,Loyal,Key Accounts
C03226,Duka,Rift Valley,3,3,2,Needs Attention,Core Small Outlets
C03228,HoReCa,Nairobi,1,1,2,Hibernating / Lost,Lapsed Small Outlets
C03229,Duka,Nyanza,3,3,2,Needs Attention,Core Small Outlets
C03231,Duka,Nairobi,2,3,2,Hibernating / Lost,Lapsed Small Outlets
C03232,Wholesaler,Coast,2,3,5,Can't Lose Them,Lapsing Key Accounts
C03233,Petrol Station,Nairobi,1,1,1,Hibernating / Lost,Lapsed Small Outlets
C03234,Duka,Rift Valley,5,3,2,Promising / New,Core Small Outlets
C03235,Petrol Station,Nyanza,1,1,1,Hibernating / Lost,Lapsed Small Outlets
C03236,Petrol Station,Nairobi,5,5,5,Champions,Core Small Outlets
C03237,Supermarket,Nairobi,5,5,5,Champions,Key Accounts
C03238,Duka,Central,3,2,2,Needs Attention,Core Small Outlets
C03239,HoReCa,Rift Valley,5,2,3,Promising / New,Core Small Outlets
C03240,Supermarket,Western,4,4,4,Champions,Key Accounts
C03242,Duka,Central,1,1,1,Hibernating / Lost,Lapsed Small Outlets
C03243,Duka,Central,1,1,1,Hibernating / Lost,Lapsed Small Outlets
C03244,Duka,Nyanza,2,4,4,Can't Lose Them,Lapsing Key Accounts
C03245,Duka,Coast,1,2,1,Hibernating / Lost,Lapsed Small Outlets
C03246,Duka,Nyanza,1,1,2,Hibernating / Lost,Lapsed Small Outlets
C03247,Wholesaler,Central,5,3,4,Champions,Key Accounts
C03248,Wholesaler,Nyanza,3,5,5,Loyal,Key Accounts
C03250,Wholesaler,Nyanza,3,3,5,Loyal,Key Accounts
C03251,Duka,Central,4,3,2,Promising / New,Core Small Outlets
C03252,Duka,Rift Valley,5,5,4,Champions,Core Small Outlets
C03253,Duka,Nairobi,3,3,2,Needs Attention,Core Small Outlets
C03254,Duka,Nairobi,1,3,3,At Risk,Lapsed Small Outlets
C03255,Duka,Rift Valley,3,4,3,Loyal,Core Small Outlets
C03256,Supermarket,Rift Valley,4,5,5,Champions,Key Accounts
C03258,Supermarket,Western,3,4,4,Loyal,Key Accounts
C03259,HoReCa,Coast,1,1,1,Hibernating / Lost,Lapsed Small Outlets
C03260,Petrol Station,Rift Valley,3,4,4,Loyal,Core Small Outlets
C03261,Duka,Nairobi,3,3,2,Needs Attention,Core Small Outlets
C03262,Wholesaler,Rift Valley,3,4,5,Loyal,Key Accounts
C03263,Duka,Nairobi,2,3,3,At Risk,Core Small Outlets
C03264,Supermarket,Nyanza,4,5,5,Champions,Key Accounts
C03265,Duka,Nairobi,3,3,2,Needs Attention,Core Small Outlets
C03266,Duka,Rift Valley,3,3,3,Loyal,Core Small Outlets
C03267,Petrol Station,Rift Valley,3,4,4,Loyal,Core Small Outlets
C03268,Duka,Rift Valley,1,1,2,Hibernating / Lost,Lapsed Small Outlets
C03269,Supermarket,Western,1,1,1,Hibernating / Lost,Lapsed Small Outlets
C03270,HoReCa,Nairobi,3,4,4,Loyal,Core Small Outlets
C03271,Supermarket,Rift Valley,3,5,5,Loyal,Key Accounts
C03274,Duka,Rift Valley,2,2,2,Hibernating / Lost,Lapsed Small Outlets
C03275,Duka,Coast,1,1,1,Hibernating / Lost,Lapsed Small Outlets
C03276,Wholesaler,Nairobi,1,3,5,Can't Lose Them,Lapsing Key Accounts
C03277,Wholesaler,Nairobi,5,5,5,Champions,Key Accounts
C03278,Duka,Rift Valley,5,4,3,Champions,Core Small Outlets
C03279,Duka,Nairobi,1,1,1,Hibernating / Lost,Lapsed Small Outlets
C03280,Supermarket,Nairobi,5,4,4,Champions,Key Accounts
C03281,Petrol Station,Coast,3,3,3,Loyal,Core Small Outlets
C03282,Duka,Nairobi,5,3,2,Promising / New,Core Small Outlets
C03284,HoReCa,Nairobi,2,2,3,Hibernating / Lost,Lapsed Small Outlets
C03285,HoReCa,Rift Valley,2,1,2,Hibernating / Lost,Lapsed Small Outlets
C03286,Wholesaler,Nairobi,5,4,5,Champions,Key Accounts
C03287,HoReCa,Nyanza,4,3,3,Loyal,Core Small Outlets
C03288,Duka,Western,2,2,2,Hibernating / Lost,Lapsed Small Outlets
C03289,HoReCa,Rift Valley,3,5,4,Loyal,Core Small Outlets
C03290,Duka,Western,4,3,2,Promising / New,Core Small Outlets
C03291,Duka,Coast,1,2,3,Hibernating / Lost,Lapsed Small Outlets
C03292,Supermarket,Nairobi,4,5,5,Champions,Key Accounts
C03293,HoReCa,Rift Valley,2,4,4,Can't Lose Them,Lapsing Key Accounts
C03294,Petrol Station,Nairobi,5,4,4,Champions,Core Small Outlets
C03296,Supermarket,Western,4,5,5,Champions,Key Accounts
C03297,Petrol Station,Nairobi,1,2,3,Hibernating / Lost,Lapsed Small Outlets
C03298,Petrol Station,Nairobi,1,1,1,Hibernating / Lost,Lapsed Small Outlets
C03299,Supermarket,Nyanza,5,4,4,Champions,Key Accounts
C03301,Duka,Central,4,4,3,Champions,Core Small Outlets
C03302,Duka,Coast,5,4,3,Champions,Core Small Outlets
C03303,Duka,Nyanza,5,4,3,Champions,Core Small Outlets
C03304,Duka,Nairobi,2,2,1,Hibernating / Lost,Lapsed Small Outlets
C03305,Supermarket,Rift Valley,4,5,5,Champions,Key Accounts
C03306,Duka,Rift Valley,2,3,3,At Risk,Lapsed Small Outlets
C03307,Duka,Coast,4,4,3,Champions,Core Small Outlets
C03308,Supermarket,Nyanza,4,5,5,Champions,Key Accounts
C03309,Duka,Central,2,1,1,Hibernating / Lost,Lapsed Small Outlets
C03310,Petrol Station,Coast,1,1,1,Hibernating / Lost,Lapsed Small Outlets
C03312,Duka,Central,2,4,3,Can't Lose Them,Lapsed Small Outlets
C03314,Duka,Nairobi,1,1,1,Hibernating / Lost,Lapsed Small Outlets
C03316,HoReCa,Western,1,2,3,Hibernating / Lost,Lapsed Small Outlets
C03318,Duka,Coast,3,4,3,Loyal,Core Small Outlets
C03319,Petrol Station,Nairobi,5,4,4,Champions,Core Small Outlets
C03320,Duka,Nairobi,4,3,3,Loyal,Core Small Outlets
C03321,HoReCa,Nairobi,2,1,2,Hibernating / Lost,Lapsed Small Outlets
C03323,Duka,Western,3,4,3,Loyal,Core Small Outlets
C03324,Supermarket,Nairobi,1,2,4,At Risk,Lapsing Key Accounts
C03326,Supermarket,Rift Valley,5,5,5,Champions,Key Accounts
C03328,Duka,Nairobi,3,4,2,Loyal,Core Small Outlets
C03329,Duka,Rift Valley,2,1,2,Hibernating / Lost,Lapsed Small Outlets
C03330,Duka,Rift Valley,5,3,2,Promising / New,Core Small Outlets
C03331,HoReCa,Central,4,4,4,Champions,Core Small Outlets
C03332,Duka,Rift Valley,4,5,4,Champions,Core Small Outlets
C03333,Duka,Coast,3,4,3,Loyal,Core Small Outlets
C03334,Duka,Western,1,1,1,Hibernating / Lost,Lapsed Small Outlets
C03335,Supermarket,Rift Valley,3,4,4,Loyal,Key Accounts
C03336,Wholesaler,Nairobi,4,5,5,Champions,Key Accounts
C03338,Duka,Rift Valley,2,4,3,Can't Lose Them,Lapsed Small Outlets
C03339,Supermarket,Rift Valley,4,5,5,Champions,Key Accounts
C03340,Wholesaler,Nyanza,4,3,4,Champions,Key Accounts
C03342,Duka,Nairobi,4,4,3,Champions,Core Small Outlets
C03343,Supermarket,Nyanza,3,5,5,Loyal,Key Accounts
C03344,Duka,Central,4,2,1,Promising / New,Core Small Outlets
C03345,HoReCa,Central,2,3,4,Can't Lose Them,Lapsed Small Outlets
C03346,Wholesaler,Nairobi,3,5,5,Loyal,Key Accounts
C03347,Supermarket,Central,5,4,4,Champions,Key Accounts
C03348,Supermarket,Nairobi,3,5,5,Loyal,Key Accounts
C03349,Petrol Station,Coast,2,3,2,Hibernating / Lost,Lapsed Small Outlets
C03350,Duka,Nairobi,2,2,3,Hibernating / Lost,Lapsed Small Outlets
C03351,HoReCa,Central,1,1,1,Hibernating / Lost,Lapsed Small Outlets
C03352,Duka,Rift Valley,1,2,2,Hibernating / Lost,Lapsed Small Outlets
C03353,Duka,Nairobi,5,4,3,Champions,Core Small Outlets
C03355,HoReCa,Coast,3,3,3,Loyal,Core Small Outlets
C03356,Supermarket,Rift Valley,3,5,5,Loyal,Key Accounts
C03357,Petrol Station,Central,3,4,4,Loyal,Core Small Outlets
C03359,Duka,Nairobi,1,1,1,Hibernating / Lost,Lapsed Small Outlets
C03360,Supermarket,Nairobi,3,5,5,Loyal,Key Accounts
C03361,Duka,Nairobi,5,3,3,Loyal,Core Small Outlets
C03362,Duka,Central,3,3,2,Needs Attention,Core Small Outlets
C03363,HoReCa,Western,5,2,2,Promising / New,Core Small Outlets
C03364,HoReCa,Coast,3,4,4,Loyal,Core Small Outlets
C03365,Supermarket,Central,5,5,5,Champions,Key Accounts
C03366,Duka,Central,1,1,1,Hibernating / Lost,Lapsed Small Outlets
C03371,Duka,Nairobi,3,3,2,Needs Attention,Core Small Outlets
C03372,Duka,Western,3,2,2,Needs Attention,Core Small Outlets
C03373,Duka,Rift Valley,4,5,4,Champions,Core Small Outlets
C03374,Duka,Nairobi,1,2,2,Hibernating / Lost,Lapsed Small Outlets
C03375,Petrol Station,Rift Valley,1,2,3,Hibernating / Lost,Lapsed Small Outlets
C03376,Duka,Nairobi,2,1,1,Hibernating / Lost,Core Small Outlets
C03377,Duka,Nyanza,4,5,4,Champions,Core Small Outlets
C03379,Supermarket,Central,5,5,5,Champions,Key Accounts
C03380,Supermarket,Nyanza,5,5,5,Champions,Key Accounts
C03382,Duka,Nyanza,3,5,4,Loyal,Core Small Outlets
C03383,Duka,Nyanza,1,1,1,Hibernating / Lost,Lapsed Small Outlets
C03384,Supermarket,Central,1,3,4,Can't Lose Them,Lapsing Key Accounts
C03386,Petrol Station,Nairobi,3,5,4,Loyal,Core Small Outlets
C03387,Petrol Station,Nairobi,4,3,3,Loyal,Core Small Outlets
C03389,HoReCa,Central,1,2,3,Hibernating / Lost,Lapsed Small Outlets
C03391,Duka,Nyanza,4,2,1,Promising / New,Core Small Outlets
C03393,Supermarket,Nairobi,4,4,4,Champions,Key Accounts
C03394,Duka,Western,5,4,3,Champions,Core Small Outlets
C03395,HoReCa,Nairobi,5,5,4,Champions,Core Small Outlets
C03396,HoReCa,Nairobi,3,5,5,Loyal,Core Small Outlets
C03397,Petrol Station,Western,3,2,2,Needs Attention,Core Small Outlets
C03399,Duka,Central,1,1,1,Hibernating / Lost,Lapsed Small Outlets
C03400,HoReCa,Rift Valley,3,2,2,Needs Attention,Core Small Outlets
C03401,Wholesaler,Nyanza,5,5,5,Champions,Key Accounts
C03402,Duka,Rift Valley,3,3,3,Loyal,Core Small Outlets
C03403,Supermarket,Coast,5,5,5,Champions,Key Accounts
C03404,Duka,Nairobi,3,3,2,Needs Attention,Core Small Outlets
C03405,Duka,Western,1,1,1,Hibernating / Lost,Lapsed Small Outlets
C03406,HoReCa,Central,3,4,4,Loyal,Core Small Outlets
C03407,Wholesaler,Central,5,4,5,Champions,Key Accounts
C03408,Duka,Western,1,1,1,Hibernating / Lost,Lapsed Small Outlets
C03409,Wholesaler,Coast,1,2,4,At Risk,Lapsing Key Accounts
C03410,Duka,Nairobi,1,1,2,Hibernating / Lost,Lapsed Small Outlets
C03411,Supermarket,Nairobi,2,5,5,Can't Lose Them,Lapsing Key Accounts
C03412,Duka,Nyanza,4,4,3,Champions,Core Small Outlets
C03414,HoReCa,Central,2,1,2,Hibernating / Lost,Lapsed Small Outlets
C03416,Duka,Nairobi,3,3,2,Needs Attention,Core Small Outlets
C03417,Duka,Nairobi,1,1,1,Hibernating / Lost,Lapsed Small Outlets
C03418,Duka,Nairobi,1,1,1,Hibernating / Lost,Lapsed Small Outlets
C03419,Supermarket,Nairobi,5,4,4,Champions,Key Accounts
C03421,Duka,Western,1,1,1,Hibernating / Lost,Lapsed Small Outlets
C03422,Petrol Station,Central,2,2,1,Hibernating / Lost,Lapsed Small Outlets
C03423,Wholesaler,Nairobi,3,5,5,Loyal,Key Accounts
C03424,Petrol Station,Nyanza,1,1,1,Hibernating / Lost,Lapsed Small Outlets
C03425,Petrol Station,Coast,1,1,2,Hibernating / Lost,Lapsed Small Outlets
C03426,Wholesaler,Coast,1,1,4,Hibernating / Lost,Lapsing Key Accounts
C03427,Duka,Nairobi,4,3,3,Loyal,Core Small Outlets
C03428,Wholesaler,Nairobi,5,4,5,Champions,Key Accounts
C03430,Supermarket,Western,3,5,5,Loyal,Key Accounts
C03433,Duka,Coast,3,2,1,Needs Attention,Core Small Outlets
C03434,Duka,Western,3,3,3,Loyal,Core Small Outlets
C03436,Duka,Central,1,2,2,Hibernating / Lost,Lapsed Small Outlets
C03437,Duka,Nairobi,2,2,1,Hibernating / Lost,Lapsed Small Outlets
C03439,HoReCa,Nairobi,4,4,4,Champions,Core Small Outlets
C03443,Duka,Nyanza,5,3,3,Loyal,Core Small Outlets
C03445,Duka,Nairobi,4,5,4,Champions,Core Small Outlets
C03446,Duka,Nairobi,4,2,2,Promising / New,Core Small Outlets
C03447,Duka,Central,5,3,3,Loyal,Core Small Outlets
C03448,Wholesaler,Nairobi,1,2,5,Can't Lose Them,Lapsing Key Accounts
C03449,Duka,Nairobi,5,1,1,Promising / New,Core Small Outlets
C03450,HoReCa,Nairobi,4,3,3,Loyal,Core Small Outlets
C03451,HoReCa,Nairobi,4,3,4,Champions,Core Small Outlets
C03452,HoReCa,Nairobi,4,4,4,Champions,Core Small Outlets
C03454,Wholesaler,Nairobi,5,4,5,Champions,Key Accounts
C03455,Petrol Station,Nairobi,1,1,1,Hibernating / Lost,Lapsed Small Outlets
C03456,HoReCa,Rift Valley,5,4,4,Champions,Core Small Outlets
C03457,Duka,Rift Valley,5,3,3,Loyal,Core Small Outlets
C03458,Duka,Rift Valley,3,4,3,Loyal,Core Small Outlets
C03459,Supermarket,Central,5,5,5,Champions,Key Accounts
C03460,Duka,Nairobi,2,5,4,Can't Lose Them,Lapsed Small Outlets
C03461,Duka,Nairobi,1,2,2,Hibernating / Lost,Lapsed Small Outlets
C03462,Duka,Rift Valley,2,2,3,Hibernating / Lost,Lapsed Small Outlets
C03463,Duka,Western,5,3,2,Promising / New,Core Small Outlets
C03464,Wholesaler,Nairobi,3,5,5,Loyal,Key Accounts
C03465,Duka,Coast,2,3,2,Hibernating / Lost,Lapsed Small Outlets
C03466,Duka,Coast,2,3,3,At Risk,Lapsed Small Outlets
C03467,Duka,Nairobi,1,2,2,Hibernating / Lost,Lapsed Small Outlets
C03468,HoReCa,Central,3,3,3,Loyal,Core Small Outlets
C03470,Duka,Central,2,3,2,Hibernating / Lost,Lapsed Small Outlets
C03471,HoReCa,Nyanza,1,2,3,Hibernating / Lost,Lapsed Small Outlets
C03472,HoReCa,Nairobi,2,1,1,Hibernating / Lost,Lapsed Small Outlets
C03474,Duka,Western,2,4,2,At Risk,Lapsed Small Outlets
C03475,Petrol Station,Central,2,2,3,Hibernating / Lost,Core Small Outlets
C03476,Duka,Central,1,1,1,Hibernating / Lost,Lapsed Small Outlets
C03477,HoReCa,Nairobi,2,2,2,Hibernating / Lost,Lapsed Small Outlets
C03478,Supermarket,Nairobi,1,1,3,Hibernating / Lost,Lapsing Key Accounts
C03479,HoReCa,Western,1,1,1,Hibernating / Lost,Lapsed Small Outlets
C03480,Duka,Rift Valley,5,5,4,Champions,Core Small Outlets
C03481,Duka,Nairobi,2,4,3,Can't Lose Them,Core Small Outlets
C03482,Duka,Coast,2,1,1,Hibernating / Lost,Lapsed Small Outlets
C03483,Wholesaler,Nairobi,4,5,5,Champions,Key Accounts
C03484,Petrol Station,Western,2,3,4,Can't Lose Them,Lapsed Small Outlets
C03485,Duka,Central,1,1,1,Hibernating / Lost,Lapsed Small Outlets
C03488,Wholesaler,Nairobi,5,5,5,Champions,Key Accounts
C03489,HoReCa,Coast,2,3,4,Can't Lose Them,Lapsing Key Accounts
C03490,Duka,Nairobi,4,3,2,Promising / New,Core Small Outlets
C03491,HoReCa,Nairobi,2,1,2,Hibernating / Lost,Lapsed Small Outlets
C03492,Petrol Station,Nairobi,2,2,2,Hibernating / Lost,Lapsed Small Outlets
C03493,Wholesaler,Central,3,5,5,Loyal,Key Accounts
C03494,Duka,Western,5,5,5,Champions,Core Small Outlets
C03495,Supermarket,Central,4,4,4,Champions,Key Accounts
C03497,Petrol Station,Nairobi,5,3,2,Promising / New,Core Small Outlets
C03498,Supermarket,Coast,3,3,4,Loyal,Key Accounts
C03501,Duka,Rift Valley,2,1,2,Hibernating / Lost,Core Small Outlets
C03502,Petrol Station,Rift Valley,5,3,3,Loyal,Core Small Outlets
C03503,Wholesaler,Nairobi,2,4,5,Can't Lose Them,Lapsing Key Accounts
C03505,Wholesaler,Rift Valley,5,5,5,Champions,Key Accounts
C03507,Wholesaler,Coast,1,2,4,At Risk,Lapsing Key Accounts
C03508,Duka,Nairobi,1,3,3,At Risk,Lapsed Small Outlets
C03511,Supermarket,Rift Valley,5,5,5,Champions,Key Accounts
C03512,Supermarket,Central,4,3,4,Champions,Key Accounts
C03513,Petrol Station,Coast,5,5,4,Champions,Core Small Outlets
C03514,Duka,Nairobi,1,1,1,Hibernating / Lost,Lapsed Small Outlets
C03515,HoReCa,Central,3,2,3,Needs Attention,Core Small Outlets
C03516,Duka,Western,2,2,2,Hibernating / Lost,Lapsed Small Outlets
C03517,HoReCa,Nairobi,2,3,3,At Risk,Core Small Outlets
C03518,Wholesaler,Coast,4,4,5,Champions,Key Accounts
C03519,Duka,Nairobi,2,1,1,Hibernating / Lost,Lapsed Small Outlets
C03520,Duka,Nairobi,2,2,2,Hibernating / Lost,Lapsed Small Outlets
C03521,Duka,Nairobi,1,1,1,Hibernating / Lost,Lapsed Small Outlets
C03522,Supermarket,Western,3,4,4,Loyal,Key Accounts
C03523,HoReCa,Coast,3,4,4,Loyal,Core Small Outlets
C03525,Duka,Nyanza,5,3,2,Promising / New,Core Small Outlets
C03526,HoReCa,Rift Valley,4,5,4,Champions,Core Small Outlets
C03527,Duka,Central,4,2,2,Promising / New,Core Small Outlets
C03528,Wholesaler,Nairobi,4,5,5,Champions,Key Accounts
C03529,Petrol Station,Central,5,5,4,Champions,Core Small Outlets
C03530,Supermarket,Rift Valley,4,5,5,Champions,Key Accounts
C03531,HoReCa,Nairobi,5,3,3,Loyal,Core Small Outlets
C03532,Duka,Nairobi,4,5,4,Champions,Core Small Outlets
C03533,Wholesaler,Coast,5,3,5,Champions,Key Accounts
C03534,Wholesaler,Central,5,5,5,Champions,Key Accounts
C03535,Supermarket,Nairobi,1,2,4,At Risk,Lapsing Key Accounts
C03536,Duka,Nairobi,3,3,2,Needs Attention,Core Small Outlets
C03538,Supermarket,Nairobi,2,5,5,Can't Lose Them,Lapsing Key Accounts
C03539,Duka,Rift Valley,5,5,4,Champions,Core Small Outlets
C03540,Supermarket,Coast,3,5,5,Loyal,Key Accounts
C03541,Supermarket,Nyanza,4,5,5,Champions,Key Accounts
C03542,Petrol Station,Western,3,4,4,Loyal,Core Small Outlets
C03543,Petrol Station,Coast,4,5,5,Champions,Core Small Outlets
C03544,Supermarket,Nairobi,2,3,4,Can't Lose Them,Lapsing Key Accounts
C03545,Petrol Station,Nairobi,4,5,5,Champions,Core Small Outlets
C03546,Wholesaler,Western,4,4,5,Champions,Key Accounts
C03547,Supermarket,Nyanza,1,1,2,Hibernating / Lost,Lapsing Key Accounts
C03548,Duka,Rift Valley,4,5,4,Champions,Core Small Outlets
C03549,HoReCa,Central,5,5,5,Champions,Core Small Outlets
C03550,Duka,Central,2,2,1,Hibernating / Lost,Core Small Outlets
C03551,Duka,Western,3,2,1,Needs Attention,Core Small Outlets
C03552,Wholesaler,Coast,4,3,4,Champions,Key Accounts
C03553,HoReCa,Nairobi,2,4,4,Can't Lose Them,Lapsed Small Outlets
C03554,Duka,Coast,4,4,4,Champions,Core Small Outlets
C03555,Petrol Station,Nairobi,1,1,2,Hibernating / Lost,Lapsed Small Outlets
C03556,HoReCa,Nairobi,5,3,3,Loyal,Core Small Outlets
C03557,Duka,Central,1,2,1,Hibernating / Lost,Lapsed Small Outlets
C03560,HoReCa,Central,2,3,3,At Risk,Core Small Outlets
C03561,Duka,Nairobi,3,3,2,Needs Attention,Core Small Outlets
C03562,Duka,Nyanza,2,3,2,Hibernating / Lost,Lapsed Small Outlets
C03564,Supermarket,Nyanza,2,5,5,Can't Lose Them,Lapsing Key Accounts
C03565,Supermarket,Nairobi,1,1,3,Hibernating / Lost,Lapsing Key Accounts
C03566,Duka,Western,3,4,3,Loyal,Core Small Outlets
C03567,HoReCa,Nairobi,5,4,4,Champions,Core Small Outlets
C03568,Duka,Rift Valley,3,3,2,Needs Attention,Core Small Outlets
C03569,Duka,Western,1,2,3,Hibernating / Lost,Lapsed Small Outlets
C03570,Wholesaler,Central,5,4,5,Champions,Key Accounts
C03571,HoReCa,Nyanza,5,4,4,Champions,Core Small Outlets
C03572,Petrol Station,Rift Valley,1,2,4,At Risk,Lapsing Key Accounts
C03573,Duka,Nairobi,3,2,1,Needs Attention,Core Small Outlets
C03574,Petrol Station,Nyanza,3,3,3,Loyal,Core Small Outlets
C03575,Duka,Central,4,1,1,Promising / New,Core Small Outlets
C03576,Duka,Nairobi,2,1,1,Hibernating / Lost,Lapsed Small Outlets
C03577,Wholesaler,Central,5,4,5,Champions,Key Accounts
C03578,Duka,Nyanza,3,4,3,Loyal,Core Small Outlets
C03579,Wholesaler,Western,3,5,5,Loyal,Key Accounts
C03580,Duka,Rift Valley,5,2,1,Promising / New,Core Small Outlets
C03581,Petrol Station,Coast,2,3,3,At Risk,Lapsed Small Outlets
C03582,HoReCa,Rift Valley,4,4,4,Champions,Core Small Outlets
C03583,Duka,Central,2,2,1,Hibernating / Lost,Lapsed Small Outlets
C03584,Wholesaler,Nyanza,2,4,5,Can't Lose Them,Lapsing Key Accounts
C03585,Duka,Rift Valley,4,2,2,Promising / New,Core Small Outlets
C03586,Supermarket,Nyanza,5,5,5,Champions,Key Accounts
C03587,HoReCa,Western,3,5,5,Loyal,Core Small Outlets
C03589,Duka,Coast,5,3,3,Loyal,Core Small Outlets
C03590,Duka,Coast,2,3,1,Hibernating / Lost,Core Small Outlets
C03591,Duka,Nyanza,3,2,2,Needs Attention,Core Small Outlets
C03592,HoReCa,Coast,4,5,5,Champions,Core Small Outlets
C03594,Duka,Nyanza,2,2,3,Hibernating / Lost,Lapsed Small Outlets
C03595,Duka,Coast,4,5,4,Champions,Core Small Outlets
C03599,HoReCa,Central,4,5,4,Champions,Core Small Outlets
C03600,Duka,Nairobi,3,4,3,Loyal,Core Small Outlets
C03601,Wholesaler,Western,5,5,5,Champions,Key Accounts
C03602,Duka,Nairobi,3,3,3,Loyal,Core Small Outlets
C03604,Supermarket,Central,3,3,4,Loyal,Key Accounts
C03606,Supermarket,Nairobi,4,5,5,Champions,Key Accounts
C03607,Supermarket,Central,4,4,4,Champions,Key Accounts
C03608,Duka,Nairobi,2,2,1,Hibernating / Lost,Lapsed Small Outlets
C03609,Duka,Nairobi,1,1,2,Hibernating / Lost,Lapsed Small Outlets
C03610,Supermarket,Nairobi,4,5,5,Champions,Key Accounts
C03611,Wholesaler,Rift Valley,4,5,5,Champions,Key Accounts
C03612,Petrol Station,Nyanza,1,1,1,Hibernating / Lost,Lapsed Small Outlets
C03613,Duka,Nairobi,2,1,1,Hibernating / Lost,Core Small Outlets
C03614,Petrol Station,Western,5,4,4,Champions,Core Small Outlets
C03615,Duka,Western,2,2,2,Hibernating / Lost,Lapsed Small Outlets
C03616,HoReCa,Rift Valley,5,5,4,Champions,Core Small Outlets
C03617,Duka,Rift Valley,5,2,2,Promising / New,Core Small Outlets
C03619,Duka,Nairobi,1,1,1,Hibernating / Lost,Lapsed Small Outlets
C03620,Duka,Nairobi,4,5,4,Champions,Core Small Outlets
C03621,Supermarket,Rift Valley,3,5,5,Loyal,Key Accounts
C03622,HoReCa,Western,4,5,4,Champions,Core Small Outlets
C03623,HoReCa,Nairobi,4,4,4,Champions,Core Small Outlets
C03624,Petrol Station,Nairobi,3,3,2,Needs Attention,Core Small Outlets
C03625,HoReCa,Rift Valley,1,1,3,Hibernating / Lost,Lapsed Small Outlets
C03631,Duka,Nairobi,3,4,3,Loyal,Core Small Outlets
C03632,Supermarket,Coast,4,4,4,Champions,Key Accounts
C03634,HoReCa,Nyanza,1,1,2,Hibernating / Lost,Lapsed Small Outlets
C03635,Duka,Nairobi,5,4,3,Champions,Core Small Outlets
C03638,Wholesaler,Nairobi,1,3,5,Can't Lose Them,Lapsing Key Accounts
C03639,Wholesaler,Central,5,3,4,Champions,Key Accounts
C03640,HoReCa,Western,2,2,3,Hibernating / Lost,Lapsed Small Outlets
C03641,Duka,Central,1,1,1,Hibernating / Lost,Lapsed Small Outlets
C03645,Wholesaler,Rift Valley,5,4,5,Champions,Key Accounts
C03646,HoReCa,Nairobi,5,5,5,Champions,Core Small Outlets
C03647,Duka,Western,1,1,1,Hibernating / Lost,Lapsed Small Outlets
C03650,Petrol Station,Rift Valley,5,1,1,Promising / New,Core Small Outlets
C03652,HoReCa,Coast,1,1,1,Hibernating / Lost,Lapsed Small Outlets
C03653,Duka,Western,3,2,1,Needs Attention,Core Small Outlets
C03654,HoReCa,Nairobi,1,1,2,Hibernating / Lost,Lapsed Small Outlets
C03657,Duka,Rift Valley,4,3,2,Promising / New,Core Small Outlets
C03658,Supermarket,Nairobi,5,4,4,Champions,Key Accounts
C03659,Wholesaler,Central,5,4,5,Champions,Key Accounts
C03660,HoReCa,Nairobi,4,3,3,Loyal,Core Small Outlets
C03661,Duka,Western,4,4,4,Champions,Core Small Outlets
C03662,Supermarket,Coast,3,3,4,Loyal,Key Accounts
C03665,Supermarket,Rift Valley,4,5,5,Champions,Key Accounts
C03666,Duka,Rift Valley,1,1,1,Hibernating / Lost,Lapsed Small Outlets
C03667,Supermarket,Nairobi,1,1,3,Hibernating / Lost,Lapsing Key Accounts
C03668,Petrol Station,Western,1,1,1,Hibernating / Lost,Lapsed Small Outlets
C03669,Duka,Coast,4,2,2,Promising / New,Core Small Outlets
C03670,Duka,Nairobi,3,4,3,Loyal,Core Small Outlets
C03671,Duka,Western,1,1,1,Hibernating / Lost,Lapsed Small Outlets
C03672,Duka,Central,3,3,2,Needs Attention,Core Small Outlets
C03673,Duka,Central,2,2,1,Hibernating / Lost,Lapsed Small Outlets
C03674,Petrol Station,Coast,3,4,4,Loyal,Core Small Outlets
C03675,HoReCa,Nairobi,2,3,4,Can't Lose Them,Lapsed Small Outlets
C03676,Duka,Rift Valley,3,3,2,Needs Attention,Core Small Outlets
C03677,HoReCa,Rift Valley,3,5,5,Loyal,Core Small Outlets
C03678,Duka,Nyanza,3,4,4,Loyal,Core Small Outlets
C03679,Supermarket,Central,4,4,4,Champions,Key Accounts
C03680,Duka,Nyanza,4,3,2,Promising / New,Core Small Outlets
C03681,HoReCa,Nairobi,1,1,2,Hibernating / Lost,Lapsed Small Outlets
C03682,Supermarket,Coast,4,5,5,Champions,Key Accounts
C03683,HoReCa,Rift Valley,4,4,4,Champions,Core Small Outlets
C03684,HoReCa,Nairobi,4,3,4,Champions,Core Small Outlets
C03685,Petrol Station,Coast,3,2,3,Needs Attention,Core Small Outlets
C03686,Wholesaler,Nyanza,5,5,5,Champions,Key Accounts
C03687,Wholesaler,Rift Valley,4,5,5,Champions,Key Accounts
C03689,Supermarket,Western,4,5,5,Champions,Key Accounts
C03690,Duka,Nairobi,2,3,3,At Risk,Lapsed Small Outlets
C03691,HoReCa,Nyanza,1,1,1,Hibernating / Lost,Lapsed Small Outlets
C03692,Duka,Nairobi,1,1,1,Hibernating / Lost,Lapsed Small Outlets
C03694,Duka,Nairobi,3,4,3,Loyal,Core Small Outlets
C03696,Petrol Station,Nairobi,3,5,4,Loyal,Core Small Outlets
C03697,Wholesaler,Nairobi,4,5,5,Champions,Key Accounts
C03698,Duka,Central,5,5,4,Champions,Core Small Outlets
C03699,Petrol Station,Rift Valley,3,4,3,Loyal,Core Small Outlets
C03700,Petrol Station,Nyanza,4,3,2,Promising / New,Core Small Outlets
C03701,Supermarket,Western,5,5,5,Champions,Key Accounts
C03704,Petrol Station,Nairobi,1,1,1,Hibernating / Lost,Lapsed Small Outlets
C03705,Wholesaler,Nyanza,5,4,5,Champions,Key Accounts
C03706,Duka,Central,2,2,2,Hibernating / Lost,Lapsed Small Outlets
C03707,Supermarket,Rift Valley,2,5,5,Can't Lose Them,Lapsing Key Accounts
C03708,Wholesaler,Nairobi,1,1,3,Hibernating / Lost,Lapsing Key Accounts
C03709,Duka,Central,2,2,2,Hibernating / Lost,Core Small Outlets
C03710,Supermarket,Nyanza,5,4,4,Champions,Key Accounts
C03711,Petrol Station,Central,2,1,1,Hibernating / Lost,Lapsed Small Outlets
C03712,Duka,Central,2,3,3,At Risk,Lapsed Small Outlets
C03713,Wholesaler,Coast,4,5,5,Champions,Key Accounts
C03714,HoReCa,Coast,1,4,4,Can't Lose Them,Lapsing Key Accounts
C03715,Supermarket,Nairobi,2,5,5,Can't Lose Them,Lapsing Key Accounts
C03716,Supermarket,Central,5,5,5,Champions,Key Accounts
C03717,Duka,Nairobi,1,1,2,Hibernating / Lost,Lapsed Small Outlets
C03718,Supermarket,Nairobi,2,3,4,Can't Lose Them,Lapsing Key Accounts
C03719,HoReCa,Nairobi,3,4,4,Loyal,Core Small Outlets
C03720,HoReCa,Nyanza,5,5,5,Champions,Core Small Outlets
C03722,Wholesaler,Nairobi,1,1,3,Hibernating / Lost,Lapsing Key Accounts
C03723,HoReCa,Nairobi,4,4,4,Champions,Core Small Outlets
C03725,Supermarket,Central,2,5,5,Can't Lose Them,Lapsing Key Accounts
C03726,Petrol Station,Nairobi,4,5,4,Champions,Core Small Outlets
C03727,Duka,Nairobi,1,1,1,Hibernating / Lost,Lapsed Small Outlets
C03729,Duka,Nairobi,4,2,2,Promising / New,Core Small Outlets
C03730,Duka,Nairobi,1,4,4,Can't Lose Them,Lapsing Key Accounts
C03731,Duka,Western,3,2,2,Needs Attention,Core Small Outlets
C03733,Wholesaler,Nairobi,1,3,5,Can't Lose Them,Lapsing Key Accounts
C03737,Duka,Rift Valley,1,1,1,Hibernating / Lost,Lapsed Small Outlets
C03739,Duka,Central,1,2,2,Hibernating / Lost,Lapsed Small Outlets
C03740,HoReCa,Nairobi,1,1,2,Hibernating / Lost,Lapsed Small Outlets
C03744,Duka,Nairobi,4,4,3,Champions,Core Small Outlets
C03745,Supermarket,Rift Valley,3,4,4,Loyal,Key Accounts
C03746,Duka,Rift Valley,5,4,4,Champions,Core Small Outlets
C03748,Petrol Station,Rift Valley,3,1,1,Needs Attention,Core Small Outlets
C03749,Duka,Rift Valley,5,2,2,Promising / New,Core Small Outlets
C03750,Duka,Nairobi,1,1,1,Hibernating / Lost,Lapsed Small Outlets
C03751,Wholesaler,Central,5,5,5,Champions,Key Accounts
C03753,Wholesaler,Nairobi,1,1,4,Hibernating / Lost,Lapsing Key Accounts
C03754,HoReCa,Coast,3,1,1,Needs Attention,Core Small Outlets
C03756,Duka,Central,3,4,3,Loyal,Core Small Outlets
C03757,Supermarket,Coast,4,3,4,Champions,Key Accounts
C03758,Duka,Nyanza,4,4,3,Champions,Core Small Outlets
C03759,Duka,Nairobi,4,3,2,Promising / New,Core Small Outlets
C03760,Duka,Central,3,1,1,Needs Attention,Core Small Outlets
C03761,Petrol Station,Nairobi,4,5,4,Champions,Core Small Outlets
C03762,HoReCa,Coast,4,4,4,Champions,Core Small Outlets
C03763,Petrol Station,Nairobi,1,2,3,Hibernating / Lost,Lapsed Small Outlets
C03764,Duka,Nyanza,2,3,3,At Risk,Lapsed Small Outlets
C03765,Duka,Rift Valley,3,3,2,Needs Attention,Core Small Outlets
C03766,Duka,Rift Valley,4,3,2,Promising / New,Core Small Outlets
C03767,Duka,Western,1,1,1,Hibernating / Lost,Lapsed Small Outlets
C03769,Supermarket,Nyanza,1,2,4,At Risk,Lapsing Key Accounts
C03770,Supermarket,Central,5,4,5,Champions,Key Accounts
C03771,HoReCa,Central,5,3,4,Champions,Core Small Outlets
C03773,HoReCa,Central,5,5,5,Champions,Core Small Outlets
C03775,Supermarket,Coast,3,4,4,Loyal,Key Accounts
C03776,Wholesaler,Rift Valley,3,5,5,Loyal,Key Accounts
C03777,HoReCa,Nairobi,3,3,3,Loyal,Core Small Outlets
C03778,Duka,Nairobi,2,1,1,Hibernating / Lost,Lapsed Small Outlets
C03780,Duka,Western,5,5,4,Champions,Core Small Outlets
C03781,Petrol Station,Nairobi,2,1,1,Hibernating / Lost,Lapsed Small Outlets
C03782,Duka,Central,3,2,2,Needs Attention,Core Small Outlets
C03783,Supermarket,Central,5,5,5,Champions,Key Accounts
C03784,Duka,Central,1,1,1,Hibernating / Lost,Lapsed Small Outlets
C03785,Petrol Station,Central,3,5,4,Loyal,Core Small Outlets
C03786,Duka,Coast,4,3,2,Promising / New,Core Small Outlets
C03787,Duka,Nairobi,3,3,3,Loyal,Core Small Outlets
C03788,Duka,Central,4,2,2,Promising / New,Core Small Outlets
C03789,Duka,Nairobi,3,2,1,Needs Attention,Core Small Outlets
C03790,Wholesaler,Rift Valley,5,5,5,Champions,Key Accounts
C03791,Supermarket,Coast,5,5,5,Champions,Key Accounts
C03792,Duka,Central,1,1,1,Hibernating / Lost,Lapsed Small Outlets
C03793,Duka,Nairobi,4,2,2,Promising / New,Core Small Outlets
C03794,Duka,Rift Valley,4,5,4,Champions,Core Small Outlets
C03795,Supermarket,Nairobi,4,5,5,Champions,Key Accounts
C03796,HoReCa,Nairobi,4,5,5,Champions,Core Small Outlets
C03797,Duka,Nairobi,3,4,4,Loyal,Core Small Outlets
C03798,Supermarket,Nairobi,3,5,5,Loyal,Key Accounts
C03799,HoReCa,Nairobi,1,1,1,Hibernating / Lost,Lapsed Small Outlets
C03800,Duka,Coast,4,2,1,Promising / New,Core Small Outlets
C03802,Duka,Western,5,4,4,Champions,Core Small Outlets
C03804,Wholesaler,Central,5,5,5,Champions,Key Accounts
C03805,Wholesaler,Rift Valley,2,5,5,Can't Lose Them,Lapsing Key Accounts
C03808,Duka,Rift Valley,3,3,2,Needs Attention,Core Small Outlets
C03809,Duka,Nairobi,3,2,1,Needs Attention,Core Small Outlets
C03810,HoReCa,Central,1,1,1,Hibernating / Lost,Lapsed Small Outlets
C03811,Duka,Nyanza,4,2,1,Promising / New,Core Small Outlets
C03812,HoReCa,Central,1,1,1,Hibernating / Lost,Lapsed Small Outlets
C03813,Duka,Coast,3,3,2,Needs Attention,Core Small Outlets
C03814,Petrol Station,Nairobi,5,4,4,Champions,Core Small Outlets
C03815,Duka,Western,4,1,1,Promising / New,Core Small Outlets
C03817,Duka,Coast,4,2,2,Promising / New,Core Small Outlets
C03818,Supermarket,Coast,3,3,4,Loyal,Key Accounts
C03822,Duka,Nairobi,1,2,3,Hibernating / Lost,Lapsed Small Outlets
C03823,Supermarket,Central,5,5,5,Champions,Key Accounts
C03825,Duka,Rift Valley,3,4,3,Loyal,Core Small Outlets
C03826,Supermarket,Central,3,5,5,Loyal,Key Accounts
C03827,Supermarket,Central,3,5,5,Loyal,Key Accounts
C03829,Duka,Nyanza,2,3,2,Hibernating / Lost,Lapsed Small Outlets
C03830,Supermarket,Coast,1,1,4,Hibernating / Lost,Lapsing Key Accounts
C03831,HoReCa,Central,4,5,4,Champions,Core Small Outlets
C03832,Wholesaler,Rift Valley,2,1,4,Hibernating / Lost,Lapsing Key Accounts
C03833,HoReCa,Rift Valley,3,5,4,Loyal,Core Small Outlets
C03834,Duka,Central,2,1,1,Hibernating / Lost,Core Small Outlets
C03835,Wholesaler,Rift Valley,5,4,5,Champions,Key Accounts
C03836,Duka,Nairobi,4,4,3,Champions,Core Small Outlets
C03837,Duka,Nairobi,5,5,4,Champions,Core Small Outlets
C03838,Duka,Rift Valley,3,5,4,Loyal,Core Small Outlets
C03840,Duka,Central,5,2,2,Promising / New,Core Small Outlets
C03841,Duka,Nairobi,2,2,1,Hibernating / Lost,Lapsed Small Outlets
C03842,Duka,Rift Valley,1,1,1,Hibernating / Lost,Lapsed Small Outlets
C03843,HoReCa,Western,2,1,1,Hibernating / Lost,Lapsed Small Outlets
C03844,Duka,Rift Valley,1,1,1,Hibernating / Lost,Lapsed Small Outlets
C03845,Supermarket,Coast,3,5,5,Loyal,Key Accounts
C03846,Petrol Station,Central,5,5,4,Champions,Core Small Outlets
C03847,Duka,Western,2,3,3,At Risk,Lapsed Small Outlets
C03848,Duka,Nairobi,4,4,3,Champions,Core Small Outlets
C03849,Supermarket,Nyanza,4,4,5,Champions,Key Accounts
C03850,Duka,Nyanza,1,1,1,Hibernating / Lost,Lapsed Small Outlets
C03851,Wholesaler,Nairobi,3,4,5,Loyal,Key Accounts
C03852,Duka,Coast,5,5,3,Champions,Core Small Outlets
C03856,Duka,Nairobi,2,1,1,Hibernating / Lost,Lapsed Small Outlets
C03857,Wholesaler,Central,5,5,5,Champions,Key Accounts
C03858,Supermarket,Rift Valley,1,1,1,Hibernating / Lost,Lapsed Small Outlets
C03859,Petrol Station,Nairobi,3,3,3,Loyal,Core Small Outlets
C03860,Petrol Station,Nairobi,5,4,3,Champions,Core Small Outlets
C03861,HoReCa,Nairobi,3,5,4,Loyal,Core Small Outlets
C03862,Duka,Central,1,2,1,Hibernating / Lost,Lapsed Small Outlets
C03863,Supermarket,Nairobi,3,5,5,Loyal,Key Accounts
C03864,Duka,Nairobi,1,1,1,Hibernating / Lost,Lapsed Small Outlets
C03865,HoReCa,Nairobi,1,1,3,Hibernating / Lost,Lapsed Small Outlets
C03866,Duka,Central,3,5,4,Loyal,Core Small Outlets
C03867,HoReCa,Nairobi,2,1,3,Hibernating / Lost,Lapsed Small Outlets
C03869,HoReCa,Coast,3,4,4,Loyal,Core Small Outlets
C03871,Supermarket,Nairobi,4,5,5,Champions,Key Accounts
C03872,Supermarket,Western,4,5,5,Champions,Key Accounts
C03873,Duka,Western,3,2,2,Needs Attention,Core Small Outlets
C03874,Wholesaler,Rift Valley,2,3,4,Can't Lose Them,Lapsing Key Accounts
C03875,Duka,Western,1,1,1,Hibernating / Lost,Lapsed Small Outlets
C03876,Supermarket,Central,4,4,5,Champions,Key Accounts
C03877,HoReCa,Western,4,2,3,Promising / New,Core Small Outlets
C03878,Duka,Central,2,3,3,At Risk,Lapsed Small Outlets
C03879,Duka,Central,4,2,1,Promising / New,Core Small Outlets
C03880,Supermarket,Western,4,4,4,Champions,Key Accounts
C03881,Duka,Nairobi,3,2,2,Needs Attention,Core Small Outlets
C03882,Duka,Nyanza,4,4,4,Champions,Core Small Outlets
C03883,Wholesaler,Western,1,2,4,At Risk,Lapsing Key Accounts
C03884,HoReCa,Rift Valley,5,4,4,Champions,Core Small Outlets
C03885,HoReCa,Central,5,3,3,Loyal,Core Small Outlets
C03886,HoReCa,Nairobi,4,5,5,Champions,Core Small Outlets
C03887,Supermarket,Coast,4,5,5,Champions,Key Accounts
C03888,HoReCa,Central,5,5,5,Champions,Core Small Outlets
C03889,Petrol Station,Nairobi,4,4,4,Champions,Core Small Outlets
C03890,Supermarket,Rift Valley,5,5,5,Champions,Key Accounts
C03891,Wholesaler,Central,3,4,5,Loyal,Key Accounts
C03892,Duka,Nairobi,2,3,2,Hibernating / Lost,Core Small Outlets
C03893,Wholesaler,Central,5,3,4,Champions,Key Accounts
C03895,HoReCa,Western,3,2,3,Needs Attention,Core Small Outlets
C03896,Petrol Station,Coast,1,1,1,Hibernating / Lost,Lapsed Small Outlets
C03897,Petrol Station,Rift Valley,5,5,4,Champions,Core Small Outlets
C03898,Duka,Rift Valley,2,4,4,Can't Lose Them,Lapsed Small Outlets
C03899,Supermarket,Central,3,5,5,Loyal,Key Accounts
C03900,Supermarket,Nyanza,5,5,5,Champions,Key Accounts
C03902,Petrol Station,Coast,4,4,4,Champions,Core Small Outlets
C03904,Duka,Nairobi,5,3,3,Loyal,Core Small Outlets
C03905,Duka,Nairobi,4,3,2,Promising / New,Core Small Outlets
C03906,Petrol Station,Central,1,2,3,Hibernating / Lost,Lapsed Small Outlets
C03907,Duka,Rift Valley,3,4,3,Loyal,Core Small Outlets
C03908,Duka,Rift Valley,3,1,1,Needs Attention,Core Small Outlets
C03909,Duka,Nairobi,3,3,2,Needs Attention,Core Small Outlets
C03911,Duka,Central,3,3,3,Loyal,Core Small Outlets
C03912,Wholesaler,Western,2,2,4,At Risk,Key Accounts
C03914,Duka,Nairobi,1,1,1,Hibernating / Lost,Lapsed Small Outlets
C03915,HoReCa,Central,4,5,4,Champions,Core Small Outlets
C03916,HoReCa,Nairobi,2,5,5,Can't Lose Them,Lapsing Key Accounts
C03917,Duka,Coast,5,4,3,Champions,Core Small Outlets
C03919,Duka,Coast,2,4,4,Can't Lose Them,Lapsing Key Accounts
C03920,Supermarket,Western,4,3,4,Champions,Key Accounts
C03921,Supermarket,Central,4,5,5,Champions,Key Accounts
C03922,HoReCa,Central,5,5,5,Champions,Key Accounts
C03923,Duka,Rift Valley,2,1,1,Hibernating / Lost,Lapsed Small Outlets
C03924,Wholesaler,Coast,3,2,4,Loyal,Key Accounts
C03926,Duka,Nyanza,3,2,1,Needs Attention,Core Small Outlets
C03927,Duka,Central,4,4,3,Champions,Core Small Outlets
C03928,Duka,Rift Valley,1,1,1,Hibernating / Lost,Lapsed Small Outlets
C03930,Duka,Central,2,3,2,Hibernating / Lost,Core Small Outlets
C03931,Duka,Nairobi,2,1,1,Hibernating / Lost,Lapsed Small Outlets
C03932,Petrol Station,Central,3,4,3,Loyal,Core Small Outlets
C03933,Petrol Station,Central,4,2,2,Promising / New,Core Small Outlets
C03934,Wholesaler,Central,2,3,4,Can't Lose Them,Lapsing Key Accounts
C03935,Duka,Nairobi,4,2,2,Promising / New,Core Small Outlets
C03937,Supermarket,Rift Valley,5,5,5,Champions,Key Accounts
C03938,Duka,Nyanza,1,3,3,At Risk,Lapsed Small Outlets
C03939,Duka,Rift Valley,5,1,1,Promising / New,Core Small Outlets
C03940,Duka,Western,5,1,1,Promising / New,Core Small Outlets
C03941,Duka,Nyanza,5,3,2,Promising / New,Core Small Outlets
C03942,Duka,Nairobi,3,2,1,Needs Attention,Core Small Outlets
C03943,HoReCa,Western,5,2,3,Promising / New,Core Small Outlets
C03944,Duka,Rift Valley,2,2,2,Hibernating / Lost,Core Small Outlets
C03945,HoReCa,Western,5,4,4,Champions,Core Small Outlets
C03946,Wholesaler,Central,5,5,5,Champions,Key Accounts
C03947,Supermarket,Nairobi,5,5,5,Champions,Key Accounts
C03948,Duka,Central,1,2,2,Hibernating / Lost,Lapsed Small Outlets
C03949,Duka,Central,4,4,3,Champions,Core Small Outlets
C03950,HoReCa,Nairobi,1,1,2,Hibernating / Lost,Lapsed Small Outlets
C03951,Duka,Nairobi,4,5,4,Champions,Core Small Outlets
C03952,Duka,Nairobi,3,4,3,Loyal,Core Small Outlets
C03953,Wholesaler,Coast,3,3,4,Loyal,Key Accounts
C03954,Petrol Station,Nairobi,1,2,2,Hibernating / Lost,Lapsed Small Outlets
C03956,Duka,Central,5,3,3,Loyal,Core Small Outlets
C03959,Supermarket,Central,3,5,5,Loyal,Key Accounts
C03960,Duka,Nairobi,3,4,3,Loyal,Core Small Outlets
C03961,Duka,Nairobi,1,1,1,Hibernating / Lost,Lapsed Small Outlets
C03962,HoReCa,Western,5,3,3,Loyal,Core Small Outlets
C03963,Duka,Nairobi,1,1,1,Hibernating / Lost,Lapsed Small Outlets
C03964,Duka,Rift Valley,5,5,4,Champions,Core Small Outlets
C03965,Wholesaler,Nairobi,4,3,4,Champions,Key Accounts
C03966,Wholesaler,Central,1,2,4,At Risk,Lapsing Key Accounts
C03967,Petrol Station,Nairobi,4,5,4,Champions,Core Small Outlets
C03968,Duka,Coast,3,1,1,Needs Attention,Core Small Outlets
C03969,Wholesaler,Nyanza,2,2,4,At Risk,Lapsing Key Accounts
C03970,Wholesaler,Nairobi,4,5,5,Champions,Key Accounts
C03971,Supermarket,Rift Valley,4,5,5,Champions,Key Accounts
C03972,Supermarket,Nairobi,2,4,5,Can't Lose Them,Lapsing Key Accounts
C03973,Wholesaler,Central,1,1,3,Hibernating / Lost,Lapsing Key Accounts
C03974,Petrol Station,Nairobi,1,2,3,Hibernating / Lost,Lapsed Small Outlets
C03976,Duka,Nairobi,5,3,2,Promising / New,Core Small Outlets
C03977,Duka,Nairobi,3,5,4,Loyal,Core Small Outlets
C03978,Duka,Rift Valley,2,2,2,Hibernating / Lost,Lapsed Small Outlets
C03979,HoReCa,Central,2,3,3,At Risk,Lapsed Small Outlets
C03980,Duka,Rift Valley,3,4,4,Loyal,Core Small Outlets
C03981,Supermarket,Coast,1,4,5,Can't Lose Them,Lapsing Key Accounts
C03982,Wholesaler,Nairobi,4,5,5,Champions,Key Accounts
C03983,Duka,Nairobi,3,3,2,Needs Attention,Core Small Outlets
C03984,Supermarket,Central,5,5,5,Champions,Key Accounts
C03985,Duka,Central,2,1,1,Hibernating / Lost,Core Small Outlets
C03986,Duka,Central,2,3,3,At Risk,Lapsed Small Outlets
C03987,Duka,Nairobi,5,2,2,Promising / New,Core Small Outlets
C03989,Supermarket,Nairobi,1,2,4,At Risk,Lapsing Key Accounts
C03990,Duka,Nairobi,2,2,2,Hibernating / Lost,Core Small Outlets
C03992,Duka,Rift Valley,3,3,3,Loyal,Core Small Outlets
C03993,Duka,Nyanza,5,3,2,Promising / New,Core Small Outlets
C03994,Wholesaler,Rift Valley,1,1,4,Hibernating / Lost,Lapsing Key Accounts
C03996,Wholesaler,Nairobi,5,5,5,Champions,Key Accounts
C03997,Duka,Nairobi,1,1,1,Hibernating / Lost,Lapsed Small Outlets
C03998,Supermarket,Nairobi,4,5,5,Champions,Key Accounts
C03999,Duka,Nairobi,3,4,3,Loyal,Core Small Outlets
C04000,Duka,Nyanza,3,2,1,Needs Attention,Core Small Outlets
