"customer_id","R","F","M","rfm_segment","cluster"
"C00001",2,3,2,"Hibernating / Lost","Lapsed Small Outlets"
"C00002",1,1,4,"Hibernating / Lost","Lapsing Key Accounts"
"C00004",1,1,1,"Hibernating / Lost","Lapsed Small Outlets"
"C00005",5,2,2,"Promising / New","Core Small Outlets"
"C00006",5,5,5,"Champions","Core Small Outlets"
"C00007",3,3,3,"Loyal","Core Small Outlets"
"C00008",3,2,2,"Needs Attention","Core Small Outlets"
"C00009",2,4,5,"Can't Lose Them","Lapsing Key Accounts"
"C00010",2,2,2,"Hibernating / Lost","Lapsed Small Outlets"
"C00011",1,1,1,"Hibernating / Lost","Lapsed Small Outlets"
"C00012",4,3,3,"Loyal","Core Small Outlets"
"C00013",1,1,4,"Hibernating / Lost","Lapsing Key Accounts"
"C00015",4,5,5,"Champions","Key Accounts"
"C00016",2,2,2,"Hibernating / Lost","Lapsed Small Outlets"
"C00017",2,4,4,"Can't Lose Them","Lapsed Small Outlets"
"C00018",1,1,1,"Hibernating / Lost","Lapsed Small Outlets"
"C00019",5,1,1,"Promising / New","Core Small Outlets"
"C00020",2,1,1,"Hibernating / Lost","Core Small Outlets"
"C00021",5,4,4,"Champions","Key Accounts"
"C00022",1,1,1,"Hibernating / Lost","Lapsed Small Outlets"
"C00023",3,2,4,"Loyal","Key Accounts"
"C00024",3,2,1,"Needs Attention","Core Small Outlets"
"C00026",5,2,2,"Promising / New","Core Small Outlets"
"C00027",4,2,3,"Promising / New","Core Small Outlets"
"C00028",5,5,5,"Champions","Key Accounts"
"C00029",2,1,1,"Hibernating / Lost","Lapsed Small Outlets"
"C00030",2,2,1,"Hibernating / Lost","Lapsed Small Outlets"
"C00031",4,3,3,"Loyal","Core Small Outlets"
"C00032",2,3,4,"Can't Lose Them","Core Small Outlets"
"C00033",2,4,4,"Can't Lose Them","Lapsing Key Accounts"
"C00034",5,2,4,"Loyal","Key Accounts"
"C00036",4,2,2,"Promising / New","Core Small Outlets"
"C00037",4,4,5,"Champions","Key Accounts"
"C00038",1,2,2,"Hibernating / Lost","Lapsed Small Outlets"
"C00039",1,1,1,"Hibernating / Lost","Lapsed Small Outlets"
"C00040",4,5,4,"Champions","Core Small Outlets"
"C00041",5,3,4,"Champions","Key Accounts"
"C00042",1,1,1,"Hibernating / Lost","Lapsed Small Outlets"
"C00043",2,2,2,"Hibernating / Lost","Core Small Outlets"
"C00044",1,1,2,"Hibernating / Lost","Lapsed Small Outlets"
"C00046",5,4,5,"Champions","Key Accounts"
"C00047",5,5,5,"Champions","Key Accounts"
"C00048",2,2,2,"Hibernating / Lost","Core Small Outlets"
"C00049",1,1,1,"Hibernating / Lost","Lapsed Small Outlets"
"C00050",5,3,4,"Champions","Key Accounts"
"C00051",4,4,5,"Champions","Key Accounts"
"C00052",3,4,3,"Loyal","Core Small Outlets"
"C00053",3,3,3,"Loyal","Core Small Outlets"
"C00054",1,2,4,"At Risk","Lapsing Key Accounts"
"C00055",1,1,1,"Hibernating / Lost","Lapsed Small Outlets"
"C00056",5,4,4,"Champions","Key Accounts"
"C00057",3,3,4,"Loyal","Key Accounts"
"C00058",5,3,3,"Loyal","Core Small Outlets"
"C00059",2,1,1,"Hibernating / Lost","Lapsed Small Outlets"
"C00060",5,4,4,"Champions","Core Small Outlets"
"C00061",5,5,5,"Champions","Key Accounts"
"C00062",2,2,2,"Hibernating / Lost","Lapsed Small Outlets"
"C00063",4,5,5,"Champions","Key Accounts"
"C00065",4,2,2,"Promising / New","Core Small Outlets"
"C00066",3,4,4,"Loyal","Core Small Outlets"
"C00067",3,3,3,"Loyal","Core Small Outlets"
"C00068",3,4,3,"Loyal","Core Small Outlets"
"C00069",1,3,4,"Can't Lose Them","Lapsing Key Accounts"
"C00070",3,3,3,"Loyal","Core Small Outlets"
"C00071",2,3,4,"Can't Lose Them","Lapsing Key Accounts"
"C00072",5,5,4,"Champions","Core Small Outlets"
"C00073",3,4,4,"Loyal","Core Small Outlets"
"C00074",1,1,2,"Hibernating / Lost","Lapsed Small Outlets"
"C00076",3,5,5,"Loyal","Key Accounts"
"C00077",2,3,3,"At Risk","Lapsed Small Outlets"
"C00079",3,4,3,"Loyal","Core Small Outlets"
"C00080",4,4,3,"Champions","Core Small Outlets"
"C00081",2,2,1,"Hibernating / Lost","Core Small Outlets"
"C00082",5,4,5,"Champions","Key Accounts"
"C00083",5,5,5,"Champions","Key Accounts"
"C00084",5,5,4,"Champions","Core Small Outlets"
"C00086",3,4,5,"Loyal","Key Accounts"
"C00088",3,4,5,"Loyal","Key Accounts"
"C00089",3,4,4,"Loyal","Key Accounts"
"C00091",2,1,1,"Hibernating / Lost","Core Small Outlets"
"C00094",2,2,3,"Hibernating / Lost","Lapsed Small Outlets"
"C00095",2,2,4,"At Risk","Lapsing Key Accounts"
"C00096",5,5,5,"Champions","Key Accounts"
"C00097",1,1,1,"Hibernating / Lost","Lapsing Key Accounts"
"C00098",3,2,2,"Needs Attention","Core Small Outlets"
"C00100",5,5,5,"Champions","Key Accounts"
"C00101",4,5,4,"Champions","Core Small Outlets"
"C00102",3,2,2,"Needs Attention","Core Small Outlets"
"C00103",3,3,5,"Loyal","Key Accounts"
"C00104",1,1,1,"Hibernating / Lost","Lapsed Small Outlets"
"C00105",1,1,3,"Hibernating / Lost","Lapsed Small Outlets"
"C00106",3,5,4,"Loyal","Core Small Outlets"
"C00107",3,4,5,"Loyal","Key Accounts"
"C00108",5,4,4,"Champions","Core Small Outlets"
"C00109",1,3,4,"Can't Lose Them","Lapsing Key Accounts"
"C00110",1,4,4,"Can't Lose Them","Lapsing Key Accounts"
"C00111",5,5,5,"Champions","Key Accounts"
"C00112",3,3,2,"Needs Attention","Core Small Outlets"
"C00113",5,5,5,"Champions","Key Accounts"
"C00114",2,1,1,"Hibernating / Lost","Core Small Outlets"
"C00115",5,5,4,"Champions","Core Small Outlets"
"C00116",4,1,1,"Promising / New","Core Small Outlets"
"C00117",1,1,1,"Hibernating / Lost","Lapsed Small Outlets"
"C00118",3,4,5,"Loyal","Lapsing Key Accounts"
"C00119",4,4,3,"Champions","Core Small Outlets"
"C00120",5,4,4,"Champions","Key Accounts"
"C00121",5,5,5,"Champions","Key Accounts"
"C00122",2,2,2,"Hibernating / Lost","Core Small Outlets"
"C00123",3,4,3,"Loyal","Core Small Outlets"
"C00124",1,1,2,"Hibernating / Lost","Lapsed Small Outlets"
"C00125",1,1,1,"Hibernating / Lost","Lapsed Small Outlets"
"C00127",1,1,4,"Hibernating / Lost","Lapsing Key Accounts"
"C00129",1,1,2,"Hibernating / Lost","Lapsed Small Outlets"
"C00130",2,5,5,"Can't Lose Them","Lapsing Key Accounts"
"C00132",5,4,5,"Champions","Key Accounts"
"C00134",1,1,3,"Hibernating / Lost","Lapsed Small Outlets"
"C00135",1,1,1,"Hibernating / Lost","Lapsed Small Outlets"
"C00136",2,3,4,"Can't Lose Them","Key Accounts"
"C00137",5,5,5,"Champions","Core Small Outlets"
"C00139",2,2,2,"Hibernating / Lost","Lapsed Small Outlets"
"C00140",3,5,5,"Loyal","Key Accounts"
"C00141",4,3,4,"Champions","Key Accounts"
"C00142",4,5,4,"Champions","Core Small Outlets"
"C00143",1,1,1,"Hibernating / Lost","Lapsed Small Outlets"
"C00144",3,3,2,"Needs Attention","Core Small Outlets"
"C00145",1,1,1,"Hibernating / Lost","Lapsed Small Outlets"
"C00146",1,1,1,"Hibernating / Lost","Lapsed Small Outlets"
"C00147",2,4,4,"Can't Lose Them","Lapsed Small Outlets"
"C00149",4,2,1,"Promising / New","Core Small Outlets"
"C00150",3,3,3,"Loyal","Core Small Outlets"
"C00151",1,1,2,"Hibernating / Lost","Lapsed Small Outlets"
"C00152",4,3,2,"Promising / New","Core Small Outlets"
"C00153",4,3,4,"Champions","Key Accounts"
"C00156",3,1,1,"Needs Attention","Core Small Outlets"
"C00157",2,1,2,"Hibernating / Lost","Core Small Outlets"
"C00158",2,3,3,"At Risk","Core Small Outlets"
"C00160",3,4,4,"Loyal","Core Small Outlets"
"C00161",5,4,4,"Champions","Key Accounts"
"C00162",4,1,1,"Promising / New","Core Small Outlets"
"C00164",1,1,2,"Hibernating / Lost","Lapsed Small Outlets"
"C00165",1,1,2,"Hibernating / Lost","Lapsed Small Outlets"
"C00166",2,1,2,"Hibernating / Lost","Lapsed Small Outlets"
"C00167",1,1,1,"Hibernating / Lost","Lapsed Small Outlets"
"C00168",4,4,3,"Champions","Core Small Outlets"
"C00169",4,5,4,"Champions","Core Small Outlets"
"C00170",5,4,4,"Champions","Core Small Outlets"
"C00171",5,4,4,"Champions","Core Small Outlets"
"C00172",3,2,1,"Needs Attention","Core Small Outlets"
"C00173",5,5,5,"Champions","Key Accounts"
"C00174",3,5,4,"Loyal","Core Small Outlets"
"C00175",2,3,2,"Hibernating / Lost","Core Small Outlets"
"C00176",3,3,2,"Needs Attention","Core Small Outlets"
"C00177",1,1,2,"Hibernating / Lost","Lapsed Small Outlets"
"C00178",4,4,3,"Champions","Core Small Outlets"
"C00179",5,5,5,"Champions","Key Accounts"
"C00180",1,1,1,"Hibernating / Lost","Lapsed Small Outlets"
"C00182",3,3,4,"Loyal","Core Small Outlets"
"C00184",1,1,1,"Hibernating / Lost","Lapsed Small Outlets"
"C00185",5,3,3,"Loyal","Core Small Outlets"
"C00186",5,4,5,"Champions","Key Accounts"
"C00187",5,3,4,"Champions","Core Small Outlets"
"C00189",4,3,5,"Champions","Key Accounts"
"C00190",5,3,2,"Promising / New","Core Small Outlets"
"C00191",2,3,2,"Hibernating / Lost","Core Small Outlets"
"C00192",3,5,5,"Loyal","Key Accounts"
"C00193",2,3,3,"At Risk","Lapsed Small Outlets"
"C00194",3,3,4,"Loyal","Key Accounts"
"C00195",4,4,5,"Champions","Key Accounts"
"C00196",1,1,2,"Hibernating / Lost","Lapsing Key Accounts"
"C00197",4,5,4,"Champions","Core Small Outlets"
"C00199",2,1,1,"Hibernating / Lost","Lapsed Small Outlets"
"C00201",4,3,4,"Champions","Core Small Outlets"
"C00202",3,4,5,"Loyal","Key Accounts"
"C00203",2,3,3,"At Risk","Lapsed Small Outlets"
"C00204",5,4,4,"Champions","Core Small Outlets"
"C00205",1,1,1,"Hibernating / Lost","Lapsed Small Outlets"
"C00207",3,1,1,"Needs Attention","Core Small Outlets"
"C00209",3,2,2,"Needs Attention","Core Small Outlets"
"C00210",4,5,5,"Champions","Core Small Outlets"
"C00212",5,5,5,"Champions","Key Accounts"
"C00213",2,2,2,"Hibernating / Lost","Lapsed Small Outlets"
"C00214",3,3,2,"Needs Attention","Core Small Outlets"
"C00215",2,2,2,"Hibernating / Lost","Lapsed Small Outlets"
"C00216",2,3,2,"Hibernating / Lost","Core Small Outlets"
"C00217",4,3,3,"Loyal","Core Small Outlets"
"C00218",2,3,2,"Hibernating / Lost","Core Small Outlets"
"C00219",5,5,5,"Champions","Key Accounts"
"C00220",1,1,1,"Hibernating / Lost","Lapsed Small Outlets"
"C00221",1,1,1,"Hibernating / Lost","Lapsed Small Outlets"
"C00222",1,3,4,"Can't Lose Them","Lapsing Key Accounts"
"C00223",4,5,5,"Champions","Key Accounts"
"C00224",5,5,5,"Champions","Key Accounts"
"C00225",3,2,1,"Needs Attention","Lapsed Small Outlets"
"C00226",3,3,2,"Needs Attention","Core Small Outlets"
"C00227",5,5,5,"Champions","Key Accounts"
"C00228",4,3,3,"Loyal","Core Small Outlets"
"C00229",4,5,5,"Champions","Key Accounts"
"C00230",3,3,3,"Loyal","Core Small Outlets"
"C00232",2,2,1,"Hibernating / Lost","Lapsed Small Outlets"
"C00233",4,5,5,"Champions","Key Accounts"
"C00234",3,5,5,"Loyal","Key Accounts"
"C00235",5,5,5,"Champions","Key Accounts"
"C00236",3,1,1,"Needs Attention","Core Small Outlets"
"C00238",3,4,5,"Loyal","Key Accounts"
"C00239",3,2,1,"Needs Attention","Core Small Outlets"
"C00240",2,2,2,"Hibernating / Lost","Lapsed Small Outlets"
"C00241",2,1,2,"Hibernating / Lost","Lapsed Small Outlets"
"C00243",1,1,1,"Hibernating / Lost","Lapsed Small Outlets"
"C00244",4,5,5,"Champions","Key Accounts"
"C00245",2,3,3,"At Risk","Lapsed Small Outlets"
"C00247",5,5,5,"Champions","Key Accounts"
"C00249",1,1,1,"Hibernating / Lost","Lapsed Small Outlets"
"C00250",4,4,4,"Champions","Core Small Outlets"
"C00251",5,4,3,"Champions","Core Small Outlets"
"C00252",3,2,1,"Needs Attention","Core Small Outlets"
"C00253",1,2,2,"Hibernating / Lost","Lapsed Small Outlets"
"C00254",1,1,1,"Hibernating / Lost","Lapsed Small Outlets"
"C00255",3,4,5,"Loyal","Key Accounts"
"C00256",4,4,4,"Champions","Core Small Outlets"
"C00257",4,3,2,"Promising / New","Core Small Outlets"
"C00258",1,1,1,"Hibernating / Lost","Lapsed Small Outlets"
"C00259",4,4,3,"Champions","Core Small Outlets"
"C00260",1,2,4,"At Risk","Lapsing Key Accounts"
"C00261",4,2,2,"Promising / New","Core Small Outlets"
"C00262",5,5,5,"Champions","Key Accounts"
"C00264",5,4,4,"Champions","Core Small Outlets"
"C00265",2,4,5,"Can't Lose Them","Lapsing Key Accounts"
"C00266",3,3,3,"Loyal","Core Small Outlets"
"C00267",5,5,5,"Champions","Key Accounts"
"C00268",2,2,2,"Hibernating / Lost","Lapsed Small Outlets"
"C00269",4,3,3,"Loyal","Core Small Outlets"
"C00270",5,5,5,"Champions","Key Accounts"
"C00271",4,4,3,"Champions","Core Small Outlets"
"C00272",4,1,1,"Promising / New","Core Small Outlets"
"C00273",2,2,2,"Hibernating / Lost","Lapsed Small Outlets"
"C00274",1,2,2,"Hibernating / Lost","Lapsed Small Outlets"
"C00276",5,5,5,"Champions","Key Accounts"
"C00278",1,1,1,"Hibernating / Lost","Lapsed Small Outlets"
"C00279",3,2,2,"Needs Attention","Core Small Outlets"
"C00280",5,4,3,"Champions","Core Small Outlets"
"C00281",4,5,5,"Champions","Core Small Outlets"
"C00282",4,3,3,"Loyal","Core Small Outlets"
"C00283",2,1,1,"Hibernating / Lost","Lapsed Small Outlets"
"C00284",1,1,4,"Hibernating / Lost","Lapsing Key Accounts"
"C00285",1,1,1,"Hibernating / Lost","Lapsed Small Outlets"
"C00287",4,5,4,"Champions","Core Small Outlets"
"C00288",5,3,3,"Loyal","Core Small Outlets"
"C00289",5,3,4,"Champions","Key Accounts"
"C00290",5,3,3,"Loyal","Core Small Outlets"
"C00291",2,2,2,"Hibernating / Lost","Core Small Outlets"
"C00292",4,5,4,"Champions","Core Small Outlets"
"C00293",4,4,4,"Champions","Core Small Outlets"
"C00294",2,2,2,"Hibernating / Lost","Lapsed Small Outlets"
"C00295",1,1,2,"Hibernating / Lost","Lapsed Small Outlets"
"C00296",5,5,5,"Champions","Key Accounts"
"C00297",1,2,3,"Hibernating / Lost","Lapsed Small Outlets"
"C00299",2,4,5,"Can't Lose Them","Lapsing Key Accounts"
"C00300",1,1,2,"Hibernating / Lost","Lapsed Small Outlets"
"C00301",5,4,4,"Champions","Core Small Outlets"
"C00304",3,5,5,"Loyal","Key Accounts"
"C00305",1,3,4,"Can't Lose Them","Lapsed Small Outlets"
"C00306",3,4,3,"Loyal","Core Small Outlets"
"C00308",2,3,3,"At Risk","Lapsed Small Outlets"
"C00309",4,3,3,"Loyal","Core Small Outlets"
"C00312",1,2,4,"At Risk","Lapsing Key Accounts"
"C00313",1,1,1,"Hibernating / Lost","Lapsing Key Accounts"
"C00314",2,2,2,"Hibernating / Lost","Core Small Outlets"
"C00315",5,4,4,"Champions","Core Small Outlets"
"C00316",3,2,2,"Needs Attention","Core Small Outlets"
"C00317",1,2,1,"Hibernating / Lost","Lapsed Small Outlets"
"C00318",5,2,3,"Promising / New","Core Small Outlets"
"C00320",3,2,3,"Needs Attention","Core Small Outlets"
"C00321",5,2,3,"Promising / New","Core Small Outlets"
"C00322",1,1,2,"Hibernating / Lost","Lapsed Small Outlets"
"C00323",5,1,1,"Promising / New","Core Small Outlets"
"C00324",4,2,3,"Promising / New","Core Small Outlets"
"C00325",3,5,5,"Loyal","Key Accounts"
"C00326",2,2,3,"Hibernating / Lost","Lapsed Small Outlets"
"C00328",5,4,3,"Champions","Core Small Outlets"
"C00329",1,1,1,"Hibernating / Lost","Lapsed Small Outlets"
"C00330",1,2,3,"Hibernating / Lost","Lapsed Small Outlets"
"C00332",3,2,2,"Needs Attention","Core Small Outlets"
"C00333",2,2,1,"Hibernating / Lost","Lapsed Small Outlets"
"C00334",4,5,5,"Champions","Key Accounts"
"C00335",2,1,1,"Hibernating / Lost","Lapsed Small Outlets"
"C00336",2,2,2,"Hibernating / Lost","Lapsed Small Outlets"
"C00337",3,4,4,"Loyal","Core Small Outlets"
"C00340",1,1,1,"Hibernating / Lost","Lapsed Small Outlets"
"C00341",3,4,4,"Loyal","Core Small Outlets"
"C00343",4,2,2,"Promising / New","Core Small Outlets"
"C00345",2,3,4,"Can't Lose Them","Lapsed Small Outlets"
"C00346",5,5,5,"Champions","Key Accounts"
"C00347",4,5,5,"Champions","Key Accounts"
"C00349",3,5,4,"Loyal","Core Small Outlets"
"C00350",4,3,3,"Loyal","Core Small Outlets"
"C00351",2,1,1,"Hibernating / Lost","Lapsed Small Outlets"
"C00354",2,1,1,"Hibernating / Lost","Lapsed Small Outlets"
"C00355",4,4,3,"Champions","Core Small Outlets"
"C00356",2,2,4,"At Risk","Lapsing Key Accounts"
"C00357",3,3,2,"Needs Attention","Core Small Outlets"
"C00358",3,2,1,"Needs Attention","Core Small Outlets"
"C00360",5,5,5,"Champions","Key Accounts"
"C00361",4,4,5,"Champions","Key Accounts"
"C00362",1,1,1,"Hibernating / Lost","Lapsed Small Outlets"
"C00363",4,4,4,"Champions","Core Small Outlets"
"C00364",1,1,2,"Hibernating / Lost","Lapsed Small Outlets"
"C00366",4,3,3,"Loyal","Core Small Outlets"
"C00367",2,2,2,"Hibernating / Lost","Lapsed Small Outlets"
"C00368",5,4,3,"Champions","Core Small Outlets"
"C00369",3,3,3,"Loyal","Core Small Outlets"
"C00370",5,2,2,"Promising / New","Core Small Outlets"
"C00373",1,1,2,"Hibernating / Lost","Lapsing Key Accounts"
"C00374",5,5,5,"Champions","Key Accounts"
"C00376",3,1,1,"Needs Attention","Core Small Outlets"
"C00378",4,2,2,"Promising / New","Core Small Outlets"
"C00380",1,1,2,"Hibernating / Lost","Lapsing Key Accounts"
"C00382",1,1,2,"Hibernating / Lost","Lapsing Key Accounts"
"C00383",4,4,3,"Champions","Core Small Outlets"
"C00385",4,3,3,"Loyal","Core Small Outlets"
"C00386",1,1,1,"Hibernating / Lost","Lapsed Small Outlets"
"C00387",2,1,1,"Hibernating / Lost","Lapsed Small Outlets"
"C00388",5,2,3,"Promising / New","Core Small Outlets"
"C00389",2,4,5,"Can't Lose Them","Lapsing Key Accounts"
"C00390",1,1,1,"Hibernating / Lost","Lapsed Small Outlets"
"C00391",1,1,1,"Hibernating / Lost","Lapsed Small Outlets"
"C00392",4,2,1,"Promising / New","Core Small Outlets"
"C00393",5,5,5,"Champions","Key Accounts"
"C00394",3,4,3,"Loyal","Core Small Outlets"
"C00395",1,1,4,"Hibernating / Lost","Lapsing Key Accounts"
"C00396",1,1,4,"Hibernating / Lost","Lapsing Key Accounts"
"C00399",4,5,5,"Champions","Key Accounts"
"C00400",5,5,5,"Champions","Key Accounts"
"C00401",4,2,2,"Promising / New","Core Small Outlets"
"C00402",3,4,3,"Loyal","Core Small Outlets"
"C00404",1,1,1,"Hibernating / Lost","Lapsed Small Outlets"
"C00405",2,1,1,"Hibernating / Lost","Core Small Outlets"
"C00406",2,3,5,"Can't Lose Them","Lapsing Key Accounts"
"C00407",1,1,1,"Hibernating / Lost","Lapsed Small Outlets"
"C00408",5,4,4,"Champions","Core Small Outlets"
"C00409",5,2,2,"Promising / New","Core Small Outlets"
"C00410",2,2,3,"Hibernating / Lost","Lapsed Small Outlets"
"C00411",4,4,3,"Champions","Core Small Outlets"
"C00412",3,3,3,"Loyal","Core Small Outlets"
"C00415",3,2,2,"Needs Attention","Core Small Outlets"
"C00416",3,1,1,"Needs Attention","Core Small Outlets"
"C00417",2,4,4,"Can't Lose Them","Lapsing Key Accounts"
"C00418",5,5,5,"Champions","Key Accounts"
"C00419",3,3,3,"Loyal","Core Small Outlets"
"C00420",1,1,2,"Hibernating / Lost","Lapsing Key Accounts"
"C00421",5,4,3,"Champions","Core Small Outlets"
"C00422",3,4,4,"Loyal","Core Small Outlets"
"C00423",3,3,4,"Loyal","Key Accounts"
"C00424",3,2,3,"Needs Attention","Core Small Outlets"
"C00425",2,2,1,"Hibernating / Lost","Lapsed Small Outlets"
"C00426",4,4,3,"Champions","Core Small Outlets"
"C00427",4,3,2,"Promising / New","Core Small Outlets"
"C00430",2,2,2,"Hibernating / Lost","Core Small Outlets"
"C00431",5,5,5,"Champions","Key Accounts"
"C00433",3,2,2,"Needs Attention","Core Small Outlets"
"C00434",5,2,3,"Promising / New","Core Small Outlets"
"C00435",2,2,2,"Hibernating / Lost","Core Small Outlets"
"C00436",1,3,3,"At Risk","Lapsed Small Outlets"
"C00437",5,4,4,"Champions","Core Small Outlets"
"C00438",5,4,3,"Champions","Core Small Outlets"
"C00439",3,4,3,"Loyal","Core Small Outlets"
"C00441",4,4,4,"Champions","Core Small Outlets"
"C00443",4,4,4,"Champions","Core Small Outlets"
"C00444",5,5,5,"Champions","Key Accounts"
"C00446",3,4,4,"Loyal","Core Small Outlets"
"C00447",3,4,4,"Loyal","Core Small Outlets"
"C00448",4,2,1,"Promising / New","Core Small Outlets"
"C00449",4,4,5,"Champions","Key Accounts"
"C00450",4,4,5,"Champions","Key Accounts"
"C00451",5,3,3,"Loyal","Core Small Outlets"
"C00452",1,1,2,"Hibernating / Lost","Lapsed Small Outlets"
"C00453",2,2,2,"Hibernating / Lost","Core Small Outlets"
"C00454",5,5,5,"Champions","Key Accounts"
"C00455",2,2,1,"Hibernating / Lost","Lapsed Small Outlets"
"C00457",1,1,2,"Hibernating / Lost","Lapsed Small Outlets"
"C00458",3,5,4,"Loyal","Core Small Outlets"
"C00459",2,1,2,"Hibernating / Lost","Lapsed Small Outlets"
"C00460",2,3,2,"Hibernating / Lost","Core Small Outlets"
"C00461",2,3,4,"Can't Lose Them","Core Small Outlets"
"C00462",5,5,5,"Champions","Key Accounts"
"C00463",1,3,4,"Can't Lose Them","Lapsed Small Outlets"
"C00464",5,5,5,"Champions","Key Accounts"
"C00465",2,4,3,"Can't Lose Them","Lapsed Small Outlets"
"C00466",3,4,3,"Loyal","Core Small Outlets"
"C00467",4,2,1,"Promising / New","Core Small Outlets"
"C00468",3,4,5,"Loyal","Key Accounts"
"C00469",5,3,3,"Loyal","Core Small Outlets"
"C00470",5,2,1,"Promising / New","Core Small Outlets"
"C00471",5,4,4,"Champions","Core Small Outlets"
"C00474",3,5,5,"Loyal","Core Small Outlets"
"C00475",5,3,2,"Promising / New","Core Small Outlets"
"C00477",3,4,4,"Loyal","Core Small Outlets"
"C00478",4,4,4,"Champions","Core Small Outlets"
"C00479",4,4,3,"Champions","Core Small Outlets"
"C00480",2,2,4,"At Risk","Lapsed Small Outlets"
"C00482",1,1,1,"Hibernating / Lost","Lapsed Small Outlets"
"C00483",2,3,2,"Hibernating / Lost","Core Small Outlets"
"C00484",5,4,5,"Champions","Key Accounts"
"C00485",2,1,1,"Hibernating / Lost","Core Small Outlets"
"C00486",2,2,2,"Hibernating / Lost","Lapsed Small Outlets"
"C00487",1,2,2,"Hibernating / Lost","Lapsed Small Outlets"
"C00488",3,5,5,"Loyal","Key Accounts"
"C00489",1,1,2,"Hibernating / Lost","Lapsed Small Outlets"
"C00490",2,3,3,"At Risk","Lapsed Small Outlets"
"C00491",2,5,5,"Can't Lose Them","Lapsing Key Accounts"
"C00492",5,5,5,"Champions","Key Accounts"
"C00493",4,4,4,"Champions","Core Small Outlets"
"C00494",5,4,5,"Champions","Key Accounts"
"C00495",1,2,3,"Hibernating / Lost","Lapsed Small Outlets"
"C00497",3,2,3,"Needs Attention","Core Small Outlets"
"C00499",1,1,1,"Hibernating / Lost","Lapsed Small Outlets"
"C00500",2,2,2,"Hibernating / Lost","Lapsed Small Outlets"
"C00501",5,3,3,"Loyal","Core Small Outlets"
"C00502",5,3,2,"Promising / New","Core Small Outlets"
"C00503",4,5,4,"Champions","Core Small Outlets"
"C00504",3,3,2,"Needs Attention","Core Small Outlets"
"C00505",2,3,2,"Hibernating / Lost","Core Small Outlets"
"C00506",2,4,2,"At Risk","Core Small Outlets"
"C00507",4,3,2,"Promising / New","Core Small Outlets"
"C00508",1,1,1,"Hibernating / Lost","Lapsed Small Outlets"
"C00509",1,1,1,"Hibernating / Lost","Lapsed Small Outlets"
"C00510",2,2,3,"Hibernating / Lost","Lapsed Small Outlets"
"C00511",1,1,1,"Hibernating / Lost","Lapsed Small Outlets"
"C00512",5,5,5,"Champions","Key Accounts"
"C00513",3,1,2,"Needs Attention","Core Small Outlets"
"C00515",5,5,5,"Champions","Key Accounts"
"C00516",5,2,2,"Promising / New","Core Small Outlets"
"C00517",5,5,5,"Champions","Key Accounts"
"C00518",4,5,5,"Champions","Key Accounts"
"C00519",5,4,4,"Champions","Key Accounts"
"C00520",3,3,2,"Needs Attention","Core Small Outlets"
"C00521",2,2,3,"Hibernating / Lost","Lapsed Small Outlets"
"C00523",3,3,2,"Needs Attention","Core Small Outlets"
"C00524",5,5,5,"Champions","Key Accounts"
"C00525",1,1,1,"Hibernating / Lost","Lapsed Small Outlets"
"C00526",5,4,5,"Champions","Key Accounts"
"C00527",2,2,1,"Hibernating / Lost","Core Small Outlets"
"C00528",3,4,3,"Loyal","Core Small Outlets"
"C00529",3,1,1,"Needs Attention","Core Small Outlets"
"C00530",3,3,3,"Loyal","Core Small Outlets"
"C00531",5,5,5,"Champions","Core Small Outlets"
"C00532",3,3,3,"Loyal","Core Small Outlets"
"C00533",3,3,2,"Needs Attention","Core Small Outlets"
"C00534",4,2,2,"Promising / New","Core Small Outlets"
"C00536",2,2,2,"Hibernating / Lost","Lapsed Small Outlets"
"C00537",3,2,3,"Needs Attention","Key Accounts"
"C00539",2,2,3,"Hibernating / Lost","Lapsed Small Outlets"
"C00541",4,5,5,"Champions","Key Accounts"
"C00542",2,2,3,"Hibernating / Lost","Core Small Outlets"
"C00544",1,1,1,"Hibernating / Lost","Lapsed Small Outlets"
"C00545",5,4,4,"Champions","Core Small Outlets"
"C00546",5,5,5,"Champions","Key Accounts"
"C00548",3,1,1,"Needs Attention","Core Small Outlets"
"C00549",2,3,4,"Can't Lose Them","Lapsing Key Accounts"
"C00550",1,1,1,"Hibernating / Lost","Lapsed Small Outlets"
"C00551",2,3,4,"Can't Lose Them","Lapsed Small Outlets"
"C00552",1,1,1,"Hibernating / Lost","Lapsed Small Outlets"
"C00553",4,4,3,"Champions","Core Small Outlets"
"C00554",1,2,4,"At Risk","Lapsing Key Accounts"
"C00555",4,5,5,"Champions","Key Accounts"
"C00557",5,5,5,"Champions","Key Accounts"
"C00558",5,4,4,"Champions","Core Small Outlets"
"C00559",5,5,5,"Champions","Key Accounts"
"C00560",3,5,5,"Loyal","Key Accounts"
"C00561",3,3,3,"Loyal","Core Small Outlets"
"C00562",2,2,2,"Hibernating / Lost","Lapsed Small Outlets"
"C00564",2,3,3,"At Risk","Lapsed Small Outlets"
"C00565",1,1,3,"Hibernating / Lost","Lapsed Small Outlets"
"C00566",2,2,4,"At Risk","Lapsing Key Accounts"
"C00567",3,1,1,"Needs Attention","Core Small Outlets"
"C00568",3,5,5,"Loyal","Key Accounts"
"C00569",1,2,4,"At Risk","Lapsing Key Accounts"
"C00570",5,2,2,"Promising / New","Core Small Outlets"
"C00572",2,4,4,"Can't Lose Them","Lapsed Small Outlets"
"C00573",2,1,3,"Hibernating / Lost","Lapsing Key Accounts"
"C00574",2,5,5,"Can't Lose Them","Lapsing Key Accounts"
"C00575",3,2,1,"Needs Attention","Core Small Outlets"
"C00576",4,3,2,"Promising / New","Core Small Outlets"
"C00577",1,4,5,"Can't Lose Them","Lapsing Key Accounts"
"C00578",1,1,1,"Hibernating / Lost","Lapsed Small Outlets"
"C00579",5,3,3,"Loyal","Core Small Outlets"
"C00580",5,4,4,"Champions","Core Small Outlets"
"C00581",5,5,5,"Champions","Key Accounts"
"C00582",1,1,1,"Hibernating / Lost","Lapsed Small Outlets"
"C00583",1,1,1,"Hibernating / Lost","Lapsed Small Outlets"
"C00584",4,5,5,"Champions","Key Accounts"
"C00586",5,5,5,"Champions","Key Accounts"
"C00587",3,2,2,"Needs Attention","Core Small Outlets"
"C00588",5,4,4,"Champions","Core Small Outlets"
"C00590",4,3,2,"Promising / New","Core Small Outlets"
"C00591",2,2,1,"Hibernating / Lost","Lapsed Small Outlets"
"C00592",5,5,5,"Champions","Key Accounts"
"C00593",4,4,3,"Champions","Core Small Outlets"
"C00595",2,1,1,"Hibernating / Lost","Lapsed Small Outlets"
"C00597",5,2,3,"Promising / New","Core Small Outlets"
"C00598",2,3,2,"Hibernating / Lost","Lapsed Small Outlets"
"C00599",4,5,4,"Champions","Core Small Outlets"
"C00600",4,4,3,"Champions","Core Small Outlets"
"C00601",4,5,5,"Champions","Key Accounts"
"C00602",2,1,1,"Hibernating / Lost","Lapsed Small Outlets"
"C00603",5,5,5,"Champions","Key Accounts"
"C00604",5,3,3,"Loyal","Core Small Outlets"
"C00606",5,5,5,"Champions","Key Accounts"
"C00609",5,5,5,"Champions","Key Accounts"
"C00610",3,5,5,"Loyal","Key Accounts"
"C00611",2,2,2,"Hibernating / Lost","Core Small Outlets"
"C00612",5,2,1,"Promising / New","Core Small Outlets"
"C00614",1,2,5,"Can't Lose Them","Lapsing Key Accounts"
"C00616",1,4,5,"Can't Lose Them","Lapsing Key Accounts"
"C00617",3,2,1,"Needs Attention","Core Small Outlets"
"C00618",1,1,2,"Hibernating / Lost","Lapsed Small Outlets"
"C00619",3,2,2,"Needs Attention","Core Small Outlets"
"C00621",2,3,4,"Can't Lose Them","Lapsing Key Accounts"
"C00622",1,2,4,"At Risk","Lapsed Small Outlets"
"C00624",1,1,1,"Hibernating / Lost","Lapsed Small Outlets"
"C00625",3,5,5,"Loyal","Core Small Outlets"
"C00626",4,4,4,"Champions","Core Small Outlets"
"C00627",3,5,4,"Loyal","Core Small Outlets"
"C00628",5,5,4,"Champions","Core Small Outlets"
"C00629",3,2,2,"Needs Attention","Core Small Outlets"
"C00630",5,2,2,"Promising / New","Core Small Outlets"
"C00631",1,1,1,"Hibernating / Lost","Lapsed Small Outlets"
"C00632",5,5,5,"Champions","Key Accounts"
"C00633",3,2,3,"Needs Attention","Core Small Outlets"
"C00634",4,4,5,"Champions","Key Accounts"
"C00636",1,1,1,"Hibernating / Lost","Lapsed Small Outlets"
"C00637",1,2,2,"Hibernating / Lost","Lapsed Small Outlets"
"C00638",4,3,3,"Loyal","Core Small Outlets"
"C00640",1,2,3,"Hibernating / Lost","Lapsed Small Outlets"
"C00641",5,4,4,"Champions","Core Small Outlets"
"C00642",5,3,2,"Promising / New","Core Small Outlets"
"C00643",2,2,2,"Hibernating / Lost","Lapsed Small Outlets"
"C00645",5,2,2,"Promising / New","Core Small Outlets"
"C00646",4,4,4,"Champions","Key Accounts"
"C00647",4,4,3,"Champions","Core Small Outlets"
"C00650",3,5,3,"Loyal","Core Small Outlets"
"C00652",2,2,2,"Hibernating / Lost","Core Small Outlets"
"C00653",5,5,5,"Champions","Key Accounts"
"C00654",1,1,1,"Hibernating / Lost","Lapsed Small Outlets"
"C00655",1,1,2,"Hibernating / Lost","Lapsed Small Outlets"
"C00656",2,3,2,"Hibernating / Lost","Core Small Outlets"
"C00657",3,4,4,"Loyal","Core Small Outlets"
"C00658",3,2,2,"Needs Attention","Core Small Outlets"
"C00660",4,3,3,"Loyal","Core Small Outlets"
"C00661",3,5,5,"Loyal","Key Accounts"
"C00663",3,5,5,"Loyal","Key Accounts"
"C00664",1,2,2,"Hibernating / Lost","Lapsed Small Outlets"
"C00666",3,1,1,"Needs Attention","Core Small Outlets"
"C00667",5,2,1,"Promising / New","Core Small Outlets"
"C00668",2,4,4,"Can't Lose Them","Lapsing Key Accounts"
"C00669",4,5,4,"Champions","Core Small Outlets"
"C00670",3,3,2,"Needs Attention","Core Small Outlets"
"C00671",4,5,4,"Champions","Core Small Outlets"
"C00672",3,4,4,"Loyal","Core Small Outlets"
"C00673",4,5,5,"Champions","Core Small Outlets"
"C00674",5,4,4,"Champions","Key Accounts"
"C00675",3,3,2,"Needs Attention","Core Small Outlets"
"C00677",4,3,2,"Promising / New","Core Small Outlets"
"C00678",1,1,1,"Hibernating / Lost","Lapsed Small Outlets"
"C00679",1,1,1,"Hibernating / Lost","Lapsed Small Outlets"
"C00680",2,2,1,"Hibernating / Lost","Core Small Outlets"
"C00682",5,5,5,"Champions","Key Accounts"
"C00683",4,4,4,"Champions","Core Small Outlets"
"C00684",5,3,4,"Champions","Key Accounts"
"C00685",2,5,5,"Can't Lose Them","Lapsing Key Accounts"
"C00686",2,2,2,"Hibernating / Lost","Lapsed Small Outlets"
"C00687",1,2,3,"Hibernating / Lost","Lapsed Small Outlets"
"C00688",5,5,4,"Champions","Core Small Outlets"
"C00689",5,5,5,"Champions","Key Accounts"
"C00692",4,4,5,"Champions","Key Accounts"
"C00693",1,1,3,"Hibernating / Lost","Lapsed Small Outlets"
"C00694",4,4,3,"Champions","Core Small Outlets"
"C00695",1,4,4,"Can't Lose Them","Lapsing Key Accounts"
"C00696",2,2,2,"Hibernating / Lost","Lapsed Small Outlets"
"C00697",3,1,2,"Needs Attention","Core Small Outlets"
"C00698",5,5,5,"Champions","Key Accounts"
"C00699",3,3,3,"Loyal","Core Small Outlets"
"C00700",1,1,3,"Hibernating / Lost","Lapsed Small Outlets"
"C00702",4,4,3,"Champions","Core Small Outlets"
"C00703",1,1,1,"Hibernating / Lost","Lapsed Small Outlets"
"C00704",2,2,2,"Hibernating / Lost","Lapsed Small Outlets"
"C00705",1,1,2,"Hibernating / Lost","Lapsed Small Outlets"
"C00707",2,3,2,"Hibernating / Lost","Lapsed Small Outlets"
"C00708",4,5,5,"Champions","Key Accounts"
"C00709",3,4,5,"Loyal","Key Accounts"
"C00710",1,1,1,"Hibernating / Lost","Lapsed Small Outlets"
"C00712",4,3,3,"Loyal","Core Small Outlets"
"C00714",1,1,1,"Hibernating / Lost","Lapsed Small Outlets"
"C00715",1,1,1,"Hibernating / Lost","Lapsed Small Outlets"
"C00716",4,5,5,"Champions","Key Accounts"
"C00717",2,3,3,"At Risk","Lapsed Small Outlets"
"C00718",3,5,5,"Loyal","Key Accounts"
"C00719",3,3,3,"Loyal","Core Small Outlets"
"C00721",3,2,3,"Needs Attention","Core Small Outlets"
"C00722",3,5,5,"Loyal","Key Accounts"
"C00723",5,3,3,"Loyal","Core Small Outlets"
"C00724",2,2,3,"Hibernating / Lost","Core Small Outlets"
"C00725",4,5,4,"Champions","Core Small Outlets"
"C00726",2,1,2,"Hibernating / Lost","Lapsed Small Outlets"
"C00727",3,4,3,"Loyal","Core Small Outlets"
"C00728",2,4,4,"Can't Lose Them","Core Small Outlets"
"C00729",5,5,5,"Champions","Key Accounts"
"C00730",3,5,5,"Loyal","Key Accounts"
"C00731",1,2,4,"At Risk","Lapsing Key Accounts"
"C00732",2,4,5,"Can't Lose Them","Lapsing Key Accounts"
"C00733",5,3,4,"Champions","Key Accounts"
"C00734",5,4,3,"Champions","Core Small Outlets"
"C00735",2,1,1,"Hibernating / Lost","Lapsed Small Outlets"
"C00736",5,3,3,"Loyal","Core Small Outlets"
"C00737",3,3,2,"Needs Attention","Core Small Outlets"
"C00738",3,4,5,"Loyal","Key Accounts"
"C00739",4,3,3,"Loyal","Core Small Outlets"
"C00740",4,3,3,"Loyal","Core Small Outlets"
"C00742",5,2,1,"Promising / New","Core Small Outlets"
"C00743",2,5,5,"Can't Lose Them","Lapsing Key Accounts"
"C00744",3,4,3,"Loyal","Core Small Outlets"
"C00747",3,3,3,"Loyal","Core Small Outlets"
"C00749",5,5,5,"Champions","Key Accounts"
"C00750",4,5,4,"Champions","Core Small Outlets"
"C00753",5,5,5,"Champions","Core Small Outlets"
"C00754",5,3,3,"Loyal","Core Small Outlets"
"C00755",4,2,1,"Promising / New","Core Small Outlets"
"C00757",4,3,3,"Loyal","Core Small Outlets"
"C00758",4,5,4,"Champions","Core Small Outlets"
"C00759",5,4,4,"Champions","Core Small Outlets"
"C00760",5,5,5,"Champions","Key Accounts"
"C00763",3,4,5,"Loyal","Key Accounts"
"C00766",4,5,5,"Champions","Key Accounts"
"C00767",3,4,3,"Loyal","Core Small Outlets"
"C00769",4,3,2,"Promising / New","Core Small Outlets"
"C00770",5,5,5,"Champions","Key Accounts"
"C00771",2,2,2,"Hibernating / Lost","Lapsed Small Outlets"
"C00773",3,2,4,"Loyal","Key Accounts"
"C00774",3,3,4,"Loyal","Key Accounts"
"C00775",3,3,2,"Needs Attention","Core Small Outlets"
"C00776",3,4,4,"Loyal","Key Accounts"
"C00777",4,4,4,"Champions","Core Small Outlets"
"C00778",4,5,5,"Champions","Key Accounts"
"C00779",5,3,4,"Champions","Core Small Outlets"
"C00781",5,5,5,"Champions","Key Accounts"
"C00782",2,3,4,"Can't Lose Them","Lapsed Small Outlets"
"C00783",3,4,4,"Loyal","Core Small Outlets"
"C00784",1,1,3,"Hibernating / Lost","Lapsing Key Accounts"
"C00785",3,2,1,"Needs Attention","Core Small Outlets"
"C00786",1,1,1,"Hibernating / Lost","Lapsed Small Outlets"
"C00787",1,1,1,"Hibernating / Lost","Lapsed Small Outlets"
"C00788",1,1,2,"Hibernating / Lost","Lapsed Small Outlets"
"C00790",5,5,5,"Champions","Key Accounts"
"C00791",1,3,3,"At Risk","Lapsed Small Outlets"
"C00792",3,5,5,"Loyal","Key Accounts"
"C00793",1,1,2,"Hibernating / Lost","Lapsed Small Outlets"
"C00795",5,4,4,"Champions","Core Small Outlets"
"C00796",2,1,2,"Hibernating / Lost","Core Small Outlets"
"C00797",2,1,1,"Hibernating / Lost","Core Small Outlets"
"C00800",2,2,2,"Hibernating / Lost","Core Small Outlets"
"C00801",3,3,3,"Loyal","Core Small Outlets"
"C00802",5,5,5,"Champions","Key Accounts"
"C00803",2,2,3,"Hibernating / Lost","Lapsed Small Outlets"
"C00805",4,5,4,"Champions","Core Small Outlets"
"C00806",1,2,1,"Hibernating / Lost","Lapsed Small Outlets"
"C00807",5,5,5,"Champions","Core Small Outlets"
"C00809",4,3,2,"Promising / New","Core Small Outlets"
"C00812",5,4,4,"Champions","Core Small Outlets"
"C00813",5,5,5,"Champions","Core Small Outlets"
"C00815",1,1,1,"Hibernating / Lost","Lapsed Small Outlets"
"C00816",2,2,2,"Hibernating / Lost","Lapsed Small Outlets"
"C00817",1,2,4,"At Risk","Lapsed Small Outlets"
"C00818",4,4,4,"Champions","Core Small Outlets"
"C00820",1,1,1,"Hibernating / Lost","Lapsed Small Outlets"
"C00821",4,4,3,"Champions","Core Small Outlets"
"C00822",3,4,4,"Loyal","Core Small Outlets"
"C00823",2,1,1,"Hibernating / Lost","Lapsed Small Outlets"
"C00826",5,5,5,"Champions","Key Accounts"
"C00827",2,2,2,"Hibernating / Lost","Core Small Outlets"
"C00828",3,4,5,"Loyal","Key Accounts"
"C00829",1,1,1,"Hibernating / Lost","Lapsed Small Outlets"
"C00830",2,4,3,"Can't Lose Them","Lapsed Small Outlets"
"C00831",1,1,1,"Hibernating / Lost","Lapsed Small Outlets"
"C00832",5,3,3,"Loyal","Core Small Outlets"
"C00834",5,5,5,"Champions","Core Small Outlets"
"C00835",2,2,2,"Hibernating / Lost","Core Small Outlets"
"C00836",2,3,2,"Hibernating / Lost","Lapsed Small Outlets"
"C00837",2,4,4,"Can't Lose Them","Lapsing Key Accounts"
"C00839",4,4,5,"Champions","Key Accounts"
"C00840",4,4,5,"Champions","Key Accounts"
"C00844",1,1,1,"Hibernating / Lost","Lapsed Small Outlets"
"C00845",5,4,5,"Champions","Key Accounts"
"C00846",5,4,4,"Champions","Core Small Outlets"
"C00847",5,5,5,"Champions","Key Accounts"
"C00851",5,3,3,"Loyal","Core Small Outlets"
"C00852",4,5,4,"Champions","Core Small Outlets"
"C00853",2,3,2,"Hibernating / Lost","Lapsed Small Outlets"
"C00854",4,2,2,"Promising / New","Core Small Outlets"
"C00856",4,5,5,"Champions","Key Accounts"
"C00857",1,2,3,"Hibernating / Lost","Lapsed Small Outlets"
"C00858",3,4,4,"Loyal","Core Small Outlets"
"C00859",2,1,1,"Hibernating / Lost","Lapsed Small Outlets"
"C00861",5,5,5,"Champions","Key Accounts"
"C00862",4,3,4,"Champions","Key Accounts"
"C00863",4,4,3,"Champions","Core Small Outlets"
"C00864",3,5,5,"Loyal","Key Accounts"
"C00865",4,5,5,"Champions","Core Small Outlets"
"C00866",3,2,2,"Needs Attention","Core Small Outlets"
"C00867",2,3,3,"At Risk","Core Small Outlets"
"C00868",4,3,2,"Promising / New","Core Small Outlets"
"C00869",3,2,2,"Needs Attention","Core Small Outlets"
"C00872",2,2,5,"Can't Lose Them","Lapsing Key Accounts"
"C00873",4,5,5,"Champions","Key Accounts"
"C00874",2,2,1,"Hibernating / Lost","Core Small Outlets"
"C00876",3,3,4,"Loyal","Key Accounts"
"C00877",2,1,1,"Hibernating / Lost","Lapsed Small Outlets"
"C00878",2,4,4,"Can't Lose Them","Lapsing Key Accounts"
"C00879",2,2,2,"Hibernating / Lost","Core Small Outlets"
"C00881",1,1,1,"Hibernating / Lost","Lapsed Small Outlets"
"C00882",5,5,5,"Champions","Key Accounts"
"C00883",1,1,2,"Hibernating / Lost","Lapsed Small Outlets"
"C00884",1,1,1,"Hibernating / Lost","Lapsed Small Outlets"
"C00885",3,3,3,"Loyal","Core Small Outlets"
"C00886",2,1,1,"Hibernating / Lost","Lapsed Small Outlets"
"C00887",3,5,4,"Loyal","Core Small Outlets"
"C00890",2,4,5,"Can't Lose Them","Lapsing Key Accounts"
"C00891",2,2,1,"Hibernating / Lost","Lapsed Small Outlets"
"C00892",1,2,4,"At Risk","Lapsing Key Accounts"
"C00893",3,3,2,"Needs Attention","Core Small Outlets"
"C00895",3,2,2,"Needs Attention","Core Small Outlets"
"C00896",4,4,4,"Champions","Core Small Outlets"
"C00897",3,3,3,"Loyal","Core Small Outlets"
"C00898",5,5,5,"Champions","Key Accounts"
"C00899",5,5,5,"Champions","Key Accounts"
"C00900",5,3,4,"Champions","Core Small Outlets"
"C00901",1,1,4,"Hibernating / Lost","Lapsing Key Accounts"
"C00902",2,3,3,"At Risk","Lapsed Small Outlets"
"C00903",1,2,3,"Hibernating / Lost","Lapsed Small Outlets"
"C00905",2,2,2,"Hibernating / Lost","Lapsed Small Outlets"
"C00906",4,2,2,"Promising / New","Core Small Outlets"
"C00908",2,3,3,"At Risk","Core Small Outlets"
"C00910",5,1,1,"Promising / New","Core Small Outlets"
"C00911",2,3,2,"Hibernating / Lost","Core Small Outlets"
"C00912",4,3,2,"Promising / New","Core Small Outlets"
"C00914",4,5,4,"Champions","Core Small Outlets"
"C00916",1,1,1,"Hibernating / Lost","Lapsed Small Outlets"
"C00919",1,1,1,"Hibernating / Lost","Lapsing Key Accounts"
"C00920",1,1,2,"Hibernating / Lost","Lapsed Small Outlets"
"C00921",3,2,2,"Needs Attention","Core Small Outlets"
"C00922",2,3,4,"Can't Lose Them","Lapsing Key Accounts"
"C00923",3,4,4,"Loyal","Core Small Outlets"
"C00924",1,1,2,"Hibernating / Lost","Lapsed Small Outlets"
"C00925",4,5,5,"Champions","Key Accounts"
"C00926",3,5,5,"Loyal","Key Accounts"
"C00927",1,2,2,"Hibernating / Lost","Lapsed Small Outlets"
"C00928",1,1,1,"Hibernating / Lost","Lapsed Small Outlets"
"C00929",4,5,5,"Champions","Key Accounts"
"C00930",1,1,1,"Hibernating / Lost","Lapsed Small Outlets"
"C00931",1,2,2,"Hibernating / Lost","Lapsed Small Outlets"
"C00932",2,4,5,"Can't Lose Them","Lapsing Key Accounts"
"C00934",4,4,4,"Champions","Core Small Outlets"
"C00935",5,4,4,"Champions","Core Small Outlets"
"C00936",2,1,2,"Hibernating / Lost","Lapsed Small Outlets"
"C00937",2,1,1,"Hibernating / Lost","Lapsed Small Outlets"
"C00938",1,1,2,"Hibernating / Lost","Lapsed Small Outlets"
"C00940",3,2,2,"Needs Attention","Core Small Outlets"
"C00941",3,3,4,"Loyal","Key Accounts"
"C00943",5,4,5,"Champions","Key Accounts"
"C00944",5,2,2,"Promising / New","Core Small Outlets"
"C00946",5,5,4,"Champions","Core Small Outlets"
"C00947",4,2,2,"Promising / New","Core Small Outlets"
"C00948",1,1,1,"Hibernating / Lost","Lapsed Small Outlets"
"C00949",1,1,1,"Hibernating / Lost","Lapsed Small Outlets"
"C00950",1,1,1,"Hibernating / Lost","Lapsed Small Outlets"
"C00951",3,2,1,"Needs Attention","Core Small Outlets"
"C00952",2,1,1,"Hibernating / Lost","Lapsed Small Outlets"
"C00954",5,5,5,"Champions","Key Accounts"
"C00956",1,1,1,"Hibernating / Lost","Lapsed Small Outlets"
"C00958",4,4,4,"Champions","Core Small Outlets"
"C00960",1,1,1,"Hibernating / Lost","Lapsed Small Outlets"
"C00961",4,5,5,"Champions","Core Small Outlets"
"C00962",3,2,1,"Needs Attention","Core Small Outlets"
"C00963",3,2,1,"Needs Attention","Core Small Outlets"
"C00964",2,2,2,"Hibernating / Lost","Lapsed Small Outlets"
"C00965",1,2,3,"Hibernating / Lost","Lapsed Small Outlets"
"C00966",3,3,3,"Loyal","Core Small Outlets"
"C00967",5,5,5,"Champions","Key Accounts"
"C00968",5,3,3,"Loyal","Core Small Outlets"
"C00969",2,1,1,"Hibernating / Lost","Lapsed Small Outlets"
"C00970",3,4,4,"Loyal","Core Small Outlets"
"C00971",5,4,3,"Champions","Core Small Outlets"
"C00972",1,1,1,"Hibernating / Lost","Lapsed Small Outlets"
"C00973",3,3,4,"Loyal","Core Small Outlets"
"C00974",2,2,2,"Hibernating / Lost","Core Small Outlets"
"C00975",5,5,5,"Champions","Key Accounts"
"C00976",3,3,2,"Needs Attention","Lapsed Small Outlets"
"C00977",2,3,3,"At Risk","Lapsed Small Outlets"
"C00978",1,1,1,"Hibernating / Lost","Lapsed Small Outlets"
"C00980",1,1,3,"Hibernating / Lost","Lapsing Key Accounts"
"C00981",4,3,3,"Loyal","Core Small Outlets"
"C00982",1,2,4,"At Risk","Lapsing Key Accounts"
"C00983",3,4,5,"Loyal","Key Accounts"
"C00984",4,3,2,"Promising / New","Core Small Outlets"
"C00986",3,4,4,"Loyal","Core Small Outlets"
"C00988",4,4,3,"Champions","Core Small Outlets"
"C00989",4,2,1,"Promising / New","Core Small Outlets"
"C00990",4,5,5,"Champions","Key Accounts"
"C00991",1,1,1,"Hibernating / Lost","Lapsed Small Outlets"
"C00993",5,5,5,"Champions","Core Small Outlets"
"C00996",4,3,5,"Champions","Key Accounts"
"C00999",3,2,1,"Needs Attention","Core Small Outlets"
"C01000",1,1,1,"Hibernating / Lost","Lapsed Small Outlets"
"C01001",5,4,4,"Champions","Core Small Outlets"
"C01002",3,1,1,"Needs Attention","Core Small Outlets"
"C01003",3,3,3,"Loyal","Core Small Outlets"
"C01004",3,4,4,"Loyal","Key Accounts"
"C01005",4,3,3,"Loyal","Core Small Outlets"
"C01006",4,5,4,"Champions","Core Small Outlets"
"C01008",2,2,2,"Hibernating / Lost","Lapsed Small Outlets"
"C01009",4,4,4,"Champions","Core Small Outlets"
"C01010",1,1,1,"Hibernating / Lost","Lapsed Small Outlets"
"C01011",5,3,4,"Champions","Core Small Outlets"
"C01012",3,2,2,"Needs Attention","Core Small Outlets"
"C01014",5,4,4,"Champions","Core Small Outlets"
"C01015",4,2,2,"Promising / New","Core Small Outlets"
"C01016",5,3,4,"Champions","Key Accounts"
"C01017",1,2,4,"At Risk","Lapsing Key Accounts"
"C01018",3,1,1,"Needs Attention","Core Small Outlets"
"C01019",5,5,5,"Champions","Key Accounts"
"C01020",1,2,2,"Hibernating / Lost","Lapsed Small Outlets"
"C01021",5,3,3,"Loyal","Core Small Outlets"
"C01022",1,2,3,"Hibernating / Lost","Lapsed Small Outlets"
"C01023",1,1,1,"Hibernating / Lost","Lapsed Small Outlets"
"C01024",5,5,5,"Champions","Key Accounts"
"C01025",4,3,3,"Loyal","Core Small Outlets"
"C01026",2,3,2,"Hibernating / Lost","Lapsed Small Outlets"
"C01027",1,1,3,"Hibernating / Lost","Lapsing Key Accounts"
"C01028",5,5,4,"Champions","Core Small Outlets"
"C01029",1,1,1,"Hibernating / Lost","Lapsed Small Outlets"
"C01032",2,4,5,"Can't Lose Them","Lapsing Key Accounts"
"C01034",4,5,5,"Champions","Key Accounts"
"C01036",4,4,4,"Champions","Core Small Outlets"
"C01037",4,5,4,"Champions","Core Small Outlets"
"C01038",3,4,3,"Loyal","Core Small Outlets"
"C01040",1,2,2,"Hibernating / Lost","Lapsed Small Outlets"
"C01041",4,4,4,"Champions","Core Small Outlets"
"C01042",3,3,4,"Loyal","Key Accounts"
"C01043",4,4,5,"Champions","Key Accounts"
"C01044",1,1,2,"Hibernating / Lost","Lapsed Small Outlets"
"C01045",4,2,2,"Promising / New","Core Small Outlets"
"C01046",2,1,1,"Hibernating / Lost","Lapsed Small Outlets"
"C01047",4,5,5,"Champions","Key Accounts"
"C01048",2,1,1,"Hibernating / Lost","Lapsed Small Outlets"
"C01049",2,1,1,"Hibernating / Lost","Lapsed Small Outlets"
"C01050",1,2,3,"Hibernating / Lost","Lapsed Small Outlets"
"C01051",4,4,3,"Champions","Core Small Outlets"
"C01052",2,2,2,"Hibernating / Lost","Lapsed Small Outlets"
"C01053",1,1,1,"Hibernating / Lost","Lapsed Small Outlets"
"C01054",5,4,4,"Champions","Key Accounts"
"C01055",2,1,1,"Hibernating / Lost","Lapsed Small Outlets"
"C01056",2,3,3,"At Risk","Lapsed Small Outlets"
"C01057",5,5,5,"Champions","Key Accounts"
"C01058",4,3,4,"Champions","Key Accounts"
"C01059",1,2,2,"Hibernating / Lost","Lapsed Small Outlets"
"C01060",3,3,3,"Loyal","Core Small Outlets"
"C01062",1,3,4,"Can't Lose Them","Lapsing Key Accounts"
"C01063",5,4,5,"Champions","Key Accounts"
"C01064",1,1,1,"Hibernating / Lost","Lapsed Small Outlets"
"C01065",4,5,5,"Champions","Key Accounts"
"C01066",1,1,1,"Hibernating / Lost","Lapsed Small Outlets"
"C01067",4,3,2,"Promising / New","Core Small Outlets"
"C01068",4,3,3,"Loyal","Core Small Outlets"
"C01069",2,2,2,"Hibernating / Lost","Core Small Outlets"
"C01070",1,2,4,"At Risk","Lapsing Key Accounts"
"C01071",5,4,3,"Champions","Core Small Outlets"
"C01073",2,2,2,"Hibernating / Lost","Core Small Outlets"
"C01074",4,4,4,"Champions","Core Small Outlets"
"C01075",5,5,4,"Champions","Core Small Outlets"
"C01077",1,1,1,"Hibernating / Lost","Lapsed Small Outlets"
"C01080",5,4,3,"Champions","Core Small Outlets"
"C01082",2,3,3,"At Risk","Core Small Outlets"
"C01083",5,5,5,"Champions","Key Accounts"
"C01084",5,4,3,"Champions","Core Small Outlets"
"C01086",3,4,5,"Loyal","Key Accounts"
"C01087",4,3,3,"Loyal","Core Small Outlets"
"C01088",4,4,2,"Loyal","Core Small Outlets"
"C01091",4,4,4,"Champions","Core Small Outlets"
"C01093",1,1,1,"Hibernating / Lost","Lapsed Small Outlets"
"C01094",2,1,1,"Hibernating / Lost","Core Small Outlets"
"C01097",4,5,5,"Champions","Core Small Outlets"
"C01098",5,4,3,"Champions","Core Small Outlets"
"C01100",3,4,3,"Loyal","Core Small Outlets"
"C01102",3,5,4,"Loyal","Core Small Outlets"
"C01103",1,1,1,"Hibernating / Lost","Lapsed Small Outlets"
"C01104",5,4,4,"Champions","Core Small Outlets"
"C01106",3,5,5,"Loyal","Key Accounts"
"C01107",1,1,1,"Hibernating / Lost","Lapsed Small Outlets"
"C01108",1,2,2,"Hibernating / Lost","Lapsed Small Outlets"
"C01109",4,5,5,"Champions","Key Accounts"
"C01110",5,2,1,"Promising / New","Core Small Outlets"
"C01112",3,4,4,"Loyal","Core Small Outlets"
"C01113",5,5,5,"Champions","Key Accounts"
"C01114",4,4,5,"Champions","Key Accounts"
"C01115",3,3,3,"Loyal","Core Small Outlets"
"C01116",2,2,1,"Hibernating / Lost","Lapsed Small Outlets"
"C01117",3,3,2,"Needs Attention","Core Small Outlets"
"C01119",4,2,4,"Loyal","Key Accounts"
"C01120",3,3,4,"Loyal","Key Accounts"
"C01121",5,4,5,"Champions","Key Accounts"
"C01122",5,3,2,"Promising / New","Core Small Outlets"
"C01123",1,1,1,"Hibernating / Lost","Lapsed Small Outlets"
"C01124",2,3,3,"At Risk","Lapsed Small Outlets"
"C01126",1,1,1,"Hibernating / Lost","Lapsed Small Outlets"
"C01127",3,4,4,"Loyal","Key Accounts"
"C01129",3,2,4,"Loyal","Key Accounts"
"C01130",5,5,5,"Champions","Key Accounts"
"C01131",2,2,3,"Hibernating / Lost","Lapsed Small Outlets"
"C01133",4,5,5,"Champions","Key Accounts"
"C01134",5,3,3,"Loyal","Core Small Outlets"
"C01135",3,3,3,"Loyal","Core Small Outlets"
"C01136",5,5,4,"Champions","Core Small Outlets"
"C01137",5,5,5,"Champions","Key Accounts"
"C01138",5,5,5,"Champions","Key Accounts"
"C01139",5,5,5,"Champions","Key Accounts"
"C01143",4,3,2,"Promising / New","Core Small Outlets"
"C01144",3,4,3,"Loyal","Core Small Outlets"
"C01145",5,5,4,"Champions","Core Small Outlets"
"C01146",3,3,5,"Loyal","Key Accounts"
"C01147",4,2,2,"Promising / New","Core Small Outlets"
"C01148",1,2,2,"Hibernating / Lost","Lapsed Small Outlets"
"C01149",3,3,2,"Needs Attention","Core Small Outlets"
"C01150",4,5,4,"Champions","Core Small Outlets"
"C01151",2,3,2,"Hibernating / Lost","Core Small Outlets"
"C01152",3,5,5,"Loyal","Key Accounts"
"C01153",3,4,5,"Loyal","Key Accounts"
"C01154",4,4,3,"Champions","Core Small Outlets"
"C01155",3,4,5,"Loyal","Key Accounts"
"C01158",2,4,4,"Can't Lose Them","Lapsing Key Accounts"
"C01159",1,1,1,"Hibernating / Lost","Lapsed Small Outlets"
"C01160",1,1,1,"Hibernating / Lost","Lapsed Small Outlets"
"C01161",3,3,2,"Needs Attention","Core Small Outlets"
"C01162",2,3,2,"Hibernating / Lost","Core Small Outlets"
"C01163",2,2,2,"Hibernating / Lost","Lapsed Small Outlets"
"C01164",2,2,1,"Hibernating / Lost","Lapsed Small Outlets"
"C01165",3,1,1,"Needs Attention","Core Small Outlets"
"C01166",4,2,2,"Promising / New","Core Small Outlets"
"C01167",4,4,3,"Champions","Core Small Outlets"
"C01168",2,2,2,"Hibernating / Lost","Core Small Outlets"
"C01169",3,1,1,"Needs Attention","Core Small Outlets"
"C01170",4,4,5,"Champions","Key Accounts"
"C01171",5,5,5,"Champions","Key Accounts"
"C01172",4,5,5,"Champions","Key Accounts"
"C01173",5,3,3,"Loyal","Core Small Outlets"
"C01174",2,3,2,"Hibernating / Lost","Core Small Outlets"
"C01175",2,2,5,"Can't Lose Them","Lapsing Key Accounts"
"C01176",1,1,1,"Hibernating / Lost","Lapsed Small Outlets"
"C01178",5,5,5,"Champions","Key Accounts"
"C01179",3,2,1,"Needs Attention","Core Small Outlets"
"C01180",1,1,1,"Hibernating / Lost","Lapsed Small Outlets"
"C01181",2,2,1,"Hibernating / Lost","Core Small Outlets"
"C01182",2,1,1,"Hibernating / Lost","Core Small Outlets"
"C01184",3,4,5,"Loyal","Key Accounts"
"C01186",1,1,1,"Hibernating / Lost","Lapsed Small Outlets"
"C01187",3,4,4,"Loyal","Core Small Outlets"
"C01188",5,5,5,"Champions","Core Small Outlets"
"C01189",3,4,5,"Loyal","Key Accounts"
"C01190",2,1,1,"Hibernating / Lost","Lapsed Small Outlets"
"C01191",1,1,1,"Hibernating / Lost","Lapsed Small Outlets"
"C01192",1,1,1,"Hibernating / Lost","Lapsed Small Outlets"
"C01193",4,4,3,"Champions","Core Small Outlets"
"C01194",1,1,1,"Hibernating / Lost","Lapsed Small Outlets"
"C01195",1,2,2,"Hibernating / Lost","Lapsed Small Outlets"
"C01196",1,1,1,"Hibernating / Lost","Lapsed Small Outlets"
"C01197",2,1,1,"Hibernating / Lost","Lapsed Small Outlets"
"C01198",2,3,3,"At Risk","Lapsed Small Outlets"
"C01199",3,4,3,"Loyal","Core Small Outlets"
"C01200",2,1,1,"Hibernating / Lost","Lapsed Small Outlets"
"C01201",1,1,1,"Hibernating / Lost","Lapsed Small Outlets"
"C01202",4,2,2,"Promising / New","Core Small Outlets"
"C01203",3,2,2,"Needs Attention","Core Small Outlets"
"C01204",5,5,5,"Champions","Key Accounts"
"C01205",2,2,1,"Hibernating / Lost","Lapsed Small Outlets"
"C01207",3,2,2,"Needs Attention","Core Small Outlets"
"C01209",2,3,2,"Hibernating / Lost","Lapsed Small Outlets"
"C01210",5,4,5,"Champions","Key Accounts"
"C01211",5,4,4,"Champions","Core Small Outlets"
"C01212",5,3,3,"Loyal","Core Small Outlets"
"C01213",4,3,4,"Champions","Key Accounts"
"C01215",1,1,2,"Hibernating / Lost","Lapsed Small Outlets"
"C01217",1,1,1,"Hibernating / Lost","Lapsed Small Outlets"
"C01218",1,2,2,"Hibernating / Lost","Lapsed Small Outlets"
"C01219",4,2,2,"Promising / New","Core Small Outlets"
"C01220",2,1,1,"Hibernating / Lost","Lapsed Small Outlets"
"C01221",4,4,4,"Champions","Core Small Outlets"
"C01222",4,4,4,"Champions","Core Small Outlets"
"C01225",5,4,5,"Champions","Key Accounts"
"C01226",5,5,5,"Champions","Key Accounts"
"C01228",1,2,2,"Hibernating / Lost","Lapsed Small Outlets"
"C01229",3,3,4,"Loyal","Core Small Outlets"
"C01230",3,3,3,"Loyal","Core Small Outlets"
"C01231",2,4,4,"Can't Lose Them","Lapsing Key Accounts"
"C01232",1,1,1,"Hibernating / Lost","Lapsed Small Outlets"
"C01233",2,2,2,"Hibernating / Lost","Lapsed Small Outlets"
"C01234",4,5,4,"Champions","Core Small Outlets"
"C01235",4,2,2,"Promising / New","Core Small Outlets"
"C01236",3,2,1,"Needs Attention","Core Small Outlets"
"C01237",2,1,3,"Hibernating / Lost","Lapsing Key Accounts"
"C01238",4,3,3,"Loyal","Core Small Outlets"
"C01239",4,2,2,"Promising / New","Core Small Outlets"
"C01240",4,5,5,"Champions","Key Accounts"
"C01241",4,2,2,"Promising / New","Core Small Outlets"
"C01242",1,1,1,"Hibernating / Lost","Lapsed Small Outlets"
"C01243",4,2,3,"Promising / New","Core Small Outlets"
"C01244",2,1,3,"Hibernating / Lost","Lapsing Key Accounts"
"C01246",5,5,4,"Champions","Core Small Outlets"
"C01247",5,5,5,"Champions","Key Accounts"
"C01248",3,4,4,"Loyal","Core Small Outlets"
"C01249",5,5,5,"Champions","Core Small Outlets"
"C01250",5,4,4,"Champions","Core Small Outlets"
"C01251",4,5,5,"Champions","Key Accounts"
"C01252",3,3,3,"Loyal","Core Small Outlets"
"C01254",1,1,3,"Hibernating / Lost","Lapsing Key Accounts"
"C01255",2,1,1,"Hibernating / Lost","Core Small Outlets"
"C01256",1,1,1,"Hibernating / Lost","Lapsed Small Outlets"
"C01257",4,5,5,"Champions","Key Accounts"
"C01258",2,4,3,"Can't Lose Them","Core Small Outlets"
"C01259",3,4,4,"Loyal","Key Accounts"
"C01260",3,4,5,"Loyal","Key Accounts"
"C01261",1,1,1,"Hibernating / Lost","Lapsed Small Outlets"
"C01262",4,3,4,"Champions","Key Accounts"
"C01264",2,1,1,"Hibernating / Lost","Lapsed Small Outlets"
"C01265",1,1,1,"Hibernating / Lost","Lapsed Small Outlets"
"C01266",5,4,3,"Champions","Core Small Outlets"
"C01267",2,3,3,"At Risk","Lapsed Small Outlets"
"C01268",5,4,3,"Champions","Core Small Outlets"
"C01269",4,2,3,"Promising / New","Core Small Outlets"
"C01270",3,3,2,"Needs Attention","Core Small Outlets"
"C01271",5,5,5,"Champions","Key Accounts"
"C01272",4,1,1,"Promising / New","Core Small Outlets"
"C01273",1,1,1,"Hibernating / Lost","Lapsed Small Outlets"
"C01274",2,1,1,"Hibernating / Lost","Lapsed Small Outlets"
"C01275",4,4,4,"Champions","Core Small Outlets"
"C01277",3,2,2,"Needs Attention","Core Small Outlets"
"C01278",2,1,1,"Hibernating / Lost","Core Small Outlets"
"C01279",4,5,5,"Champions","Core Small Outlets"
"C01280",3,5,5,"Loyal","Key Accounts"
"C01281",3,3,3,"Loyal","Core Small Outlets"
"C01282",4,5,5,"Champions","Key Accounts"
"C01283",2,4,4,"Can't Lose Them","Lapsing Key Accounts"
"C01285",2,2,3,"Hibernating / Lost","Lapsed Small Outlets"
"C01286",3,2,3,"Needs Attention","Core Small Outlets"
"C01287",1,2,3,"Hibernating / Lost","Lapsing Key Accounts"
"C01288",1,1,1,"Hibernating / Lost","Lapsed Small Outlets"
"C01289",5,5,4,"Champions","Core Small Outlets"
"C01290",1,1,1,"Hibernating / Lost","Lapsed Small Outlets"
"C01291",4,5,4,"Champions","Core Small Outlets"
"C01292",1,2,2,"Hibernating / Lost","Lapsed Small Outlets"
"C01294",4,4,4,"Champions","Core Small Outlets"
"C01295",2,3,4,"Can't Lose Them","Lapsing Key Accounts"
"C01296",4,4,5,"Champions","Key Accounts"
"C01297",4,3,2,"Promising / New","Core Small Outlets"
"C01298",5,5,4,"Champions","Core Small Outlets"
"C01299",4,3,4,"Champions","Key Accounts"
"C01300",4,4,3,"Champions","Core Small Outlets"
"C01301",4,4,4,"Champions","Core Small Outlets"
"C01302",5,4,4,"Champions","Core Small Outlets"
"C01303",1,1,1,"Hibernating / Lost","Lapsed Small Outlets"
"C01304",4,4,4,"Champions","Core Small Outlets"
"C01305",3,3,3,"Loyal","Core Small Outlets"
"C01307",1,1,1,"Hibernating / Lost","Lapsed Small Outlets"
"C01308",3,4,3,"Loyal","Core Small Outlets"
"C01309",2,3,3,"At Risk","Lapsed Small Outlets"
"C01310",4,1,1,"Promising / New","Core Small Outlets"
"C01311",5,5,4,"Champions","Core Small Outlets"
"C01312",4,3,3,"Loyal","Core Small Outlets"
"C01313",1,1,2,"Hibernating / Lost","Lapsing Key Accounts"
"C01314",3,3,2,"Needs Attention","Core Small Outlets"
"C01317",3,3,2,"Needs Attention","Core Small Outlets"
"C01318",2,3,4,"Can't Lose Them","Lapsing Key Accounts"
"C01320",2,4,4,"Can't Lose Them","Lapsing Key Accounts"
"C01321",5,2,1,"Promising / New","Core Small Outlets"
"C01322",1,1,1,"Hibernating / Lost","Lapsed Small Outlets"
"C01324",1,3,4,"Can't Lose Them","Lapsing Key Accounts"
"C01325",5,5,4,"Champions","Core Small Outlets"
"C01326",2,2,4,"At Risk","Lapsing Key Accounts"
"C01327",3,3,2,"Needs Attention","Core Small Outlets"
"C01328",2,2,1,"Hibernating / Lost","Core Small Outlets"
"C01329",5,5,5,"Champions","Key Accounts"
"C01330",2,2,2,"Hibernating / Lost","Lapsed Small Outlets"
"C01331",1,1,2,"Hibernating / Lost","Lapsed Small Outlets"
"C01332",4,4,4,"Champions","Core Small Outlets"
"C01336",4,4,4,"Champions","Key Accounts"
"C01337",1,2,4,"At Risk","Lapsing Key Accounts"
"C01338",4,5,5,"Champions","Key Accounts"
"C01339",1,1,1,"Hibernating / Lost","Lapsed Small Outlets"
"C01341",1,2,2,"Hibernating / Lost","Lapsed Small Outlets"
"C01342",1,1,1,"Hibernating / Lost","Lapsed Small Outlets"
"C01343",4,3,2,"Promising / New","Core Small Outlets"
"C01344",4,2,1,"Promising / New","Core Small Outlets"
"C01345",4,5,5,"Champions","Key Accounts"
"C01346",4,5,5,"Champions","Key Accounts"
"C01347",5,1,1,"Promising / New","Core Small Outlets"
"C01348",2,3,3,"At Risk","Lapsed Small Outlets"
"C01350",4,3,2,"Promising / New","Core Small Outlets"
"C01352",4,1,1,"Promising / New","Core Small Outlets"
"C01353",4,4,3,"Champions","Core Small Outlets"
"C01354",3,4,3,"Loyal","Core Small Outlets"
"C01355",3,1,1,"Needs Attention","Core Small Outlets"
"C01357",2,3,3,"At Risk","Lapsed Small Outlets"
"C01358",3,2,1,"Needs Attention","Core Small Outlets"
"C01359",3,2,3,"Needs Attention","Core Small Outlets"
"C01361",4,5,5,"Champions","Core Small Outlets"
"C01364",4,4,4,"Champions","Core Small Outlets"
"C01366",5,5,4,"Champions","Core Small Outlets"
"C01367",4,2,1,"Promising / New","Core Small Outlets"
"C01368",3,3,2,"Needs Attention","Core Small Outlets"
"C01370",1,1,1,"Hibernating / Lost","Lapsed Small Outlets"
"C01371",3,5,4,"Loyal","Core Small Outlets"
"C01372",4,2,3,"Promising / New","Core Small Outlets"
"C01373",1,2,2,"Hibernating / Lost","Lapsed Small Outlets"
"C01374",5,4,5,"Champions","Key Accounts"
"C01375",4,2,1,"Promising / New","Core Small Outlets"
"C01376",3,4,4,"Loyal","Core Small Outlets"
"C01377",1,1,3,"Hibernating / Lost","Lapsing Key Accounts"
"C01378",4,2,3,"Promising / New","Core Small Outlets"
"C01379",4,2,1,"Promising / New","Core Small Outlets"
"C01381",2,2,2,"Hibernating / Lost","Lapsed Small Outlets"
"C01382",5,2,2,"Promising / New","Core Small Outlets"
"C01383",2,2,3,"Hibernating / Lost","Lapsed Small Outlets"
"C01385",3,2,2,"Needs Attention","Core Small Outlets"
"C01386",3,3,3,"Loyal","Core Small Outlets"
"C01388",2,2,4,"At Risk","Lapsing Key Accounts"
"C01390",5,5,5,"Champions","Key Accounts"
"C01391",5,5,4,"Champions","Core Small Outlets"
"C01392",2,4,5,"Can't Lose Them","Lapsing Key Accounts"
"C01393",3,2,2,"Needs Attention","Core Small Outlets"
"C01394",2,2,2,"Hibernating / Lost","Core Small Outlets"
"C01396",4,3,3,"Loyal","Core Small Outlets"
"C01397",1,1,1,"Hibernating / Lost","Lapsed Small Outlets"
"C01398",1,1,2,"Hibernating / Lost","Lapsing Key Accounts"
"C01399",3,4,4,"Loyal","Key Accounts"
"C01400",3,3,4,"Loyal","Core Small Outlets"
"C01401",1,1,4,"Hibernating / Lost","Lapsing Key Accounts"
"C01402",1,2,3,"Hibernating / Lost","Lapsed Small Outlets"
"C01403",1,2,3,"Hibernating / Lost","Lapsed Small Outlets"
"C01404",1,1,1,"Hibernating / Lost","Lapsed Small Outlets"
"C01405",5,3,3,"Loyal","Core Small Outlets"
"C01407",3,2,2,"Needs Attention","Core Small Outlets"
"C01408",2,3,3,"At Risk","Lapsed Small Outlets"
"C01409",5,4,3,"Champions","Core Small Outlets"
"C01412",5,3,3,"Loyal","Core Small Outlets"
"C01413",3,5,4,"Loyal","Core Small Outlets"
"C01414",2,3,3,"At Risk","Lapsed Small Outlets"
"C01415",4,4,5,"Champions","Key Accounts"
"C01416",2,3,3,"At Risk","Lapsed Small Outlets"
"C01417",1,1,1,"Hibernating / Lost","Lapsed Small Outlets"
"C01418",2,3,3,"At Risk","Core Small Outlets"
"C01420",1,1,1,"Hibernating / Lost","Lapsed Small Outlets"
"C01422",5,3,2,"Promising / New","Core Small Outlets"
"C01423",1,2,3,"Hibernating / Lost","Lapsed Small Outlets"
"C01424",1,2,4,"At Risk","Lapsing Key Accounts"
"C01425",4,5,5,"Champions","Key Accounts"
"C01426",4,3,3,"Loyal","Core Small Outlets"
"C01427",1,1,4,"Hibernating / Lost","Lapsing Key Accounts"
"C01429",5,4,4,"Champions","Core Small Outlets"
"C01430",1,1,1,"Hibernating / Lost","Lapsed Small Outlets"
"C01431",2,3,3,"At Risk","Lapsed Small Outlets"
"C01433",5,4,5,"Champions","Key Accounts"
"C01435",4,3,3,"Loyal","Core Small Outlets"
"C01436",2,1,1,"Hibernating / Lost","Lapsed Small Outlets"
"C01437",4,5,5,"Champions","Key Accounts"
"C01439",4,3,3,"Loyal","Core Small Outlets"
"C01440",3,3,2,"Needs Attention","Core Small Outlets"
"C01441",4,5,4,"Champions","Core Small Outlets"
"C01442",3,4,3,"Loyal","Core Small Outlets"
"C01443",1,1,2,"Hibernating / Lost","Lapsed Small Outlets"
"C01444",3,1,2,"Needs Attention","Core Small Outlets"
"C01445",5,4,5,"Champions","Key Accounts"
"C01447",5,5,4,"Champions","Core Small Outlets"
"C01448",5,3,4,"Champions","Key Accounts"
"C01449",1,1,1,"Hibernating / Lost","Lapsed Small Outlets"
"C01450",1,2,4,"At Risk","Lapsing Key Accounts"
"C01451",4,3,2,"Promising / New","Core Small Outlets"
"C01452",1,1,2,"Hibernating / Lost","Lapsing Key Accounts"
"C01453",1,3,3,"At Risk","Lapsed Small Outlets"
"C01454",2,2,2,"Hibernating / Lost","Lapsed Small Outlets"
"C01457",2,1,1,"Hibernating / Lost","Core Small Outlets"
"C01458",4,4,4,"Champions","Core Small Outlets"
"C01459",5,2,2,"Promising / New","Core Small Outlets"
"C01461",4,4,5,"Champions","Key Accounts"
"C01462",2,3,2,"Hibernating / Lost","Core Small Outlets"
"C01463",4,3,3,"Loyal","Core Small Outlets"
"C01465",2,2,3,"Hibernating / Lost","Lapsed Small Outlets"
"C01466",1,1,1,"Hibernating / Lost","Lapsed Small Outlets"
"C01467",2,3,2,"Hibernating / Lost","Core Small Outlets"
"C01468",1,1,1,"Hibernating / Lost","Lapsed Small Outlets"
"C01470",1,1,1,"Hibernating / Lost","Lapsed Small Outlets"
"C01471",2,3,4,"Can't Lose Them","Lapsing Key Accounts"
"C01472",3,3,2,"Needs Attention","Core Small Outlets"
"C01473",5,3,3,"Loyal","Core Small Outlets"
"C01474",1,1,1,"Hibernating / Lost","Lapsed Small Outlets"
"C01475",5,5,5,"Champions","Key Accounts"
"C01476",4,4,3,"Champions","Core Small Outlets"
"C01478",3,5,4,"Loyal","Core Small Outlets"
"C01480",4,2,1,"Promising / New","Core Small Outlets"
"C01481",5,3,3,"Loyal","Core Small Outlets"
"C01482",1,1,1,"Hibernating / Lost","Lapsed Small Outlets"
"C01483",4,5,5,"Champions","Core Small Outlets"
"C01484",4,4,4,"Champions","Core Small Outlets"
"C01485",5,4,3,"Champions","Core Small Outlets"
"C01487",1,1,1,"Hibernating / Lost","Lapsed Small Outlets"
"C01488",4,4,4,"Champions","Core Small Outlets"
"C01489",4,5,5,"Champions","Key Accounts"
"C01491",5,4,4,"Champions","Core Small Outlets"
"C01492",5,5,5,"Champions","Key Accounts"
"C01493",1,3,4,"Can't Lose Them","Lapsed Small Outlets"
"C01494",3,5,4,"Loyal","Core Small Outlets"
"C01495",1,2,1,"Hibernating / Lost","Lapsed Small Outlets"
"C01496",3,5,5,"Loyal","Key Accounts"
"C01497",3,4,3,"Loyal","Core Small Outlets"
"C01498",3,2,2,"Needs Attention","Core Small Outlets"
"C01499",5,2,2,"Promising / New","Core Small Outlets"
"C01500",5,5,4,"Champions","Core Small Outlets"
"C01501",1,1,1,"Hibernating / Lost","Lapsed Small Outlets"
"C01502",5,5,5,"Champions","Key Accounts"
"C01503",1,1,1,"Hibernating / Lost","Lapsed Small Outlets"
"C01505",1,1,3,"Hibernating / Lost","Lapsed Small Outlets"
"C01506",3,4,3,"Loyal","Core Small Outlets"
"C01507",4,5,4,"Champions","Core Small Outlets"
"C01511",4,3,3,"Loyal","Core Small Outlets"
"C01512",1,1,1,"Hibernating / Lost","Lapsed Small Outlets"
"C01513",1,2,3,"Hibernating / Lost","Lapsed Small Outlets"
"C01514",4,2,2,"Promising / New","Core Small Outlets"
"C01516",2,3,2,"Hibernating / Lost","Core Small Outlets"
"C01517",5,3,2,"Promising / New","Core Small Outlets"
"C01518",4,4,3,"Champions","Core Small Outlets"
"C01520",3,3,2,"Needs Attention","Core Small Outlets"
"C01521",1,2,2,"Hibernating / Lost","Lapsed Small Outlets"
"C01522",3,2,2,"Needs Attention","Core Small Outlets"
"C01524",5,4,5,"Champions","Key Accounts"
"C01525",3,4,4,"Loyal","Core Small Outlets"
"C01526",4,2,4,"Loyal","Key Accounts"
"C01527",1,2,3,"Hibernating / Lost","Lapsed Small Outlets"
"C01528",2,3,4,"Can't Lose Them","Lapsing Key Accounts"
"C01529",5,4,3,"Champions","Core Small Outlets"
"C01530",3,3,3,"Loyal","Core Small Outlets"
"C01532",4,3,3,"Loyal","Core Small Outlets"
"C01534",4,4,3,"Champions","Core Small Outlets"
"C01536",3,4,3,"Loyal","Core Small Outlets"
"C01537",2,3,2,"Hibernating / Lost","Lapsed Small Outlets"
"C01538",4,5,5,"Champions","Key Accounts"
"C01539",3,4,5,"Loyal","Key Accounts"
"C01540",2,1,1,"Hibernating / Lost","Lapsed Small Outlets"
"C01542",1,2,2,"Hibernating / Lost","Lapsed Small Outlets"
"C01543",2,1,1,"Hibernating / Lost","Lapsed Small Outlets"
"C01544",4,4,4,"Champions","Core Small Outlets"
"C01545",2,2,1,"Hibernating / Lost","Lapsed Small Outlets"
"C01546",4,5,5,"Champions","Key Accounts"
"C01547",2,1,3,"Hibernating / Lost","Lapsed Small Outlets"
"C01549",4,3,3,"Loyal","Core Small Outlets"
"C01551",5,2,2,"Promising / New","Core Small Outlets"
"C01552",2,1,1,"Hibernating / Lost","Lapsed Small Outlets"
"C01553",5,5,4,"Champions","Core Small Outlets"
"C01554",3,3,4,"Loyal","Core Small Outlets"
"C01555",4,4,3,"Champions","Core Small Outlets"
"C01556",2,2,2,"Hibernating / Lost","Core Small Outlets"
"C01557",1,1,2,"Hibernating / Lost","Lapsed Small Outlets"
"C01559",3,3,4,"Loyal","Core Small Outlets"
"C01560",5,3,2,"Promising / New","Core Small Outlets"
"C01561",1,2,1,"Hibernating / Lost","Lapsed Small Outlets"
"C01562",5,3,4,"Champions","Key Accounts"
"C01565",1,1,1,"Hibernating / Lost","Lapsed Small Outlets"
"C01566",3,2,4,"Loyal","Key Accounts"
"C01567",4,2,2,"Promising / New","Core Small Outlets"
"C01569",3,4,5,"Loyal","Key Accounts"
"C01570",2,3,3,"At Risk","Lapsed Small Outlets"
"C01571",2,2,2,"Hibernating / Lost","Lapsed Small Outlets"
"C01572",3,2,2,"Needs Attention","Core Small Outlets"
"C01573",4,2,2,"Promising / New","Core Small Outlets"
"C01574",4,5,5,"Champions","Key Accounts"
"C01575",3,2,2,"Needs Attention","Core Small Outlets"
"C01576",5,2,2,"Promising / New","Core Small Outlets"
"C01577",2,5,5,"Can't Lose Them","Lapsing Key Accounts"
"C01579",3,3,2,"Needs Attention","Core Small Outlets"
"C01580",1,1,1,"Hibernating / Lost","Lapsed Small Outlets"
"C01581",5,5,5,"Champions","Key Accounts"
"C01582",5,5,5,"Champions","Key Accounts"
"C01583",5,5,5,"Champions","Key Accounts"
"C01584",4,3,4,"Champions","Core Small Outlets"
"C01585",2,3,3,"At Risk","Core Small Outlets"
"C01586",5,4,3,"Champions","Core Small Outlets"
"C01587",5,4,5,"Champions","Key Accounts"
"C01589",1,1,1,"Hibernating / Lost","Lapsed Small Outlets"
"C01590",2,4,4,"Can't Lose Them","Lapsing Key Accounts"
"C01591",5,5,5,"Champions","Key Accounts"
"C01593",4,4,3,"Champions","Core Small Outlets"
"C01594",3,3,3,"Loyal","Core Small Outlets"
"C01595",1,1,3,"Hibernating / Lost","Lapsed Small Outlets"
"C01597",1,1,3,"Hibernating / Lost","Lapsed Small Outlets"
"C01598",3,3,2,"Needs Attention","Core Small Outlets"
"C01599",5,3,2,"Promising / New","Core Small Outlets"
"C01600",3,3,2,"Needs Attention","Core Small Outlets"
"C01601",2,3,4,"Can't Lose Them","Lapsed Small Outlets"
"C01602",1,1,1,"Hibernating / Lost","Lapsed Small Outlets"
"C01603",4,4,4,"Champions","Core Small Outlets"
"C01605",3,4,3,"Loyal","Core Small Outlets"
"C01606",1,3,4,"Can't Lose Them","Lapsing Key Accounts"
"C01607",2,3,3,"At Risk","Lapsed Small Outlets"
"C01608",2,1,1,"Hibernating / Lost","Lapsed Small Outlets"
"C01610",2,3,4,"Can't Lose Them","Lapsing Key Accounts"
"C01611",3,4,4,"Loyal","Core Small Outlets"
"C01612",5,5,4,"Champions","Core Small Outlets"
"C01613",2,2,2,"Hibernating / Lost","Core Small Outlets"
"C01615",4,3,3,"Loyal","Core Small Outlets"
"C01616",5,4,5,"Champions","Key Accounts"
"C01617",3,3,2,"Needs Attention","Core Small Outlets"
"C01619",2,5,4,"Can't Lose Them","Core Small Outlets"
"C01620",4,4,5,"Champions","Key Accounts"
"C01622",4,5,5,"Champions","Core Small Outlets"
"C01623",3,5,4,"Loyal","Core Small Outlets"
"C01624",2,2,1,"Hibernating / Lost","Core Small Outlets"
"C01625",3,3,2,"Needs Attention","Core Small Outlets"
"C01626",3,5,5,"Loyal","Key Accounts"
"C01627",4,4,3,"Champions","Core Small Outlets"
"C01628",5,5,5,"Champions","Key Accounts"
"C01630",1,1,3,"Hibernating / Lost","Lapsed Small Outlets"
"C01631",4,5,4,"Champions","Core Small Outlets"
"C01632",4,3,2,"Promising / New","Core Small Outlets"
"C01633",5,5,4,"Champions","Core Small Outlets"
"C01635",1,1,1,"Hibernating / Lost","Lapsed Small Outlets"
"C01636",2,2,2,"Hibernating / Lost","Lapsed Small Outlets"
"C01639",1,1,1,"Hibernating / Lost","Lapsed Small Outlets"
"C01640",5,5,4,"Champions","Core Small Outlets"
"C01641",4,5,4,"Champions","Core Small Outlets"
"C01642",2,4,3,"Can't Lose Them","Core Small Outlets"
"C01643",2,3,5,"Can't Lose Them","Lapsing Key Accounts"
"C01644",2,2,1,"Hibernating / Lost","Core Small Outlets"
"C01645",3,3,2,"Needs Attention","Core Small Outlets"
"C01648",5,5,5,"Champions","Key Accounts"
"C01649",4,2,1,"Promising / New","Core Small Outlets"
"C01650",1,1,1,"Hibernating / Lost","Lapsed Small Outlets"
"C01651",5,3,2,"Promising / New","Core Small Outlets"
"C01652",2,2,1,"Hibernating / Lost","Lapsed Small Outlets"
"C01653",3,5,5,"Loyal","Key Accounts"
"C01654",5,5,4,"Champions","Core Small Outlets"
"C01655",5,4,4,"Champions","Core Small Outlets"
"C01656",1,2,3,"Hibernating / Lost","Lapsed Small Outlets"
"C01657",4,3,3,"Loyal","Core Small Outlets"
"C01659",1,1,1,"Hibernating / Lost","Lapsed Small Outlets"
"C01660",3,2,2,"Needs Attention","Core Small Outlets"
"C01661",2,4,4,"Can't Lose Them","Key Accounts"
"C01662",3,5,4,"Loyal","Core Small Outlets"
"C01663",5,5,5,"Champions","Key Accounts"
"C01664",3,1,1,"Needs Attention","Core Small Outlets"
"C01665",5,3,3,"Loyal","Core Small Outlets"
"C01666",5,4,5,"Champions","Key Accounts"
"C01668",1,2,2,"Hibernating / Lost","Lapsed Small Outlets"
"C01669",2,2,1,"Hibernating / Lost","Lapsed Small Outlets"
"C01670",4,4,4,"Champions","Core Small Outlets"
"C01672",2,2,4,"At Risk","Lapsing Key Accounts"
"C01673",5,2,2,"Promising / New","Core Small Outlets"
"C01674",1,1,1,"Hibernating / Lost","Lapsed Small Outlets"
"C01675",4,2,4,"Loyal","Core Small Outlets"
"C01677",5,2,3,"Promising / New","Core Small Outlets"
"C01678",5,5,5,"Champions","Key Accounts"
"C01679",2,1,1,"Hibernating / Lost","Core Small Outlets"
"C01680",2,2,2,"Hibernating / Lost","Core Small Outlets"
"C01681",3,4,4,"Loyal","Core Small Outlets"
"C01682",1,1,1,"Hibernating / Lost","Lapsed Small Outlets"
"C01684",1,1,1,"Hibernating / Lost","Lapsed Small Outlets"
"C01685",4,3,2,"Promising / New","Core Small Outlets"
"C01686",1,2,4,"At Risk","Lapsing Key Accounts"
"C01687",1,2,4,"At Risk","Lapsed Small Outlets"
"C01689",2,2,2,"Hibernating / Lost","Lapsed Small Outlets"
"C01690",3,2,2,"Needs Attention","Core Small Outlets"
"C01693",3,3,3,"Loyal","Core Small Outlets"
"C01694",3,3,2,"Needs Attention","Core Small Outlets"
"C01695",1,1,1,"Hibernating / Lost","Lapsed Small Outlets"
"C01696",1,3,3,"At Risk","Lapsed Small Outlets"
"C01697",5,5,5,"Champions","Core Small Outlets"
"C01698",1,1,2,"Hibernating / Lost","Lapsing Key Accounts"
"C01699",1,1,1,"Hibernating / Lost","Lapsed Small Outlets"
"C01701",1,1,1,"Hibernating / Lost","Lapsed Small Outlets"
"C01702",4,3,2,"Promising / New","Core Small Outlets"
"C01704",4,4,3,"Champions","Core Small Outlets"
"C01705",5,3,3,"Loyal","Core Small Outlets"
"C01706",3,3,2,"Needs Attention","Core Small Outlets"
"C01707",2,5,5,"Can't Lose Them","Lapsing Key Accounts"
"C01708",1,1,1,"Hibernating / Lost","Lapsed Small Outlets"
"C01710",1,1,2,"Hibernating / Lost","Lapsed Small Outlets"
"C01711",3,4,3,"Loyal","Core Small Outlets"
"C01712",2,3,2,"Hibernating / Lost","Core Small Outlets"
"C01713",4,5,5,"Champions","Key Accounts"
"C01714",2,2,2,"Hibernating / Lost","Lapsed Small Outlets"
"C01715",5,5,5,"Champions","Key Accounts"
"C01716",5,3,3,"Loyal","Core Small Outlets"
"C01717",4,4,4,"Champions","Core Small Outlets"
"C01719",3,2,2,"Needs Attention","Core Small Outlets"
"C01720",2,3,3,"At Risk","Lapsed Small Outlets"
"C01722",4,5,5,"Champions","Core Small Outlets"
"C01723",3,5,5,"Loyal","Core Small Outlets"
"C01725",1,2,3,"Hibernating / Lost","Lapsed Small Outlets"
"C01726",5,5,5,"Champions","Key Accounts"
"C01727",1,4,5,"Can't Lose Them","Lapsing Key Accounts"
"C01729",4,4,3,"Champions","Core Small Outlets"
"C01730",5,5,5,"Champions","Key Accounts"
"C01732",3,4,3,"Loyal","Core Small Outlets"
"C01734",5,5,4,"Champions","Core Small Outlets"
"C01735",4,2,2,"Promising / New","Core Small Outlets"
"C01737",2,2,2,"Hibernating / Lost","Lapsed Small Outlets"
"C01738",2,3,2,"Hibernating / Lost","Core Small Outlets"
"C01739",2,1,1,"Hibernating / Lost","Core Small Outlets"
"C01740",3,3,2,"Needs Attention","Core Small Outlets"
"C01742",1,1,1,"Hibernating / Lost","Lapsed Small Outlets"
"C01743",5,5,5,"Champions","Key Accounts"
"C01744",4,5,5,"Champions","Core Small Outlets"
"C01745",4,4,3,"Champions","Core Small Outlets"
"C01746",2,4,4,"Can't Lose Them","Lapsing Key Accounts"
"C01747",3,2,3,"Needs Attention","Core Small Outlets"
"C01748",3,5,5,"Loyal","Key Accounts"
"C01749",2,1,1,"Hibernating / Lost","Lapsed Small Outlets"
"C01750",4,3,3,"Loyal","Core Small Outlets"
"C01751",5,4,3,"Champions","Core Small Outlets"
"C01754",5,2,3,"Promising / New","Core Small Outlets"
"C01756",2,3,3,"At Risk","Core Small Outlets"
"C01757",5,3,4,"Champions","Core Small Outlets"
"C01758",4,4,3,"Champions","Core Small Outlets"
"C01759",2,2,2,"Hibernating / Lost","Lapsed Small Outlets"
"C01760",2,1,1,"Hibernating / Lost","Lapsed Small Outlets"
"C01761",2,4,4,"Can't Lose Them","Lapsed Small Outlets"
"C01762",5,2,1,"Promising / New","Core Small Outlets"
"C01763",4,3,4,"Champions","Core Small Outlets"
"C01764",3,2,1,"Needs Attention","Core Small Outlets"
"C01765",4,2,2,"Promising / New","Core Small Outlets"
"C01766",4,5,4,"Champions","Core Small Outlets"
"C01768",3,3,2,"Needs Attention","Core Small Outlets"
"C01769",1,1,1,"Hibernating / Lost","Lapsed Small Outlets"
"C01770",1,1,1,"Hibernating / Lost","Lapsed Small Outlets"
"C01771",4,5,5,"Champions","Key Accounts"
"C01772",4,4,3,"Champions","Core Small Outlets"
"C01773",3,3,3,"Loyal","Core Small Outlets"
"C01775",5,5,5,"Champions","Key Accounts"
"C01776",1,1,1,"Hibernating / Lost","Lapsed Small Outlets"
"C01777",1,3,5,"Can't Lose Them","Lapsing Key Accounts"
"C01778",2,1,2,"Hibernating / Lost","Lapsed Small Outlets"
"C01781",1,1,1,"Hibernating / Lost","Lapsed Small Outlets"
"C01782",2,3,2,"Hibernating / Lost","Core Small Outlets"
"C01783",4,5,5,"Champions","Key Accounts"
"C01784",1,2,2,"Hibernating / Lost","Lapsed Small Outlets"
"C01785",5,2,1,"Promising / New","Core Small Outlets"
"C01786",2,4,4,"Can't Lose Them","Lapsing Key Accounts"
"C01787",2,3,4,"Can't Lose Them","Lapsing Key Accounts"
"C01789",3,4,3,"Loyal","Core Small Outlets"
"C01791",3,4,5,"Loyal","Key Accounts"
"C01793",4,3,3,"Loyal","Core Small Outlets"
"C01794",4,4,4,"Champions","Core Small Outlets"
"C01795",4,2,3,"Promising / New","Core Small Outlets"
"C01796",2,4,4,"Can't Lose Them","Lapsing Key Accounts"
"C01797",3,3,3,"Loyal","Core Small Outlets"
"C01798",4,5,5,"Champions","Key Accounts"
"C01799",4,4,3,"Champions","Core Small Outlets"
"C01801",5,3,3,"Loyal","Core Small Outlets"
"C01802",4,4,3,"Champions","Core Small Outlets"
"C01803",3,2,2,"Needs Attention","Core Small Outlets"
"C01805",2,3,2,"Hibernating / Lost","Lapsed Small Outlets"
"C01806",1,2,2,"Hibernating / Lost","Lapsed Small Outlets"
"C01807",1,2,2,"Hibernating / Lost","Lapsed Small Outlets"
"C01808",5,5,5,"Champions","Key Accounts"
"C01809",3,3,2,"Needs Attention","Core Small Outlets"
"C01811",2,5,5,"Can't Lose Them","Lapsing Key Accounts"
"C01812",5,4,5,"Champions","Key Accounts"
"C01813",1,1,2,"Hibernating / Lost","Lapsed Small Outlets"
"C01814",4,1,4,"Promising / New","Key Accounts"
"C01815",2,3,2,"Hibernating / Lost","Core Small Outlets"
"C01816",3,1,1,"Needs Attention","Core Small Outlets"
"C01817",5,4,3,"Champions","Core Small Outlets"
"C01818",5,3,3,"Loyal","Core Small Outlets"
"C01819",4,4,3,"Champions","Core Small Outlets"
"C01820",3,2,2,"Needs Attention","Core Small Outlets"
"C01821",5,5,5,"Champions","Key Accounts"
"C01822",2,2,2,"Hibernating / Lost","Lapsed Small Outlets"
"C01823",3,3,3,"Loyal","Core Small Outlets"
"C01824",4,2,1,"Promising / New","Core Small Outlets"
"C01825",2,2,2,"Hibernating / Lost","Lapsed Small Outlets"
"C01826",3,4,4,"Loyal","Key Accounts"
"C01827",5,5,5,"Champions","Key Accounts"
"C01830",4,2,1,"Promising / New","Core Small Outlets"
"C01831",5,1,1,"Promising / New","Core Small Outlets"
"C01832",4,3,3,"Loyal","Core Small Outlets"
"C01833",5,5,5,"Champions","Key Accounts"
"C01834",2,2,2,"Hibernating / Lost","Lapsed Small Outlets"
"C01835",5,3,2,"Promising / New","Core Small Outlets"
"C01836",3,4,4,"Loyal","Key Accounts"
"C01838",5,4,3,"Champions","Core Small Outlets"
"C01839",5,5,5,"Champions","Key Accounts"
"C01840",2,1,1,"Hibernating / Lost","Lapsed Small Outlets"
"C01841",3,4,3,"Loyal","Core Small Outlets"
"C01842",1,1,1,"Hibernating / Lost","Lapsed Small Outlets"
"C01844",3,2,2,"Needs Attention","Core Small Outlets"
"C01845",5,3,3,"Loyal","Core Small Outlets"
"C01846",1,3,4,"Can't Lose Them","Lapsing Key Accounts"
"C01847",5,4,3,"Champions","Core Small Outlets"
"C01849",1,2,4,"At Risk","Lapsed Small Outlets"
"C01850",5,4,5,"Champions","Key Accounts"
"C01851",1,1,1,"Hibernating / Lost","Lapsed Small Outlets"
"C01852",4,3,2,"Promising / New","Core Small Outlets"
"C01853",2,4,5,"Can't Lose Them","Lapsing Key Accounts"
"C01854",5,4,3,"Champions","Core Small Outlets"
"C01855",2,3,3,"At Risk","Core Small Outlets"
"C01856",2,2,4,"At Risk","Lapsing Key Accounts"
"C01857",4,3,4,"Champions","Key Accounts"
"C01859",2,2,2,"Hibernating / Lost","Core Small Outlets"
"C01860",1,2,2,"Hibernating / Lost","Lapsed Small Outlets"
"C01861",2,3,2,"Hibernating / Lost","Lapsed Small Outlets"
"C01862",4,4,5,"Champions","Key Accounts"
"C01863",1,2,2,"Hibernating / Lost","Lapsed Small Outlets"
"C01864",1,2,2,"Hibernating / Lost","Lapsed Small Outlets"
"C01865",2,3,3,"At Risk","Lapsed Small Outlets"
"C01866",5,5,5,"Champions","Core Small Outlets"
"C01867",2,1,2,"Hibernating / Lost","Lapsed Small Outlets"
"C01868",4,5,5,"Champions","Key Accounts"
"C01869",3,3,2,"Needs Attention","Core Small Outlets"
"C01870",4,4,4,"Champions","Core Small Outlets"
"C01871",4,3,3,"Loyal","Core Small Outlets"
"C01872",3,3,3,"Loyal","Core Small Outlets"
"C01873",2,2,2,"Hibernating / Lost","Lapsed Small Outlets"
"C01874",1,1,1,"Hibernating / Lost","Lapsed Small Outlets"
"C01875",2,2,2,"Hibernating / Lost","Core Small Outlets"
"C01876",3,3,2,"Needs Attention","Core Small Outlets"
"C01877",1,1,1,"Hibernating / Lost","Lapsed Small Outlets"
"C01878",2,2,2,"Hibernating / Lost","Lapsed Small Outlets"
"C01879",5,5,5,"Champions","Key Accounts"
"C01880",4,4,4,"Champions","Core Small Outlets"
"C01882",2,3,2,"Hibernating / Lost","Core Small Outlets"
"C01884",2,2,2,"Hibernating / Lost","Lapsed Small Outlets"
"C01885",3,5,4,"Loyal","Core Small Outlets"
"C01886",1,2,4,"At Risk","Lapsing Key Accounts"
"C01887",2,1,3,"Hibernating / Lost","Lapsing Key Accounts"
"C01888",2,2,2,"Hibernating / Lost","Lapsed Small Outlets"
"C01889",3,4,3,"Loyal","Core Small Outlets"
"C01890",3,3,3,"Loyal","Core Small Outlets"
"C01891",2,2,3,"Hibernating / Lost","Lapsing Key Accounts"
"C01893",4,4,4,"Champions","Core Small Outlets"
"C01894",4,4,4,"Champions","Core Small Outlets"
"C01896",4,5,4,"Champions","Core Small Outlets"
"C01898",1,3,5,"Can't Lose Them","Lapsing Key Accounts"
"C01899",2,1,2,"Hibernating / Lost","Lapsed Small Outlets"
"C01900",5,4,3,"Champions","Core Small Outlets"
"C01901",4,5,5,"Champions","Key Accounts"
"C01902",4,4,5,"Champions","Key Accounts"
"C01904",2,3,3,"At Risk","Core Small Outlets"
"C01905",5,4,5,"Champions","Key Accounts"
"C01906",1,1,2,"Hibernating / Lost","Lapsed Small Outlets"
"C01907",4,4,4,"Champions","Core Small Outlets"
"C01908",5,5,5,"Champions","Key Accounts"
"C01909",1,1,1,"Hibernating / Lost","Lapsed Small Outlets"
"C01910",1,1,1,"Hibernating / Lost","Lapsed Small Outlets"
"C01912",4,1,1,"Promising / New","Core Small Outlets"
"C01913",4,4,3,"Champions","Core Small Outlets"
"C01914",5,5,4,"Champions","Core Small Outlets"
"C01915",3,2,1,"Needs Attention","Core Small Outlets"
"C01918",2,3,3,"At Risk","Lapsed Small Outlets"
"C01919",1,1,1,"Hibernating / Lost","Lapsed Small Outlets"
"C01921",5,4,4,"Champions","Core Small Outlets"
"C01922",3,5,4,"Loyal","Key Accounts"
"C01925",4,5,4,"Champions","Core Small Outlets"
"C01926",5,5,5,"Champions","Key Accounts"
"C01927",3,5,5,"Loyal","Key Accounts"
"C01928",5,2,2,"Promising / New","Core Small Outlets"
"C01929",5,5,5,"Champions","Key Accounts"
"C01930",3,4,3,"Loyal","Core Small Outlets"
"C01933",5,5,5,"Champions","Key Accounts"
"C01934",5,4,4,"Champions","Key Accounts"
"C01935",2,3,2,"Hibernating / Lost","Core Small Outlets"
"C01936",5,2,2,"Promising / New","Core Small Outlets"
"C01937",4,4,3,"Champions","Core Small Outlets"
"C01939",5,4,4,"Champions","Core Small Outlets"
"C01940",3,5,5,"Loyal","Key Accounts"
"C01941",1,1,1,"Hibernating / Lost","Lapsed Small Outlets"
"C01942",1,2,2,"Hibernating / Lost","Lapsed Small Outlets"
"C01943",1,1,1,"Hibernating / Lost","Lapsed Small Outlets"
"C01944",5,3,4,"Champions","Core Small Outlets"
"C01945",1,2,2,"Hibernating / Lost","Lapsed Small Outlets"
"C01946",5,5,5,"Champions","Key Accounts"
"C01947",2,2,1,"Hibernating / Lost","Lapsed Small Outlets"
"C01948",1,1,1,"Hibernating / Lost","Lapsed Small Outlets"
"C01949",2,3,3,"At Risk","Core Small Outlets"
"C01950",4,4,5,"Champions","Key Accounts"
"C01951",2,2,1,"Hibernating / Lost","Core Small Outlets"
"C01952",2,2,2,"Hibernating / Lost","Core Small Outlets"
"C01953",5,3,4,"Champions","Core Small Outlets"
"C01954",4,5,5,"Champions","Key Accounts"
"C01955",5,3,3,"Loyal","Core Small Outlets"
"C01956",3,3,3,"Loyal","Core Small Outlets"
"C01957",3,4,3,"Loyal","Core Small Outlets"
"C01959",4,4,3,"Champions","Core Small Outlets"
"C01960",4,5,5,"Champions","Core Small Outlets"
"C01961",1,1,1,"Hibernating / Lost","Lapsed Small Outlets"
"C01962",1,1,2,"Hibernating / Lost","Lapsed Small Outlets"
"C01963",1,1,1,"Hibernating / Lost","Lapsed Small Outlets"
"C01964",2,1,1,"Hibernating / Lost","Lapsed Small Outlets"
"C01966",4,5,5,"Champions","Key Accounts"
"C01967",3,2,2,"Needs Attention","Core Small Outlets"
"C01968",1,2,3,"Hibernating / Lost","Lapsed Small Outlets"
"C01969",5,2,2,"Promising / New","Core Small Outlets"
"C01970",4,5,5,"Champions","Key Accounts"
"C01971",5,5,5,"Champions","Key Accounts"
"C01972",4,4,4,"Champions","Key Accounts"
"C01973",1,2,2,"Hibernating / Lost","Lapsed Small Outlets"
"C01974",5,3,3,"Loyal","Core Small Outlets"
"C01975",4,5,4,"Champions","Core Small Outlets"
"C01976",2,3,3,"At Risk","Lapsed Small Outlets"
"C01977",4,3,3,"Loyal","Core Small Outlets"
"C01978",2,2,3,"Hibernating / Lost","Core Small Outlets"
"C01979",2,3,3,"At Risk","Lapsed Small Outlets"
"C01980",2,1,2,"Hibernating / Lost","Lapsed Small Outlets"
"C01981",2,3,3,"At Risk","Lapsed Small Outlets"
"C01983",2,1,1,"Hibernating / Lost","Lapsed Small Outlets"
"C01986",1,1,1,"Hibernating / Lost","Lapsed Small Outlets"
"C01987",5,1,2,"Promising / New","Core Small Outlets"
"C01988",2,2,1,"Hibernating / Lost","Lapsed Small Outlets"
"C01989",4,3,2,"Promising / New","Core Small Outlets"
"C01991",3,5,5,"Loyal","Key Accounts"
"C01993",4,5,5,"Champions","Key Accounts"
"C01994",4,3,2,"Promising / New","Core Small Outlets"
"C01995",1,1,1,"Hibernating / Lost","Lapsed Small Outlets"
"C01996",3,3,3,"Loyal","Core Small Outlets"
"C01997",5,4,5,"Champions","Key Accounts"
"C01998",4,4,3,"Champions","Core Small Outlets"
"C02000",3,2,2,"Needs Attention","Core Small Outlets"
"C02001",3,2,4,"Loyal","Key Accounts"
"C02002",5,4,4,"Champions","Core Small Outlets"
"C02003",2,4,3,"Can't Lose Them","Lapsed Small Outlets"
"C02004",3,5,5,"Loyal","Core Small Outlets"
"C02005",2,3,3,"At Risk","Lapsed Small Outlets"
"C02006",5,4,4,"Champions","Core Small Outlets"
"C02007",1,1,1,"Hibernating / Lost","Lapsed Small Outlets"
"C02009",1,2,4,"At Risk","Lapsing Key Accounts"
"C02010",4,4,4,"Champions","Core Small Outlets"
"C02011",4,3,2,"Promising / New","Core Small Outlets"
"C02012",3,3,3,"Loyal","Core Small Outlets"
"C02013",5,5,4,"Champions","Core Small Outlets"
"C02014",4,2,1,"Promising / New","Core Small Outlets"
"C02015",1,1,1,"Hibernating / Lost","Lapsed Small Outlets"
"C02016",2,1,1,"Hibernating / Lost","Lapsed Small Outlets"
"C02017",2,2,1,"Hibernating / Lost","Lapsed Small Outlets"
"C02019",2,1,2,"Hibernating / Lost","Core Small Outlets"
"C02020",4,3,4,"Champions","Core Small Outlets"
"C02021",5,2,2,"Promising / New","Core Small Outlets"
"C02022",1,1,1,"Hibernating / Lost","Lapsed Small Outlets"
"C02023",3,3,4,"Loyal","Core Small Outlets"
"C02025",3,4,5,"Loyal","Key Accounts"
"C02027",5,4,3,"Champions","Core Small Outlets"
"C02029",5,3,4,"Champions","Core Small Outlets"
"C02030",2,3,2,"Hibernating / Lost","Lapsed Small Outlets"
"C02031",4,4,4,"Champions","Core Small Outlets"
"C02032",3,2,1,"Needs Attention","Core Small Outlets"
"C02033",5,5,5,"Champions","Key Accounts"
"C02034",2,1,2,"Hibernating / Lost","Lapsed Small Outlets"
"C02035",2,2,2,"Hibernating / Lost","Core Small Outlets"
"C02036",5,4,3,"Champions","Core Small Outlets"
"C02037",5,3,2,"Promising / New","Core Small Outlets"
"C02039",3,1,1,"Needs Attention","Core Small Outlets"
"C02040",5,5,5,"Champions","Key Accounts"
"C02041",3,4,4,"Loyal","Core Small Outlets"
"C02042",4,4,3,"Champions","Core Small Outlets"
"C02043",5,4,3,"Champions","Core Small Outlets"
"C02045",5,5,5,"Champions","Key Accounts"
"C02046",2,3,4,"Can't Lose Them","Lapsing Key Accounts"
"C02047",5,5,5,"Champions","Key Accounts"
"C02048",3,4,4,"Loyal","Key Accounts"
"C02050",1,1,2,"Hibernating / Lost","Lapsed Small Outlets"
"C02051",1,1,1,"Hibernating / Lost","Lapsed Small Outlets"
"C02052",4,4,4,"Champions","Key Accounts"
"C02053",4,4,5,"Champions","Key Accounts"
"C02054",4,2,2,"Promising / New","Core Small Outlets"
"C02057",1,1,1,"Hibernating / Lost","Lapsed Small Outlets"
"C02058",4,4,3,"Champions","Core Small Outlets"
"C02059",1,2,4,"At Risk","Lapsing Key Accounts"
"C02060",4,4,4,"Champions","Core Small Outlets"
"C02061",3,4,4,"Loyal","Core Small Outlets"
"C02063",2,3,4,"Can't Lose Them","Lapsed Small Outlets"
"C02064",5,5,5,"Champions","Key Accounts"
"C02065",3,5,4,"Loyal","Core Small Outlets"
"C02066",2,3,3,"At Risk","Core Small Outlets"
"C02068",5,5,5,"Champions","Key Accounts"
"C02069",2,4,4,"Can't Lose Them","Lapsed Small Outlets"
"C02070",2,2,1,"Hibernating / Lost","Lapsed Small Outlets"
"C02071",1,1,1,"Hibernating / Lost","Lapsed Small Outlets"
"C02072",2,2,2,"Hibernating / Lost","Lapsed Small Outlets"
"C02073",4,3,3,"Loyal","Core Small Outlets"
"C02074",5,5,4,"Champions","Core Small Outlets"
"C02076",5,5,5,"Champions","Key Accounts"
"C02077",4,3,2,"Promising / New","Core Small Outlets"
"C02078",5,5,5,"Champions","Key Accounts"
"C02079",2,2,2,"Hibernating / Lost","Lapsed Small Outlets"
"C02080",2,2,1,"Hibernating / Lost","Core Small Outlets"
"C02081",2,2,2,"Hibernating / Lost","Lapsed Small Outlets"
"C02082",2,1,1,"Hibernating / Lost","Lapsed Small Outlets"
"C02083",2,3,3,"At Risk","Core Small Outlets"
"C02084",1,1,1,"Hibernating / Lost","Lapsed Small Outlets"
"C02085",5,5,5,"Champions","Key Accounts"
"C02086",4,5,5,"Champions","Key Accounts"
"C02087",4,5,4,"Champions","Key Accounts"
"C02088",2,3,4,"Can't Lose Them","Lapsing Key Accounts"
"C02089",3,2,2,"Needs Attention","Core Small Outlets"
"C02090",5,5,5,"Champions","Key Accounts"
"C02091",1,1,1,"Hibernating / Lost","Lapsed Small Outlets"
"C02092",5,5,5,"Champions","Key Accounts"
"C02093",4,5,4,"Champions","Core Small Outlets"
"C02094",5,5,5,"Champions","Key Accounts"
"C02095",2,2,2,"Hibernating / Lost","Lapsed Small Outlets"
"C02096",2,5,4,"Can't Lose Them","Core Small Outlets"
"C02097",1,1,1,"Hibernating / Lost","Lapsed Small Outlets"
"C02099",3,3,4,"Loyal","Key Accounts"
"C02100",1,1,1,"Hibernating / Lost","Lapsed Small Outlets"
"C02101",2,2,1,"Hibernating / Lost","Core Small Outlets"
"C02102",3,4,4,"Loyal","Key Accounts"
"C02103",2,2,2,"Hibernating / Lost","Lapsed Small Outlets"
"C02105",1,1,2,"Hibernating / Lost","Lapsed Small Outlets"
"C02106",4,2,4,"Loyal","Key Accounts"
"C02107",4,5,5,"Champions","Key Accounts"
"C02108",5,5,4,"Champions","Core Small Outlets"
"C02110",3,2,2,"Needs Attention","Core Small Outlets"
"C02111",5,3,5,"Champions","Key Accounts"
"C02113",5,4,4,"Champions","Core Small Outlets"
"C02114",5,3,2,"Promising / New","Core Small Outlets"
"C02115",3,5,4,"Loyal","Core Small Outlets"
"C02116",1,1,1,"Hibernating / Lost","Lapsed Small Outlets"
"C02118",1,1,1,"Hibernating / Lost","Lapsed Small Outlets"
"C02119",2,1,1,"Hibernating / Lost","Lapsed Small Outlets"
"C02120",4,3,3,"Loyal","Core Small Outlets"
"C02121",2,1,1,"Hibernating / Lost","Lapsed Small Outlets"
"C02123",1,2,3,"Hibernating / Lost","Lapsed Small Outlets"
"C02125",1,1,1,"Hibernating / Lost","Lapsed Small Outlets"
"C02127",1,1,1,"Hibernating / Lost","Lapsed Small Outlets"
"C02130",5,4,3,"Champions","Core Small Outlets"
"C02131",3,3,3,"Loyal","Core Small Outlets"
"C02132",5,5,5,"Champions","Core Small Outlets"
"C02133",3,2,4,"Loyal","Key Accounts"
"C02135",4,2,3,"Promising / New","Core Small Outlets"
"C02136",2,3,3,"At Risk","Lapsed Small Outlets"
"C02137",5,5,5,"Champions","Key Accounts"
"C02138",3,3,3,"Loyal","Core Small Outlets"
"C02139",5,5,5,"Champions","Key Accounts"
"C02140",3,3,3,"Loyal","Core Small Outlets"
"C02141",5,4,3,"Champions","Core Small Outlets"
"C02142",3,2,2,"Needs Attention","Core Small Outlets"
"C02143",1,1,1,"Hibernating / Lost","Lapsed Small Outlets"
"C02144",2,5,5,"Can't Lose Them","Lapsing Key Accounts"
"C02145",2,3,3,"At Risk","Lapsed Small Outlets"
"C02146",4,5,4,"Champions","Core Small Outlets"
"C02147",2,3,3,"At Risk","Lapsed Small Outlets"
"C02148",5,2,2,"Promising / New","Core Small Outlets"
"C02149",4,2,3,"Promising / New","Core Small Outlets"
"C02150",4,2,2,"Promising / New","Core Small Outlets"
"C02151",3,4,5,"Loyal","Key Accounts"
"C02152",3,4,3,"Loyal","Core Small Outlets"
"C02153",4,3,3,"Loyal","Core Small Outlets"
"C02154",1,2,2,"Hibernating / Lost","Lapsed Small Outlets"
"C02155",5,5,5,"Champions","Key Accounts"
"C02156",5,3,2,"Promising / New","Core Small Outlets"
"C02157",4,3,3,"Loyal","Core Small Outlets"
"C02158",4,2,2,"Promising / New","Core Small Outlets"
"C02159",2,4,3,"Can't Lose Them","Core Small Outlets"
"C02160",2,4,4,"Can't Lose Them","Core Small Outlets"
"C02161",1,2,3,"Hibernating / Lost","Lapsing Key Accounts"
"C02162",2,3,2,"Hibernating / Lost","Core Small Outlets"
"C02163",1,1,1,"Hibernating / Lost","Lapsed Small Outlets"
"C02164",2,3,2,"Hibernating / Lost","Core Small Outlets"
"C02165",4,5,5,"Champions","Key Accounts"
"C02167",2,2,1,"Hibernating / Lost","Lapsed Small Outlets"
"C02168",2,2,1,"Hibernating / Lost","Core Small Outlets"
"C02169",4,1,1,"Promising / New","Core Small Outlets"
"C02171",3,1,1,"Needs Attention","Core Small Outlets"
"C02172",1,3,4,"Can't Lose Them","Lapsed Small Outlets"
"C02174",5,5,5,"Champions","Core Small Outlets"
"C02175",5,3,3,"Loyal","Core Small Outlets"
"C02176",4,1,1,"Promising / New","Core Small Outlets"
"C02177",4,4,4,"Champions","Core Small Outlets"
"C02178",3,2,2,"Needs Attention","Core Small Outlets"
"C02179",4,4,3,"Champions","Core Small Outlets"
"C02180",2,2,2,"Hibernating / Lost","Lapsed Small Outlets"
"C02181",4,5,5,"Champions","Key Accounts"
"C02182",5,3,3,"Loyal","Core Small Outlets"
"C02183",3,4,3,"Loyal","Core Small Outlets"
"C02185",5,5,3,"Champions","Core Small Outlets"
"C02186",5,5,5,"Champions","Key Accounts"
"C02187",3,5,5,"Loyal","Key Accounts"
"C02188",1,1,1,"Hibernating / Lost","Lapsed Small Outlets"
"C02189",1,1,1,"Hibernating / Lost","Lapsed Small Outlets"
"C02190",5,3,3,"Loyal","Core Small Outlets"
"C02191",5,4,5,"Champions","Key Accounts"
"C02192",3,2,3,"Needs Attention","Core Small Outlets"
"C02193",3,4,4,"Loyal","Core Small Outlets"
"C02194",4,3,2,"Promising / New","Core Small Outlets"
"C02195",3,2,2,"Needs Attention","Core Small Outlets"
"C02196",5,4,4,"Champions","Core Small Outlets"
"C02197",5,5,4,"Champions","Core Small Outlets"
"C02199",1,1,1,"Hibernating / Lost","Lapsed Small Outlets"
"C02200",3,4,4,"Loyal","Core Small Outlets"
"C02201",2,4,2,"At Risk","Core Small Outlets"
"C02203",2,2,1,"Hibernating / Lost","Lapsed Small Outlets"
"C02206",4,4,3,"Champions","Core Small Outlets"
"C02207",3,4,5,"Loyal","Key Accounts"
"C02208",3,2,1,"Needs Attention","Core Small Outlets"
"C02209",5,3,2,"Promising / New","Core Small Outlets"
"C02210",5,5,5,"Champions","Core Small Outlets"
"C02211",2,3,3,"At Risk","Core Small Outlets"
"C02213",3,4,4,"Loyal","Key Accounts"
"C02216",5,3,2,"Promising / New","Core Small Outlets"
"C02217",4,4,4,"Champions","Core Small Outlets"
"C02218",1,1,2,"Hibernating / Lost","Lapsed Small Outlets"
"C02219",3,4,3,"Loyal","Core Small Outlets"
"C02220",1,1,1,"Hibernating / Lost","Lapsed Small Outlets"
"C02222",5,3,2,"Promising / New","Core Small Outlets"
"C02223",1,1,1,"Hibernating / Lost","Lapsed Small Outlets"
"C02224",3,1,1,"Needs Attention","Core Small Outlets"
"C02225",2,2,2,"Hibernating / Lost","Lapsed Small Outlets"
"C02226",1,1,1,"Hibernating / Lost","Lapsed Small Outlets"
"C02227",4,4,4,"Champions","Core Small Outlets"
"C02228",2,3,2,"Hibernating / Lost","Core Small Outlets"
"C02229",5,3,3,"Loyal","Core Small Outlets"
"C02230",4,3,2,"Promising / New","Core Small Outlets"
"C02231",4,5,5,"Champions","Key Accounts"
"C02232",5,4,3,"Champions","Core Small Outlets"
"C02233",5,5,4,"Champions","Core Small Outlets"
"C02234",4,2,2,"Promising / New","Core Small Outlets"
"C02235",1,2,2,"Hibernating / Lost","Lapsed Small Outlets"
"C02236",1,2,2,"Hibernating / Lost","Lapsed Small Outlets"
"C02237",5,4,3,"Champions","Core Small Outlets"
"C02238",3,4,3,"Loyal","Core Small Outlets"
"C02240",4,4,3,"Champions","Core Small Outlets"
"C02241",4,3,3,"Loyal","Core Small Outlets"
"C02242",2,4,4,"Can't Lose Them","Core Small Outlets"
"C02243",1,1,1,"Hibernating / Lost","Lapsed Small Outlets"
"C02244",4,5,4,"Champions","Core Small Outlets"
"C02246",2,2,2,"Hibernating / Lost","Lapsed Small Outlets"
"C02247",1,1,1,"Hibernating / Lost","Lapsing Key Accounts"
"C02248",3,5,5,"Loyal","Key Accounts"
"C02249",1,1,1,"Hibernating / Lost","Lapsed Small Outlets"
"C02250",5,4,4,"Champions","Core Small Outlets"
"C02251",2,4,5,"Can't Lose Them","Lapsing Key Accounts"
"C02252",1,2,3,"Hibernating / Lost","Lapsed Small Outlets"
"C02253",4,4,4,"Champions","Core Small Outlets"
"C02254",2,2,2,"Hibernating / Lost","Lapsed Small Outlets"
"C02255",1,1,1,"Hibernating / Lost","Lapsed Small Outlets"
"C02257",2,4,3,"Can't Lose Them","Lapsed Small Outlets"
"C02259",3,1,1,"Needs Attention","Core Small Outlets"
"C02260",1,1,1,"Hibernating / Lost","Lapsed Small Outlets"
"C02261",5,3,2,"Promising / New","Core Small Outlets"
"C02266",5,5,4,"Champions","Core Small Outlets"
"C02267",2,4,3,"Can't Lose Them","Core Small Outlets"
"C02268",1,1,1,"Hibernating / Lost","Lapsed Small Outlets"
"C02269",3,4,5,"Loyal","Key Accounts"
"C02270",2,2,2,"Hibernating / Lost","Core Small Outlets"
"C02271",3,5,5,"Loyal","Key Accounts"
"C02272",4,3,4,"Champions","Core Small Outlets"
"C02273",2,2,1,"Hibernating / Lost","Core Small Outlets"
"C02274",2,5,4,"Can't Lose Them","Core Small Outlets"
"C02275",2,3,3,"At Risk","Core Small Outlets"
"C02276",4,4,4,"Champions","Key Accounts"
"C02277",2,2,2,"Hibernating / Lost","Core Small Outlets"
"C02278",3,2,2,"Needs Attention","Core Small Outlets"
"C02279",3,3,3,"Loyal","Core Small Outlets"
"C02281",3,3,2,"Needs Attention","Core Small Outlets"
"C02282",2,2,1,"Hibernating / Lost","Lapsed Small Outlets"
"C02283",2,1,2,"Hibernating / Lost","Lapsed Small Outlets"
"C02284",2,3,3,"At Risk","Lapsed Small Outlets"
"C02285",5,4,5,"Champions","Key Accounts"
"C02286",4,4,4,"Champions","Core Small Outlets"
"C02287",3,5,5,"Loyal","Key Accounts"
"C02289",4,2,3,"Promising / New","Core Small Outlets"
"C02290",5,3,3,"Loyal","Core Small Outlets"
"C02291",3,2,1,"Needs Attention","Core Small Outlets"
"C02292",3,3,2,"Needs Attention","Core Small Outlets"
"C02293",3,5,5,"Loyal","Key Accounts"
"C02295",1,1,1,"Hibernating / Lost","Lapsed Small Outlets"
"C02298",2,2,2,"Hibernating / Lost","Lapsed Small Outlets"
"C02299",3,5,5,"Loyal","Core Small Outlets"
"C02300",1,1,1,"Hibernating / Lost","Lapsed Small Outlets"
"C02301",4,2,2,"Promising / New","Core Small Outlets"
"C02302",3,3,2,"Needs Attention","Core Small Outlets"
"C02303",4,3,4,"Champions","Key Accounts"
"C02305",3,3,2,"Needs Attention","Core Small Outlets"
"C02306",4,3,2,"Promising / New","Core Small Outlets"
"C02307",1,2,4,"At Risk","Lapsing Key Accounts"
"C02308",3,3,2,"Needs Attention","Core Small Outlets"
"C02309",1,2,2,"Hibernating / Lost","Lapsed Small Outlets"
"C02310",1,1,1,"Hibernating / Lost","Lapsed Small Outlets"
"C02311",5,5,5,"Champions","Core Small Outlets"
"C02312",2,5,5,"Can't Lose Them","Key Accounts"
"C02313",5,5,5,"Champions","Key Accounts"
"C02315",2,1,1,"Hibernating / Lost","Lapsed Small Outlets"
"C02317",2,4,4,"Can't Lose Them","Lapsing Key Accounts"
"C02318",4,5,5,"Champions","Key Accounts"
"C02319",1,2,2,"Hibernating / Lost","Lapsed Small Outlets"
"C02320",1,1,2,"Hibernating / Lost","Lapsed Small Outlets"
"C02321",2,5,4,"Can't Lose Them","Core Small Outlets"
"C02323",5,4,3,"Champions","Core Small Outlets"
"C02324",2,4,3,"Can't Lose Them","Lapsed Small Outlets"
"C02325",1,2,2,"Hibernating / Lost","Lapsed Small Outlets"
"C02326",3,5,5,"Loyal","Key Accounts"
"C02327",1,2,2,"Hibernating / Lost","Lapsed Small Outlets"
"C02328",5,5,4,"Champions","Core Small Outlets"
"C02329",2,2,1,"Hibernating / Lost","Core Small Outlets"
"C02330",3,1,1,"Needs Attention","Core Small Outlets"
"C02331",2,1,1,"Hibernating / Lost","Core Small Outlets"
"C02332",3,4,5,"Loyal","Key Accounts"
"C02334",5,4,3,"Champions","Core Small Outlets"
"C02335",5,4,3,"Champions","Core Small Outlets"
"C02336",3,4,5,"Loyal","Key Accounts"
"C02337",1,2,4,"At Risk","Lapsing Key Accounts"
"C02339",2,2,2,"Hibernating / Lost","Core Small Outlets"
"C02340",2,3,3,"At Risk","Core Small Outlets"
"C02341",2,2,2,"Hibernating / Lost","Lapsed Small Outlets"
"C02342",3,3,5,"Loyal","Lapsing Key Accounts"
"C02343",2,2,2,"Hibernating / Lost","Core Small Outlets"
"C02344",4,3,4,"Champions","Key Accounts"
"C02345",2,2,2,"Hibernating / Lost","Lapsed Small Outlets"
"C02346",1,1,1,"Hibernating / Lost","Lapsed Small Outlets"
"C02347",4,4,5,"Champions","Key Accounts"
"C02349",5,4,3,"Champions","Core Small Outlets"
"C02350",3,2,2,"Needs Attention","Core Small Outlets"
"C02351",1,1,2,"Hibernating / Lost","Lapsed Small Outlets"
"C02352",3,2,1,"Needs Attention","Core Small Outlets"
"C02353",5,5,5,"Champions","Key Accounts"
"C02354",1,3,3,"At Risk","Lapsed Small Outlets"
"C02355",1,1,1,"Hibernating / Lost","Lapsed Small Outlets"
"C02356",2,4,4,"Can't Lose Them","Lapsing Key Accounts"
"C02357",1,1,1,"Hibernating / Lost","Lapsing Key Accounts"
"C02358",5,4,4,"Champions","Core Small Outlets"
"C02359",2,1,2,"Hibernating / Lost","Lapsed Small Outlets"
"C02360",1,2,3,"Hibernating / Lost","Lapsing Key Accounts"
"C02361",2,1,1,"Hibernating / Lost","Lapsed Small Outlets"
"C02362",4,2,3,"Promising / New","Core Small Outlets"
"C02363",3,5,5,"Loyal","Key Accounts"
"C02364",1,1,1,"Hibernating / Lost","Lapsed Small Outlets"
"C02365",1,2,2,"Hibernating / Lost","Lapsed Small Outlets"
"C02366",1,1,1,"Hibernating / Lost","Lapsed Small Outlets"
"C02367",2,2,2,"Hibernating / Lost","Core Small Outlets"
"C02368",2,3,2,"Hibernating / Lost","Core Small Outlets"
"C02369",2,5,5,"Can't Lose Them","Key Accounts"
"C02370",1,1,1,"Hibernating / Lost","Lapsed Small Outlets"
"C02371",5,5,5,"Champions","Key Accounts"
"C02372",1,1,1,"Hibernating / Lost","Lapsed Small Outlets"
"C02373",5,5,4,"Champions","Core Small Outlets"
"C02374",3,2,3,"Needs Attention","Core Small Outlets"
"C02375",2,2,2,"Hibernating / Lost","Lapsed Small Outlets"
"C02376",3,3,3,"Loyal","Core Small Outlets"
"C02377",5,3,3,"Loyal","Core Small Outlets"
"C02378",5,2,4,"Loyal","Core Small Outlets"
"C02379",1,1,1,"Hibernating / Lost","Lapsed Small Outlets"
"C02380",4,4,4,"Champions","Core Small Outlets"
"C02381",4,4,3,"Champions","Core Small Outlets"
"C02382",1,1,1,"Hibernating / Lost","Lapsed Small Outlets"
"C02383",4,4,5,"Champions","Key Accounts"
"C02385",2,3,2,"Hibernating / Lost","Lapsed Small Outlets"
"C02386",1,1,1,"Hibernating / Lost","Lapsed Small Outlets"
"C02387",3,4,4,"Loyal","Core Small Outlets"
"C02388",4,2,1,"Promising / New","Core Small Outlets"
"C02389",5,4,5,"Champions","Key Accounts"
"C02391",5,5,5,"Champions","Core Small Outlets"
"C02392",4,5,5,"Champions","Key Accounts"
"C02393",5,5,5,"Champions","Core Small Outlets"
"C02395",4,5,4,"Champions","Core Small Outlets"
"C02396",2,4,3,"Can't Lose Them","Core Small Outlets"
"C02397",3,2,1,"Needs Attention","Core Small Outlets"
"C02398",4,5,5,"Champions","Key Accounts"
"C02399",3,4,3,"Loyal","Core Small Outlets"
"C02401",4,3,4,"Champions","Key Accounts"
"C02402",1,1,1,"Hibernating / Lost","Lapsed Small Outlets"
"C02404",4,4,4,"Champions","Core Small Outlets"
"C02405",2,5,5,"Can't Lose Them","Lapsing Key Accounts"
"C02406",5,5,5,"Champions","Key Accounts"
"C02408",3,4,4,"Loyal","Core Small Outlets"
"C02409",4,3,4,"Champions","Core Small Outlets"
"C02410",2,1,1,"Hibernating / Lost","Lapsed Small Outlets"
"C02411",3,4,3,"Loyal","Core Small Outlets"
"C02412",3,3,3,"Loyal","Core Small Outlets"
"C02413",2,2,3,"Hibernating / Lost","Lapsing Key Accounts"
"C02414",4,4,3,"Champions","Core Small Outlets"
"C02415",3,4,4,"Loyal","Core Small Outlets"
"C02416",3,5,5,"Loyal","Key Accounts"
"C02417",1,1,1,"Hibernating / Lost","Lapsed Small Outlets"
"C02418",5,4,3,"Champions","Core Small Outlets"
"C02419",5,5,5,"Champions","Key Accounts"
"C02420",3,4,3,"Loyal","Core Small Outlets"
"C02423",4,4,3,"Champions","Core Small Outlets"
"C02424",2,4,4,"Can't Lose Them","Core Small Outlets"
"C02425",2,2,1,"Hibernating / Lost","Core Small Outlets"
"C02426",1,2,4,"At Risk","Lapsing Key Accounts"
"C02427",2,2,3,"Hibernating / Lost","Lapsed Small Outlets"
"C02428",4,4,4,"Champions","Core Small Outlets"
"C02429",3,3,2,"Needs Attention","Core Small Outlets"
"C02430",2,2,2,"Hibernating / Lost","Lapsed Small Outlets"
"C02431",1,2,2,"Hibernating / Lost","Lapsed Small Outlets"
"C02434",4,5,5,"Champions","Key Accounts"
"C02435",1,2,3,"Hibernating / Lost","Lapsed Small Outlets"
"C02436",5,3,4,"Champions","Key Accounts"
"C02437",3,3,3,"Loyal","Core Small Outlets"
"C02438",3,4,3,"Loyal","Core Small Outlets"
"C02439",2,3,3,"At Risk","Core Small Outlets"
"C02440",5,4,3,"Champions","Core Small Outlets"
"C02441",1,1,2,"Hibernating / Lost","Lapsed Small Outlets"
"C02442",2,4,4,"Can't Lose Them","Lapsing Key Accounts"
"C02443",2,1,2,"Hibernating / Lost","Lapsed Small Outlets"
"C02444",5,5,5,"Champions","Key Accounts"
"C02445",2,1,1,"Hibernating / Lost","Lapsed Small Outlets"
"C02447",2,5,5,"Can't Lose Them","Lapsing Key Accounts"
"C02448",3,4,3,"Loyal","Core Small Outlets"
"C02449",3,5,5,"Loyal","Key Accounts"
"C02450",3,3,2,"Needs Attention","Core Small Outlets"
"C02451",3,2,2,"Needs Attention","Core Small Outlets"
"C02452",5,5,5,"Champions","Key Accounts"
"C02453",4,4,5,"Champions","Key Accounts"
"C02454",5,4,4,"Champions","Key Accounts"
"C02455",1,1,1,"Hibernating / Lost","Lapsed Small Outlets"
"C02456",2,2,2,"Hibernating / Lost","Core Small Outlets"
"C02457",2,1,1,"Hibernating / Lost","Lapsed Small Outlets"
"C02458",2,1,1,"Hibernating / Lost","Lapsed Small Outlets"
"C02459",1,1,1,"Hibernating / Lost","Lapsed Small Outlets"
"C02461",4,4,5,"Champions","Key Accounts"
"C02462",1,2,2,"Hibernating / Lost","Lapsed Small Outlets"
"C02463",4,5,5,"Champions","Key Accounts"
"C02464",1,2,3,"Hibernating / Lost","Lapsed Small Outlets"
"C02465",4,4,3,"Champions","Core Small Outlets"
"C02467",5,2,2,"Promising / New","Core Small Outlets"
"C02469",2,3,3,"At Risk","Lapsed Small Outlets"
"C02470",5,3,5,"Champions","Key Accounts"
"C02471",5,5,4,"Champions","Core Small Outlets"
"C02472",4,2,4,"Loyal","Key Accounts"
"C02473",1,1,1,"Hibernating / Lost","Lapsed Small Outlets"
"C02474",1,1,2,"Hibernating / Lost","Lapsed Small Outlets"
"C02475",1,1,1,"Hibernating / Lost","Lapsed Small Outlets"
"C02476",1,3,4,"Can't Lose Them","Lapsing Key Accounts"
"C02477",1,1,1,"Hibernating / Lost","Lapsed Small Outlets"
"C02478",1,1,2,"Hibernating / Lost","Lapsing Key Accounts"
"C02479",5,5,5,"Champions","Core Small Outlets"
"C02480",2,3,2,"Hibernating / Lost","Core Small Outlets"
"C02481",3,4,4,"Loyal","Key Accounts"
"C02482",1,3,3,"At Risk","Lapsed Small Outlets"
"C02483",4,3,4,"Champions","Key Accounts"
"C02484",2,2,1,"Hibernating / Lost","Lapsed Small Outlets"
"C02485",1,1,1,"Hibernating / Lost","Lapsed Small Outlets"
"C02486",2,3,2,"Hibernating / Lost","Core Small Outlets"
"C02487",1,1,1,"Hibernating / Lost","Lapsed Small Outlets"
"C02489",3,4,3,"Loyal","Core Small Outlets"
"C02490",3,2,2,"Needs Attention","Core Small Outlets"
"C02492",3,2,2,"Needs Attention","Core Small Outlets"
"C02493",3,3,2,"Needs Attention","Core Small Outlets"
"C02494",2,1,1,"Hibernating / Lost","Core Small Outlets"
"C02495",3,3,2,"Needs Attention","Core Small Outlets"
"C02496",3,3,3,"Loyal","Core Small Outlets"
"C02498",3,3,3,"Loyal","Core Small Outlets"
"C02500",3,4,5,"Loyal","Key Accounts"
"C02501",4,1,2,"Promising / New","Core Small Outlets"
"C02503",1,1,1,"Hibernating / Lost","Lapsed Small Outlets"
"C02504",2,3,2,"Hibernating / Lost","Lapsed Small Outlets"
"C02505",3,4,5,"Loyal","Key Accounts"
"C02506",4,4,4,"Champions","Key Accounts"
"C02507",5,3,5,"Champions","Key Accounts"
"C02509",4,4,3,"Champions","Core Small Outlets"
"C02510",5,5,5,"Champions","Key Accounts"
"C02511",1,1,1,"Hibernating / Lost","Lapsed Small Outlets"
"C02512",1,1,1,"Hibernating / Lost","Lapsed Small Outlets"
"C02513",5,3,3,"Loyal","Core Small Outlets"
"C02514",4,5,5,"Champions","Key Accounts"
"C02515",2,2,1,"Hibernating / Lost","Lapsed Small Outlets"
"C02517",4,3,2,"Promising / New","Core Small Outlets"
"C02518",3,3,3,"Loyal","Core Small Outlets"
"C02519",1,1,1,"Hibernating / Lost","Lapsed Small Outlets"
"C02522",2,1,1,"Hibernating / Lost","Lapsed Small Outlets"
"C02524",1,1,1,"Hibernating / Lost","Lapsing Key Accounts"
"C02525",3,4,4,"Loyal","Core Small Outlets"
"C02526",5,2,1,"Promising / New","Core Small Outlets"
"C02527",3,4,4,"Loyal","Core Small Outlets"
"C02528",2,1,1,"Hibernating / Lost","Lapsed Small Outlets"
"C02529",3,3,2,"Needs Attention","Core Small Outlets"
"C02530",2,2,2,"Hibernating / Lost","Lapsed Small Outlets"
"C02531",5,5,4,"Champions","Core Small Outlets"
"C02532",3,2,2,"Needs Attention","Core Small Outlets"
"C02533",5,4,5,"Champions","Key Accounts"
"C02534",3,2,2,"Needs Attention","Core Small Outlets"
"C02535",2,3,4,"Can't Lose Them","Lapsing Key Accounts"
"C02537",3,3,2,"Needs Attention","Core Small Outlets"
"C02538",2,2,3,"Hibernating / Lost","Core Small Outlets"
"C02539",3,5,5,"Loyal","Key Accounts"
"C02540",1,1,2,"Hibernating / Lost","Lapsed Small Outlets"
"C02541",5,5,5,"Champions","Key Accounts"
"C02542",4,5,5,"Champions","Core Small Outlets"
"C02543",4,5,5,"Champions","Key Accounts"
"C02544",4,4,4,"Champions","Core Small Outlets"
"C02545",1,1,1,"Hibernating / Lost","Lapsed Small Outlets"
"C02546",3,3,4,"Loyal","Core Small Outlets"
"C02547",3,2,1,"Needs Attention","Core Small Outlets"
"C02548",5,2,2,"Promising / New","Core Small Outlets"
"C02549",2,4,5,"Can't Lose Them","Lapsing Key Accounts"
"C02550",4,3,2,"Promising / New","Core Small Outlets"
"C02552",5,5,5,"Champions","Key Accounts"
"C02553",1,1,1,"Hibernating / Lost","Lapsed Small Outlets"
"C02554",5,3,2,"Promising / New","Core Small Outlets"
"C02555",2,3,3,"At Risk","Lapsed Small Outlets"
"C02556",2,1,2,"Hibernating / Lost","Core Small Outlets"
"C02558",2,3,3,"At Risk","Core Small Outlets"
"C02559",5,5,5,"Champions","Core Small Outlets"
"C02560",4,5,5,"Champions","Key Accounts"
"C02561",3,3,4,"Loyal","Core Small Outlets"
"C02562",1,1,1,"Hibernating / Lost","Lapsed Small Outlets"
"C02563",2,1,4,"Hibernating / Lost","Lapsing Key Accounts"
"C02564",5,5,5,"Champions","Key Accounts"
"C02567",3,4,4,"Loyal","Key Accounts"
"C02568",3,2,2,"Needs Attention","Core Small Outlets"
"C02569",3,3,4,"Loyal","Core Small Outlets"
"C02570",2,1,1,"Hibernating / Lost","Lapsed Small Outlets"
"C02571",3,3,2,"Needs Attention","Core Small Outlets"
"C02572",5,5,4,"Champions","Key Accounts"
"C02573",4,3,3,"Loyal","Core Small Outlets"
"C02574",2,2,1,"Hibernating / Lost","Lapsed Small Outlets"
"C02575",2,5,5,"Can't Lose Them","Lapsing Key Accounts"
"C02576",2,2,1,"Hibernating / Lost","Lapsed Small Outlets"
"C02577",3,3,2,"Needs Attention","Core Small Outlets"
"C02578",3,5,5,"Loyal","Key Accounts"
"C02580",5,5,5,"Champions","Key Accounts"
"C02582",4,5,4,"Champions","Core Small Outlets"
"C02583",1,2,4,"At Risk","Lapsing Key Accounts"
"C02584",2,2,2,"Hibernating / Lost","Core Small Outlets"
"C02585",2,3,2,"Hibernating / Lost","Lapsed Small Outlets"
"C02586",2,2,1,"Hibernating / Lost","Lapsed Small Outlets"
"C02587",1,1,1,"Hibernating / Lost","Lapsed Small Outlets"
"C02588",1,1,1,"Hibernating / Lost","Lapsed Small Outlets"
"C02590",1,1,1,"Hibernating / Lost","Lapsed Small Outlets"
"C02591",5,2,2,"Promising / New","Core Small Outlets"
"C02595",4,5,5,"Champions","Key Accounts"
"C02596",1,1,1,"Hibernating / Lost","Lapsed Small Outlets"
"C02598",2,5,5,"Can't Lose Them","Lapsing Key Accounts"
"C02599",1,1,1,"Hibernating / Lost","Lapsed Small Outlets"
"C02601",2,2,1,"Hibernating / Lost","Lapsed Small Outlets"
"C02602",4,5,5,"Champions","Key Accounts"
"C02603",4,5,5,"Champions","Key Accounts"
"C02605",2,2,3,"Hibernating / Lost","Lapsed Small Outlets"
"C02606",4,5,5,"Champions","Key Accounts"
"C02607",4,2,1,"Promising / New","Core Small Outlets"
"C02608",5,2,4,"Loyal","Key Accounts"
"C02610",5,2,1,"Promising / New","Core Small Outlets"
"C02612",1,1,1,"Hibernating / Lost","Lapsed Small Outlets"
"C02613",1,1,1,"Hibernating / Lost","Lapsed Small Outlets"
"C02614",2,2,1,"Hibernating / Lost","Core Small Outlets"
"C02615",3,2,2,"Needs Attention","Core Small Outlets"
"C02617",1,1,1,"Hibernating / Lost","Lapsed Small Outlets"
"C02618",5,5,5,"Champions","Key Accounts"
"C02619",5,3,3,"Loyal","Core Small Outlets"
"C02620",3,2,2,"Needs Attention","Core Small Outlets"
"C02621",2,3,2,"Hibernating / Lost","Lapsed Small Outlets"
"C02622",2,3,3,"At Risk","Lapsed Small Outlets"
"C02623",3,2,2,"Needs Attention","Core Small Outlets"
"C02624",2,2,2,"Hibernating / Lost","Core Small Outlets"
"C02625",2,3,4,"Can't Lose Them","Key Accounts"
"C02626",1,1,1,"Hibernating / Lost","Lapsed Small Outlets"
"C02627",4,5,4,"Champions","Core Small Outlets"
"C02628",2,2,1,"Hibernating / Lost","Lapsed Small Outlets"
"C02629",3,2,1,"Needs Attention","Core Small Outlets"
"C02631",2,4,5,"Can't Lose Them","Lapsing Key Accounts"
"C02633",2,4,5,"Can't Lose Them","Lapsing Key Accounts"
"C02634",5,5,5,"Champions","Key Accounts"
"C02635",1,1,1,"Hibernating / Lost","Lapsed Small Outlets"
"C02636",3,2,2,"Needs Attention","Core Small Outlets"
"C02637",2,3,3,"At Risk","Lapsed Small Outlets"
"C02638",5,4,3,"Champions","Core Small Outlets"
"C02639",1,1,1,"Hibernating / Lost","Lapsed Small Outlets"
"C02640",2,5,5,"Can't Lose Them","Lapsing Key Accounts"
"C02641",1,2,3,"Hibernating / Lost","Lapsed Small Outlets"
"C02642",3,4,5,"Loyal","Key Accounts"
"C02643",5,5,5,"Champions","Key Accounts"
"C02645",5,5,5,"Champions","Key Accounts"
"C02646",4,3,2,"Promising / New","Core Small Outlets"
"C02647",4,4,4,"Champions","Core Small Outlets"
"C02648",1,1,1,"Hibernating / Lost","Lapsed Small Outlets"
"C02649",5,5,5,"Champions","Key Accounts"
"C02651",4,4,5,"Champions","Key Accounts"
"C02652",2,2,1,"Hibernating / Lost","Lapsed Small Outlets"
"C02653",3,4,5,"Loyal","Key Accounts"
"C02654",3,5,5,"Loyal","Key Accounts"
"C02655",5,4,3,"Champions","Core Small Outlets"
"C02656",5,4,5,"Champions","Key Accounts"
"C02657",4,4,3,"Champions","Core Small Outlets"
"C02658",1,1,3,"Hibernating / Lost","Lapsing Key Accounts"
"C02660",4,5,5,"Champions","Key Accounts"
"C02661",3,4,5,"Loyal","Key Accounts"
"C02662",2,1,1,"Hibernating / Lost","Lapsed Small Outlets"
"C02663",4,2,1,"Promising / New","Core Small Outlets"
"C02664",4,3,3,"Loyal","Core Small Outlets"
"C02665",3,3,5,"Loyal","Key Accounts"
"C02666",5,3,2,"Promising / New","Core Small Outlets"
"C02667",1,1,1,"Hibernating / Lost","Lapsed Small Outlets"
"C02668",1,1,1,"Hibernating / Lost","Lapsed Small Outlets"
"C02669",4,5,4,"Champions","Core Small Outlets"
"C02671",3,4,3,"Loyal","Core Small Outlets"
"C02672",1,2,4,"At Risk","Lapsing Key Accounts"
"C02673",2,4,5,"Can't Lose Them","Lapsing Key Accounts"
"C02674",4,3,4,"Champions","Key Accounts"
"C02675",1,1,1,"Hibernating / Lost","Lapsed Small Outlets"
"C02677",1,1,1,"Hibernating / Lost","Lapsed Small Outlets"
"C02678",1,1,1,"Hibernating / Lost","Lapsed Small Outlets"
"C02679",5,5,5,"Champions","Key Accounts"
"C02680",4,3,2,"Promising / New","Core Small Outlets"
"C02681",5,2,2,"Promising / New","Core Small Outlets"
"C02682",3,3,2,"Needs Attention","Core Small Outlets"
"C02684",1,1,1,"Hibernating / Lost","Lapsed Small Outlets"
"C02685",3,5,5,"Loyal","Key Accounts"
"C02686",2,4,4,"Can't Lose Them","Core Small Outlets"
"C02687",5,5,5,"Champions","Core Small Outlets"
"C02688",4,4,3,"Champions","Core Small Outlets"
"C02689",4,5,5,"Champions","Key Accounts"
"C02690",4,3,3,"Loyal","Core Small Outlets"
"C02691",3,3,2,"Needs Attention","Core Small Outlets"
"C02692",3,2,3,"Needs Attention","Core Small Outlets"
"C02693",1,1,1,"Hibernating / Lost","Lapsed Small Outlets"
"C02694",1,1,3,"Hibernating / Lost","Lapsed Small Outlets"
"C02695",5,4,4,"Champions","Core Small Outlets"
"C02696",2,5,5,"Can't Lose Them","Lapsing Key Accounts"
"C02697",4,5,5,"Champions","Key Accounts"
"C02698",2,1,3,"Hibernating / Lost","Lapsing Key Accounts"
"C02699",2,5,5,"Can't Lose Them","Lapsing Key Accounts"
"C02701",3,3,3,"Loyal","Core Small Outlets"
"C02702",2,2,1,"Hibernating / Lost","Lapsed Small Outlets"
"C02703",1,2,2,"Hibernating / Lost","Lapsed Small Outlets"
"C02704",5,5,5,"Champions","Key Accounts"
"C02708",1,1,1,"Hibernating / Lost","Lapsed Small Outlets"
"C02709",1,1,1,"Hibernating / Lost","Lapsed Small Outlets"
"C02710",4,5,5,"Champions","Key Accounts"
"C02711",5,2,2,"Promising / New","Core Small Outlets"
"C02712",2,2,1,"Hibernating / Lost","Lapsed Small Outlets"
"C02715",3,3,3,"Loyal","Core Small Outlets"
"C02716",5,4,3,"Champions","Core Small Outlets"
"C02717",4,4,3,"Champions","Core Small Outlets"
"C02718",4,3,2,"Promising / New","Core Small Outlets"
"C02719",5,5,4,"Champions","Core Small Outlets"
"C02720",2,2,2,"Hibernating / Lost","Lapsed Small Outlets"
"C02721",5,4,4,"Champions","Key Accounts"
"C02722",5,5,5,"Champions","Key Accounts"
"C02723",1,1,1,"Hibernating / Lost","Lapsed Small Outlets"
"C02724",1,1,1,"Hibernating / Lost","Lapsed Small Outlets"
"C02726",5,4,4,"Champions","Core Small Outlets"
"C02727",5,5,5,"Champions","Key Accounts"
"C02728",2,3,2,"Hibernating / Lost","Lapsed Small Outlets"
"C02730",3,5,4,"Loyal","Core Small Outlets"
"C02731",1,1,1,"Hibernating / Lost","Lapsed Small Outlets"
"C02732",3,3,3,"Loyal","Core Small Outlets"
"C02733",2,5,5,"Can't Lose Them","Core Small Outlets"
"C02734",2,4,4,"Can't Lose Them","Lapsed Small Outlets"
"C02736",3,2,1,"Needs Attention","Core Small Outlets"
"C02738",4,2,2,"Promising / New","Core Small Outlets"
"C02739",3,3,3,"Loyal","Core Small Outlets"
"C02740",5,5,5,"Champions","Key Accounts"
"C02741",2,2,1,"Hibernating / Lost","Lapsed Small Outlets"
"C02742",1,1,1,"Hibernating / Lost","Lapsed Small Outlets"
"C02743",2,3,4,"Can't Lose Them","Key Accounts"
"C02744",3,2,2,"Needs Attention","Core Small Outlets"
"C02745",4,5,4,"Champions","Core Small Outlets"
"C02747",4,5,5,"Champions","Key Accounts"
"C02748",2,5,5,"Can't Lose Them","Lapsing Key Accounts"
"C02749",3,3,5,"Loyal","Key Accounts"
"C02750",5,5,4,"Champions","Core Small Outlets"
"C02751",5,2,2,"Promising / New","Core Small Outlets"
"C02752",3,3,3,"Loyal","Core Small Outlets"
"C02753",1,1,1,"Hibernating / Lost","Lapsed Small Outlets"
"C02754",3,4,3,"Loyal","Core Small Outlets"
"C02755",1,2,2,"Hibernating / Lost","Lapsed Small Outlets"
"C02756",5,5,5,"Champions","Core Small Outlets"
"C02757",4,4,3,"Champions","Core Small Outlets"
"C02758",5,1,1,"Promising / New","Core Small Outlets"
"C02761",1,2,3,"Hibernating / Lost","Lapsed Small Outlets"
"C02762",1,1,1,"Hibernating / Lost","Lapsed Small Outlets"
"C02763",2,2,4,"At Risk","Key Accounts"
"C02764",4,3,2,"Promising / New","Core Small Outlets"
"C02766",5,5,5,"Champions","Core Small Outlets"
"C02767",4,5,5,"Champions","Core Small Outlets"
"C02768",3,4,3,"Loyal","Core Small Outlets"
"C02769",4,4,3,"Champions","Core Small Outlets"
"C02770",3,4,3,"Loyal","Core Small Outlets"
"C02774",3,5,5,"Loyal","Key Accounts"
"C02775",1,1,1,"Hibernating / Lost","Lapsed Small Outlets"
"C02776",4,5,4,"Champions","Core Small Outlets"
"C02777",2,1,1,"Hibernating / Lost","Lapsed Small Outlets"
"C02780",1,2,2,"Hibernating / Lost","Lapsed Small Outlets"
"C02782",4,3,3,"Loyal","Core Small Outlets"
"C02783",4,4,5,"Champions","Key Accounts"
"C02784",5,2,2,"Promising / New","Core Small Outlets"
"C02785",3,3,2,"Needs Attention","Core Small Outlets"
"C02787",2,3,3,"At Risk","Lapsed Small Outlets"
"C02789",3,3,2,"Needs Attention","Core Small Outlets"
"C02790",5,5,5,"Champions","Core Small Outlets"
"C02791",4,4,3,"Champions","Core Small Outlets"
"C02792",4,5,4,"Champions","Core Small Outlets"
"C02793",2,3,4,"Can't Lose Them","Core Small Outlets"
"C02794",2,3,3,"At Risk","Lapsed Small Outlets"
"C02795",3,4,3,"Loyal","Core Small Outlets"
"C02796",1,1,1,"Hibernating / Lost","Lapsed Small Outlets"
"C02797",2,4,4,"Can't Lose Them","Core Small Outlets"
"C02798",2,2,2,"Hibernating / Lost","Lapsed Small Outlets"
"C02799",5,2,2,"Promising / New","Core Small Outlets"
"C02800",1,1,2,"Hibernating / Lost","Lapsed Small Outlets"
"C02802",1,1,1,"Hibernating / Lost","Lapsed Small Outlets"
"C02803",1,2,4,"At Risk","Lapsing Key Accounts"
"C02804",5,5,4,"Champions","Core Small Outlets"
"C02805",1,2,2,"Hibernating / Lost","Lapsed Small Outlets"
"C02806",1,1,1,"Hibernating / Lost","Lapsed Small Outlets"
"C02807",5,5,5,"Champions","Key Accounts"
"C02808",2,4,4,"Can't Lose Them","Lapsing Key Accounts"
"C02809",5,5,4,"Champions","Core Small Outlets"
"C02810",2,2,2,"Hibernating / Lost","Core Small Outlets"
"C02811",5,5,4,"Champions","Core Small Outlets"
"C02812",1,1,1,"Hibernating / Lost","Lapsed Small Outlets"
"C02813",2,1,1,"Hibernating / Lost","Lapsed Small Outlets"
"C02814",1,2,2,"Hibernating / Lost","Lapsed Small Outlets"
"C02815",4,3,3,"Loyal","Core Small Outlets"
"C02816",1,1,1,"Hibernating / Lost","Lapsed Small Outlets"
"C02817",4,4,4,"Champions","Core Small Outlets"
"C02819",3,1,1,"Needs Attention","Core Small Outlets"
"C02820",4,5,5,"Champions","Key Accounts"
"C02821",5,5,4,"Champions","Core Small Outlets"
"C02822",2,2,1,"Hibernating / Lost","Core Small Outlets"
"C02823",2,2,2,"Hibernating / Lost","Lapsed Small Outlets"
"C02824",2,4,4,"Can't Lose Them","Lapsing Key Accounts"
"C02825",3,4,3,"Loyal","Core Small Outlets"
"C02826",4,5,5,"Champions","Core Small Outlets"
"C02827",4,5,5,"Champions","Key Accounts"
"C02828",3,4,4,"Loyal","Core Small Outlets"
"C02829",2,1,1,"Hibernating / Lost","Lapsed Small Outlets"
"C02831",1,1,1,"Hibernating / Lost","Lapsed Small Outlets"
"C02832",5,4,3,"Champions","Core Small Outlets"
"C02833",3,4,3,"Loyal","Core Small Outlets"
"C02834",4,5,5,"Champions","Key Accounts"
"C02835",4,5,5,"Champions","Key Accounts"
"C02836",1,1,1,"Hibernating / Lost","Lapsed Small Outlets"
"C02838",1,1,1,"Hibernating / Lost","Lapsed Small Outlets"
"C02839",5,3,2,"Promising / New","Core Small Outlets"
"C02840",2,3,2,"Hibernating / Lost","Core Small Outlets"
"C02841",1,3,4,"Can't Lose Them","Lapsing Key Accounts"
"C02843",4,4,4,"Champions","Key Accounts"
"C02845",5,4,4,"Champions","Core Small Outlets"
"C02846",1,3,3,"At Risk","Lapsed Small Outlets"
"C02847",3,3,3,"Loyal","Core Small Outlets"
"C02848",4,4,3,"Champions","Core Small Outlets"
"C02849",5,5,5,"Champions","Key Accounts"
"C02850",3,3,2,"Needs Attention","Core Small Outlets"
"C02851",1,1,1,"Hibernating / Lost","Lapsed Small Outlets"
"C02852",1,1,1,"Hibernating / Lost","Lapsed Small Outlets"
"C02853",1,2,3,"Hibernating / Lost","Lapsed Small Outlets"
"C02855",1,2,5,"Can't Lose Them","Lapsing Key Accounts"
"C02856",2,1,1,"Hibernating / Lost","Lapsed Small Outlets"
"C02857",2,2,1,"Hibernating / Lost","Lapsed Small Outlets"
"C02858",2,5,4,"Can't Lose Them","Lapsing Key Accounts"
"C02859",2,2,1,"Hibernating / Lost","Lapsed Small Outlets"
"C02860",4,5,4,"Champions","Core Small Outlets"
"C02861",1,2,1,"Hibernating / Lost","Lapsed Small Outlets"
"C02862",5,3,2,"Promising / New","Core Small Outlets"
"C02863",4,5,5,"Champions","Key Accounts"
"C02864",4,4,4,"Champions","Core Small Outlets"
"C02866",2,1,1,"Hibernating / Lost","Lapsed Small Outlets"
"C02867",1,1,3,"Hibernating / Lost","Lapsed Small Outlets"
"C02868",3,3,2,"Needs Attention","Core Small Outlets"
"C02869",1,1,1,"Hibernating / Lost","Lapsed Small Outlets"
"C02870",3,3,3,"Loyal","Core Small Outlets"
"C02871",2,1,1,"Hibernating / Lost","Lapsed Small Outlets"
"C02872",2,3,2,"Hibernating / Lost","Core Small Outlets"
"C02873",3,2,1,"Needs Attention","Core Small Outlets"
"C02874",3,5,5,"Loyal","Key Accounts"
"C02875",2,4,3,"Can't Lose Them","Core Small Outlets"
"C02876",1,1,1,"Hibernating / Lost","Lapsed Small Outlets"
"C02877",4,2,2,"Promising / New","Core Small Outlets"
"C02878",5,4,4,"Champions","Core Small Outlets"
"C02879",5,3,2,"Promising / New","Core Small Outlets"
"C02880",5,4,3,"Champions","Core Small Outlets"
"C02882",1,2,3,"Hibernating / Lost","Lapsed Small Outlets"
"C02884",5,5,5,"Champions","Key Accounts"
"C02887",2,2,2,"Hibernating / Lost","Lapsed Small Outlets"
"C02888",2,2,2,"Hibernating / Lost","Lapsed Small Outlets"
"C02890",4,5,4,"Champions","Core Small Outlets"
"C02891",5,5,5,"Champions","Key Accounts"
"C02892",2,2,1,"Hibernating / Lost","Lapsed Small Outlets"
"C02893",5,5,4,"Champions","Core Small Outlets"
"C02894",4,3,3,"Loyal","Core Small Outlets"
"C02895",3,2,1,"Needs Attention","Core Small Outlets"
"C02896",5,5,5,"Champions","Key Accounts"
"C02897",1,1,2,"Hibernating / Lost","Lapsed Small Outlets"
"C02898",3,5,5,"Loyal","Key Accounts"
"C02899",4,4,3,"Champions","Core Small Outlets"
"C02901",2,3,2,"Hibernating / Lost","Lapsed Small Outlets"
"C02902",3,4,3,"Loyal","Core Small Outlets"
"C02903",1,1,3,"Hibernating / Lost","Lapsed Small Outlets"
"C02904",3,4,3,"Loyal","Core Small Outlets"
"C02905",5,4,4,"Champions","Core Small Outlets"
"C02906",5,4,3,"Champions","Core Small Outlets"
"C02907",2,2,1,"Hibernating / Lost","Lapsed Small Outlets"
"C02908",4,3,2,"Promising / New","Core Small Outlets"
"C02909",2,2,2,"Hibernating / Lost","Lapsed Small Outlets"
"C02911",4,3,2,"Promising / New","Core Small Outlets"
"C02912",3,3,3,"Loyal","Core Small Outlets"
"C02913",5,5,5,"Champions","Key Accounts"
"C02914",4,2,1,"Promising / New","Core Small Outlets"
"C02915",2,3,4,"Can't Lose Them","Lapsing Key Accounts"
"C02916",1,2,2,"Hibernating / Lost","Lapsed Small Outlets"
"C02917",5,3,3,"Loyal","Core Small Outlets"
"C02918",1,1,1,"Hibernating / Lost","Lapsed Small Outlets"
"C02920",5,4,4,"Champions","Key Accounts"
"C02922",4,4,3,"Champions","Core Small Outlets"
"C02924",1,1,3,"Hibernating / Lost","Lapsing Key Accounts"
"C02925",2,3,3,"At Risk","Lapsed Small Outlets"
"C02926",5,2,3,"Promising / New","Core Small Outlets"
"C02927",2,1,1,"Hibernating / Lost","Lapsed Small Outlets"
"C02928",2,2,2,"Hibernating / Lost","Lapsed Small Outlets"
"C02929",3,3,3,"Loyal","Core Small Outlets"
"C02930",4,4,3,"Champions","Core Small Outlets"
"C02932",1,1,1,"Hibernating / Lost","Lapsed Small Outlets"
"C02936",3,3,3,"Loyal","Core Small Outlets"
"C02938",4,3,3,"Loyal","Core Small Outlets"
"C02939",4,5,4,"Champions","Core Small Outlets"
"C02940",5,4,5,"Champions","Key Accounts"
"C02941",3,5,5,"Loyal","Key Accounts"
"C02942",1,1,2,"Hibernating / Lost","Lapsed Small Outlets"
"C02943",2,2,4,"At Risk","Lapsing Key Accounts"
"C02944",2,3,2,"Hibernating / Lost","Lapsed Small Outlets"
"C02945",1,3,3,"At Risk","Lapsed Small Outlets"
"C02946",5,4,3,"Champions","Core Small Outlets"
"C02947",1,1,1,"Hibernating / Lost","Lapsed Small Outlets"
"C02948",3,2,2,"Needs Attention","Core Small Outlets"
"C02949",4,5,5,"Champions","Key Accounts"
"C02950",2,1,1,"Hibernating / Lost","Core Small Outlets"
"C02951",2,4,4,"Can't Lose Them","Core Small Outlets"
"C02952",4,3,2,"Promising / New","Core Small Outlets"
"C02953",4,5,5,"Champions","Core Small Outlets"
"C02954",3,3,2,"Needs Attention","Core Small Outlets"
"C02955",1,1,2,"Hibernating / Lost","Lapsed Small Outlets"
"C02959",2,5,5,"Can't Lose Them","Lapsing Key Accounts"
"C02960",2,1,1,"Hibernating / Lost","Lapsed Small Outlets"
"C02961",3,4,4,"Loyal","Core Small Outlets"
"C02962",2,2,2,"Hibernating / Lost","Lapsed Small Outlets"
"C02964",2,4,5,"Can't Lose Them","Lapsing Key Accounts"
"C02965",5,3,3,"Loyal","Core Small Outlets"
"C02966",5,5,5,"Champions","Core Small Outlets"
"C02967",1,1,1,"Hibernating / Lost","Lapsed Small Outlets"
"C02968",4,4,4,"Champions","Core Small Outlets"
"C02970",4,2,2,"Promising / New","Core Small Outlets"
"C02971",5,4,4,"Champions","Core Small Outlets"
"C02972",2,2,1,"Hibernating / Lost","Core Small Outlets"
"C02974",4,4,5,"Champions","Key Accounts"
"C02975",4,4,5,"Champions","Key Accounts"
"C02976",5,4,5,"Champions","Key Accounts"
"C02977",2,4,4,"Can't Lose Them","Lapsing Key Accounts"
"C02978",2,2,1,"Hibernating / Lost","Core Small Outlets"
"C02979",3,3,3,"Loyal","Core Small Outlets"
"C02980",3,2,2,"Needs Attention","Core Small Outlets"
"C02981",4,2,2,"Promising / New","Core Small Outlets"
"C02982",1,3,5,"Can't Lose Them","Lapsing Key Accounts"
"C02983",2,3,2,"Hibernating / Lost","Lapsed Small Outlets"
"C02985",1,2,2,"Hibernating / Lost","Lapsed Small Outlets"
"C02986",5,3,3,"Loyal","Core Small Outlets"
"C02987",3,1,1,"Needs Attention","Core Small Outlets"
"C02989",3,4,4,"Loyal","Core Small Outlets"
"C02991",3,3,3,"Loyal","Core Small Outlets"
"C02992",4,5,4,"Champions","Core Small Outlets"
"C02994",1,1,2,"Hibernating / Lost","Lapsed Small Outlets"
"C02995",4,5,5,"Champions","Key Accounts"
"C02997",3,3,4,"Loyal","Key Accounts"
"C02998",2,5,4,"Can't Lose Them","Lapsing Key Accounts"
"C02999",5,5,5,"Champions","Key Accounts"
"C03000",3,3,3,"Loyal","Core Small Outlets"
"C03001",4,4,3,"Champions","Core Small Outlets"
"C03002",2,3,4,"Can't Lose Them","Lapsing Key Accounts"
"C03004",3,2,1,"Needs Attention","Core Small Outlets"
"C03005",5,5,5,"Champions","Key Accounts"
"C03006",4,5,4,"Champions","Core Small Outlets"
"C03007",1,1,1,"Hibernating / Lost","Lapsed Small Outlets"
"C03008",1,1,1,"Hibernating / Lost","Lapsed Small Outlets"
"C03009",1,2,2,"Hibernating / Lost","Lapsed Small Outlets"
"C03010",4,4,3,"Champions","Core Small Outlets"
"C03011",5,4,3,"Champions","Core Small Outlets"
"C03013",2,3,2,"Hibernating / Lost","Lapsed Small Outlets"
"C03014",1,1,1,"Hibernating / Lost","Lapsed Small Outlets"
"C03015",3,4,4,"Loyal","Key Accounts"
"C03016",4,4,3,"Champions","Core Small Outlets"
"C03018",3,4,5,"Loyal","Key Accounts"
"C03019",4,2,3,"Promising / New","Core Small Outlets"
"C03020",3,4,4,"Loyal","Key Accounts"
"C03021",2,1,1,"Hibernating / Lost","Lapsed Small Outlets"
"C03022",3,1,1,"Needs Attention","Core Small Outlets"
"C03023",1,2,2,"Hibernating / Lost","Lapsed Small Outlets"
"C03024",2,4,4,"Can't Lose Them","Core Small Outlets"
"C03025",5,5,5,"Champions","Core Small Outlets"
"C03026",5,4,4,"Champions","Core Small Outlets"
"C03028",3,5,5,"Loyal","Key Accounts"
"C03029",2,1,1,"Hibernating / Lost","Lapsed Small Outlets"
"C03030",2,2,4,"At Risk","Key Accounts"
"C03031",1,3,4,"Can't Lose Them","Lapsing Key Accounts"
"C03032",5,5,5,"Champions","Core Small Outlets"
"C03033",2,2,1,"Hibernating / Lost","Lapsed Small Outlets"
"C03034",4,3,2,"Promising / New","Core Small Outlets"
"C03035",1,2,3,"Hibernating / Lost","Lapsed Small Outlets"
"C03036",3,1,2,"Needs Attention","Core Small Outlets"
"C03037",3,4,4,"Loyal","Core Small Outlets"
"C03038",5,3,3,"Loyal","Core Small Outlets"
"C03039",2,2,3,"Hibernating / Lost","Core Small Outlets"
"C03041",3,2,3,"Needs Attention","Core Small Outlets"
"C03042",2,3,3,"At Risk","Core Small Outlets"
"C03043",3,5,4,"Loyal","Core Small Outlets"
"C03044",3,2,2,"Needs Attention","Core Small Outlets"
"C03045",3,4,3,"Loyal","Core Small Outlets"
"C03046",4,4,3,"Champions","Core Small Outlets"
"C03048",1,1,1,"Hibernating / Lost","Lapsed Small Outlets"
"C03049",4,5,5,"Champions","Key Accounts"
"C03050",2,3,2,"Hibernating / Lost","Lapsed Small Outlets"
"C03051",4,3,2,"Promising / New","Core Small Outlets"
"C03052",3,4,4,"Loyal","Core Small Outlets"
"C03053",2,2,1,"Hibernating / Lost","Lapsed Small Outlets"
"C03054",4,4,4,"Champions","Core Small Outlets"
"C03055",5,5,5,"Champions","Key Accounts"
"C03056",5,4,3,"Champions","Core Small Outlets"
"C03057",4,4,3,"Champions","Core Small Outlets"
"C03058",2,3,4,"Can't Lose Them","Lapsing Key Accounts"
"C03059",4,4,3,"Champions","Core Small Outlets"
"C03060",3,3,3,"Loyal","Core Small Outlets"
"C03061",3,4,4,"Loyal","Core Small Outlets"
"C03062",4,5,5,"Champions","Key Accounts"
"C03063",1,1,1,"Hibernating / Lost","Lapsed Small Outlets"
"C03064",1,2,1,"Hibernating / Lost","Lapsed Small Outlets"
"C03066",4,3,4,"Champions","Core Small Outlets"
"C03067",2,1,1,"Hibernating / Lost","Lapsed Small Outlets"
"C03068",2,3,2,"Hibernating / Lost","Core Small Outlets"
"C03070",1,1,2,"Hibernating / Lost","Lapsed Small Outlets"
"C03071",4,3,2,"Promising / New","Core Small Outlets"
"C03072",2,2,2,"Hibernating / Lost","Lapsed Small Outlets"
"C03073",1,1,1,"Hibernating / Lost","Lapsed Small Outlets"
"C03074",3,4,3,"Loyal","Core Small Outlets"
"C03075",2,3,3,"At Risk","Lapsed Small Outlets"
"C03076",5,5,4,"Champions","Core Small Outlets"
"C03078",3,4,3,"Loyal","Core Small Outlets"
"C03079",4,4,3,"Champions","Core Small Outlets"
"C03080",3,1,1,"Needs Attention","Core Small Outlets"
"C03081",1,1,1,"Hibernating / Lost","Lapsed Small Outlets"
"C03084",1,1,1,"Hibernating / Lost","Lapsed Small Outlets"
"C03085",4,5,5,"Champions","Key Accounts"
"C03086",4,5,4,"Champions","Core Small Outlets"
"C03087",5,3,4,"Champions","Key Accounts"
"C03088",3,4,4,"Loyal","Core Small Outlets"
"C03089",3,2,1,"Needs Attention","Core Small Outlets"
"C03090",4,5,5,"Champions","Key Accounts"
"C03091",3,4,3,"Loyal","Core Small Outlets"
"C03092",5,5,5,"Champions","Key Accounts"
"C03093",2,3,3,"At Risk","Core Small Outlets"
"C03094",1,3,3,"At Risk","Lapsed Small Outlets"
"C03095",5,5,5,"Champions","Key Accounts"
"C03096",5,5,5,"Champions","Key Accounts"
"C03097",2,2,1,"Hibernating / Lost","Lapsed Small Outlets"
"C03098",1,1,1,"Hibernating / Lost","Lapsed Small Outlets"
"C03099",2,1,1,"Hibernating / Lost","Core Small Outlets"
"C03100",1,1,1,"Hibernating / Lost","Lapsed Small Outlets"
"C03101",3,5,5,"Loyal","Key Accounts"
"C03102",2,2,2,"Hibernating / Lost","Lapsed Small Outlets"
"C03103",5,5,4,"Champions","Core Small Outlets"
"C03105",2,1,2,"Hibernating / Lost","Lapsed Small Outlets"
"C03106",3,3,3,"Loyal","Core Small Outlets"
"C03107",3,3,2,"Needs Attention","Core Small Outlets"
"C03108",3,5,4,"Loyal","Core Small Outlets"
"C03109",1,1,1,"Hibernating / Lost","Lapsed Small Outlets"
"C03110",2,1,1,"Hibernating / Lost","Lapsed Small Outlets"
"C03111",1,1,1,"Hibernating / Lost","Lapsed Small Outlets"
"C03112",4,5,5,"Champions","Key Accounts"
"C03113",1,1,1,"Hibernating / Lost","Lapsed Small Outlets"
"C03114",2,5,5,"Can't Lose Them","Lapsing Key Accounts"
"C03115",5,5,5,"Champions","Core Small Outlets"
"C03116",1,3,4,"Can't Lose Them","Lapsing Key Accounts"
"C03117",4,2,4,"Loyal","Key Accounts"
"C03118",3,3,3,"Loyal","Core Small Outlets"
"C03119",5,3,3,"Loyal","Core Small Outlets"
"C03121",4,3,2,"Promising / New","Core Small Outlets"
"C03122",4,4,4,"Champions","Core Small Outlets"
"C03123",1,2,4,"At Risk","Lapsing Key Accounts"
"C03125",3,1,2,"Needs Attention","Core Small Outlets"
"C03126",4,5,5,"Champions","Key Accounts"
"C03127",5,4,3,"Champions","Core Small Outlets"
"C03129",2,2,3,"Hibernating / Lost","Lapsed Small Outlets"
"C03131",1,2,3,"Hibernating / Lost","Lapsed Small Outlets"
"C03132",2,4,3,"Can't Lose Them","Lapsed Small Outlets"
"C03133",5,4,4,"Champions","Core Small Outlets"
"C03134",3,2,2,"Needs Attention","Core Small Outlets"
"C03135",2,2,1,"Hibernating / Lost","Lapsed Small Outlets"
"C03136",2,3,3,"At Risk","Lapsed Small Outlets"
"C03140",4,5,5,"Champions","Key Accounts"
"C03141",1,1,1,"Hibernating / Lost","Lapsed Small Outlets"
"C03142",2,2,1,"Hibernating / Lost","Core Small Outlets"
"C03143",4,4,4,"Champions","Key Accounts"
"C03144",5,4,4,"Champions","Key Accounts"
"C03145",1,2,3,"Hibernating / Lost","Lapsed Small Outlets"
"C03146",4,5,5,"Champions","Key Accounts"
"C03147",2,4,3,"Can't Lose Them","Lapsed Small Outlets"
"C03148",5,4,5,"Champions","Key Accounts"
"C03149",1,1,2,"Hibernating / Lost","Lapsed Small Outlets"
"C03150",3,4,4,"Loyal","Core Small Outlets"
"C03151",3,3,3,"Loyal","Core Small Outlets"
"C03154",4,4,4,"Champions","Core Small Outlets"
"C03155",5,5,5,"Champions","Key Accounts"
"C03156",2,4,3,"Can't Lose Them","Core Small Outlets"
"C03157",4,5,5,"Champions","Key Accounts"
"C03158",4,5,5,"Champions","Key Accounts"
"C03159",4,3,2,"Promising / New","Core Small Outlets"
"C03160",2,3,3,"At Risk","Core Small Outlets"
"C03161",4,4,3,"Champions","Core Small Outlets"
"C03162",2,2,2,"Hibernating / Lost","Lapsed Small Outlets"
"C03163",5,5,5,"Champions","Key Accounts"
"C03165",2,2,1,"Hibernating / Lost","Lapsed Small Outlets"
"C03166",1,1,1,"Hibernating / Lost","Lapsed Small Outlets"
"C03167",4,5,5,"Champions","Key Accounts"
"C03169",5,5,5,"Champions","Key Accounts"
"C03171",1,1,1,"Hibernating / Lost","Lapsed Small Outlets"
"C03173",2,1,3,"Hibernating / Lost","Lapsing Key Accounts"
"C03175",5,2,2,"Promising / New","Core Small Outlets"
"C03176",2,2,2,"Hibernating / Lost","Lapsed Small Outlets"
"C03177",2,4,5,"Can't Lose Them","Lapsing Key Accounts"
"C03178",1,1,1,"Hibernating / Lost","Lapsed Small Outlets"
"C03179",1,2,2,"Hibernating / Lost","Lapsed Small Outlets"
"C03180",5,5,5,"Champions","Key Accounts"
"C03181",5,5,5,"Champions","Key Accounts"
"C03182",5,5,4,"Champions","Core Small Outlets"
"C03183",3,4,3,"Loyal","Core Small Outlets"
"C03184",3,2,2,"Needs Attention","Core Small Outlets"
"C03185",2,3,2,"Hibernating / Lost","Core Small Outlets"
"C03186",2,3,4,"Can't Lose Them","Lapsed Small Outlets"
"C03187",4,3,3,"Loyal","Core Small Outlets"
"C03188",4,3,4,"Champions","Key Accounts"
"C03190",3,4,4,"Loyal","Core Small Outlets"
"C03191",1,1,1,"Hibernating / Lost","Lapsed Small Outlets"
"C03197",3,4,5,"Loyal","Key Accounts"
"C03198",2,4,3,"Can't Lose Them","Lapsed Small Outlets"
"C03199",4,5,5,"Champions","Key Accounts"
"C03200",2,2,1,"Hibernating / Lost","Lapsed Small Outlets"
"C03202",4,4,4,"Champions","Core Small Outlets"
"C03204",3,4,4,"Loyal","Core Small Outlets"
"C03206",2,3,4,"Can't Lose Them","Lapsed Small Outlets"
"C03207",2,1,1,"Hibernating / Lost","Core Small Outlets"
"C03208",3,1,1,"Needs Attention","Core Small Outlets"
"C03209",1,1,1,"Hibernating / Lost","Lapsed Small Outlets"
"C03210",1,1,1,"Hibernating / Lost","Lapsed Small Outlets"
"C03211",4,4,5,"Champions","Key Accounts"
"C03212",1,1,1,"Hibernating / Lost","Lapsed Small Outlets"
"C03213",5,5,5,"Champions","Key Accounts"
"C03214",1,2,1,"Hibernating / Lost","Lapsed Small Outlets"
"C03216",4,5,5,"Champions","Core Small Outlets"
"C03217",1,1,1,"Hibernating / Lost","Lapsed Small Outlets"
"C03218",2,2,3,"Hibernating / Lost","Core Small Outlets"
"C03219",2,1,1,"Hibernating / Lost","Lapsed Small Outlets"
"C03220",4,5,4,"Champions","Core Small Outlets"
"C03221",5,4,5,"Champions","Key Accounts"
"C03223",2,2,1,"Hibernating / Lost","Lapsed Small Outlets"
"C03224",5,5,5,"Champions","Key Accounts"
"C03225",3,5,5,"Loyal","Key Accounts"
"C03226",3,3,2,"Needs Attention","Core Small Outlets"
"C03228",1,1,2,"Hibernating / Lost","Lapsed Small Outlets"
"C03229",3,3,2,"Needs Attention","Core Small Outlets"
"C03231",2,3,2,"Hibernating / Lost","Lapsed Small Outlets"
"C03232",2,3,5,"Can't Lose Them","Lapsing Key Accounts"
"C03233",1,1,1,"Hibernating / Lost","Lapsed Small Outlets"
"C03234",5,3,2,"Promising / New","Core Small Outlets"
"C03235",1,1,1,"Hibernating / Lost","Lapsed Small Outlets"
"C03236",5,5,5,"Champions","Core Small Outlets"
"C03237",5,5,5,"Champions","Key Accounts"
"C03238",3,2,2,"Needs Attention","Core Small Outlets"
"C03239",5,2,3,"Promising / New","Core Small Outlets"
"C03240",4,4,4,"Champions","Key Accounts"
"C03242",1,1,1,"Hibernating / Lost","Lapsed Small Outlets"
"C03243",1,1,1,"Hibernating / Lost","Lapsed Small Outlets"
"C03244",2,4,4,"Can't Lose Them","Lapsing Key Accounts"
"C03245",1,2,1,"Hibernating / Lost","Lapsed Small Outlets"
"C03246",1,1,2,"Hibernating / Lost","Lapsed Small Outlets"
"C03247",5,3,4,"Champions","Key Accounts"
"C03248",3,5,5,"Loyal","Key Accounts"
"C03250",3,3,5,"Loyal","Key Accounts"
"C03251",4,3,2,"Promising / New","Core Small Outlets"
"C03252",5,5,4,"Champions","Core Small Outlets"
"C03253",3,3,2,"Needs Attention","Core Small Outlets"
"C03254",1,3,3,"At Risk","Lapsed Small Outlets"
"C03255",3,4,3,"Loyal","Core Small Outlets"
"C03256",4,5,5,"Champions","Key Accounts"
"C03258",3,4,4,"Loyal","Key Accounts"
"C03259",1,1,1,"Hibernating / Lost","Lapsed Small Outlets"
"C03260",3,4,4,"Loyal","Core Small Outlets"
"C03261",3,3,2,"Needs Attention","Core Small Outlets"
"C03262",3,4,5,"Loyal","Key Accounts"
"C03263",2,3,3,"At Risk","Core Small Outlets"
"C03264",4,5,5,"Champions","Key Accounts"
"C03265",3,3,2,"Needs Attention","Core Small Outlets"
"C03266",3,3,3,"Loyal","Core Small Outlets"
"C03267",3,4,4,"Loyal","Core Small Outlets"
"C03268",1,1,2,"Hibernating / Lost","Lapsed Small Outlets"
"C03269",1,1,1,"Hibernating / Lost","Lapsed Small Outlets"
"C03270",3,4,4,"Loyal","Core Small Outlets"
"C03271",3,5,5,"Loyal","Key Accounts"
"C03274",2,2,2,"Hibernating / Lost","Lapsed Small Outlets"
"C03275",1,1,1,"Hibernating / Lost","Lapsed Small Outlets"
"C03276",1,3,5,"Can't Lose Them","Lapsing Key Accounts"
"C03277",5,5,5,"Champions","Key Accounts"
"C03278",5,4,3,"Champions","Core Small Outlets"
"C03279",1,1,1,"Hibernating / Lost","Lapsed Small Outlets"
"C03280",5,4,4,"Champions","Key Accounts"
"C03281",3,3,3,"Loyal","Core Small Outlets"
"C03282",5,3,2,"Promising / New","Core Small Outlets"
"C03284",2,2,3,"Hibernating / Lost","Lapsed Small Outlets"
"C03285",2,1,2,"Hibernating / Lost","Lapsed Small Outlets"
"C03286",5,4,5,"Champions","Key Accounts"
"C03287",4,3,3,"Loyal","Core Small Outlets"
"C03288",2,2,2,"Hibernating / Lost","Lapsed Small Outlets"
"C03289",3,5,4,"Loyal","Core Small Outlets"
"C03290",4,3,2,"Promising / New","Core Small Outlets"
"C03291",1,2,3,"Hibernating / Lost","Lapsed Small Outlets"
"C03292",4,5,5,"Champions","Key Accounts"
"C03293",2,4,4,"Can't Lose Them","Lapsing Key Accounts"
"C03294",5,4,4,"Champions","Core Small Outlets"
"C03296",4,5,5,"Champions","Key Accounts"
"C03297",1,2,3,"Hibernating / Lost","Lapsed Small Outlets"
"C03298",1,1,1,"Hibernating / Lost","Lapsed Small Outlets"
"C03299",5,4,4,"Champions","Key Accounts"
"C03301",4,4,3,"Champions","Core Small Outlets"
"C03302",5,4,3,"Champions","Core Small Outlets"
"C03303",5,4,3,"Champions","Core Small Outlets"
"C03304",2,2,1,"Hibernating / Lost","Lapsed Small Outlets"
"C03305",4,5,5,"Champions","Key Accounts"
"C03306",2,3,3,"At Risk","Lapsed Small Outlets"
"C03307",4,4,3,"Champions","Core Small Outlets"
"C03308",4,5,5,"Champions","Key Accounts"
"C03309",2,1,1,"Hibernating / Lost","Lapsed Small Outlets"
"C03310",1,1,1,"Hibernating / Lost","Lapsed Small Outlets"
"C03312",2,4,3,"Can't Lose Them","Lapsed Small Outlets"
"C03314",1,1,1,"Hibernating / Lost","Lapsed Small Outlets"
"C03316",1,2,3,"Hibernating / Lost","Lapsed Small Outlets"
"C03318",3,4,3,"Loyal","Core Small Outlets"
"C03319",5,4,4,"Champions","Core Small Outlets"
"C03320",4,3,3,"Loyal","Core Small Outlets"
"C03321",2,1,2,"Hibernating / Lost","Lapsed Small Outlets"
"C03323",3,4,3,"Loyal","Core Small Outlets"
"C03324",1,2,4,"At Risk","Lapsing Key Accounts"
"C03326",5,5,5,"Champions","Key Accounts"
"C03328",3,4,2,"Loyal","Core Small Outlets"
"C03329",2,1,2,"Hibernating / Lost","Lapsed Small Outlets"
"C03330",5,3,2,"Promising / New","Core Small Outlets"
"C03331",4,4,4,"Champions","Core Small Outlets"
"C03332",4,5,4,"Champions","Core Small Outlets"
"C03333",3,4,3,"Loyal","Core Small Outlets"
"C03334",1,1,1,"Hibernating / Lost","Lapsed Small Outlets"
"C03335",3,4,4,"Loyal","Key Accounts"
"C03336",4,5,5,"Champions","Key Accounts"
"C03338",2,4,3,"Can't Lose Them","Lapsed Small Outlets"
"C03339",4,5,5,"Champions","Key Accounts"
"C03340",4,3,4,"Champions","Key Accounts"
"C03342",4,4,3,"Champions","Core Small Outlets"
"C03343",3,5,5,"Loyal","Key Accounts"
"C03344",4,2,1,"Promising / New","Core Small Outlets"
"C03345",2,3,4,"Can't Lose Them","Lapsed Small Outlets"
"C03346",3,5,5,"Loyal","Key Accounts"
"C03347",5,4,4,"Champions","Key Accounts"
"C03348",3,5,5,"Loyal","Key Accounts"
"C03349",2,3,2,"Hibernating / Lost","Lapsed Small Outlets"
"C03350",2,2,3,"Hibernating / Lost","Lapsed Small Outlets"
"C03351",1,1,1,"Hibernating / Lost","Lapsed Small Outlets"
"C03352",1,2,2,"Hibernating / Lost","Lapsed Small Outlets"
"C03353",5,4,3,"Champions","Core Small Outlets"
"C03355",3,3,3,"Loyal","Core Small Outlets"
"C03356",3,5,5,"Loyal","Key Accounts"
"C03357",3,4,4,"Loyal","Core Small Outlets"
"C03359",1,1,1,"Hibernating / Lost","Lapsed Small Outlets"
"C03360",3,5,5,"Loyal","Key Accounts"
"C03361",5,3,3,"Loyal","Core Small Outlets"
"C03362",3,3,2,"Needs Attention","Core Small Outlets"
"C03363",5,2,2,"Promising / New","Core Small Outlets"
"C03364",3,4,4,"Loyal","Core Small Outlets"
"C03365",5,5,5,"Champions","Key Accounts"
"C03366",1,1,1,"Hibernating / Lost","Lapsed Small Outlets"
"C03371",3,3,2,"Needs Attention","Core Small Outlets"
"C03372",3,2,2,"Needs Attention","Core Small Outlets"
"C03373",4,5,4,"Champions","Core Small Outlets"
"C03374",1,2,2,"Hibernating / Lost","Lapsed Small Outlets"
"C03375",1,2,3,"Hibernating / Lost","Lapsed Small Outlets"
"C03376",2,1,1,"Hibernating / Lost","Core Small Outlets"
"C03377",4,5,4,"Champions","Core Small Outlets"
"C03379",5,5,5,"Champions","Key Accounts"
"C03380",5,5,5,"Champions","Key Accounts"
"C03382",3,5,4,"Loyal","Core Small Outlets"
"C03383",1,1,1,"Hibernating / Lost","Lapsed Small Outlets"
"C03384",1,3,4,"Can't Lose Them","Lapsing Key Accounts"
"C03386",3,5,4,"Loyal","Core Small Outlets"
"C03387",4,3,3,"Loyal","Core Small Outlets"
"C03389",1,2,3,"Hibernating / Lost","Lapsed Small Outlets"
"C03391",4,2,1,"Promising / New","Core Small Outlets"
"C03393",4,4,4,"Champions","Key Accounts"
"C03394",5,4,3,"Champions","Core Small Outlets"
"C03395",5,5,4,"Champions","Core Small Outlets"
"C03396",3,5,5,"Loyal","Core Small Outlets"
"C03397",3,2,2,"Needs Attention","Core Small Outlets"
"C03399",1,1,1,"Hibernating / Lost","Lapsed Small Outlets"
"C03400",3,2,2,"Needs Attention","Core Small Outlets"
"C03401",5,5,5,"Champions","Key Accounts"
"C03402",3,3,3,"Loyal","Core Small Outlets"
"C03403",5,5,5,"Champions","Key Accounts"
"C03404",3,3,2,"Needs Attention","Core Small Outlets"
"C03405",1,1,1,"Hibernating / Lost","Lapsed Small Outlets"
"C03406",3,4,4,"Loyal","Core Small Outlets"
"C03407",5,4,5,"Champions","Key Accounts"
"C03408",1,1,1,"Hibernating / Lost","Lapsed Small Outlets"
"C03409",1,2,4,"At Risk","Lapsing Key Accounts"
"C03410",1,1,2,"Hibernating / Lost","Lapsed Small Outlets"
"C03411",2,5,5,"Can't Lose Them","Lapsing Key Accounts"
"C03412",4,4,3,"Champions","Core Small Outlets"
"C03414",2,1,2,"Hibernating / Lost","Lapsed Small Outlets"
"C03416",3,3,2,"Needs Attention","Core Small Outlets"
"C03417",1,1,1,"Hibernating / Lost","Lapsed Small Outlets"
"C03418",1,1,1,"Hibernating / Lost","Lapsed Small Outlets"
"C03419",5,4,4,"Champions","Key Accounts"
"C03421",1,1,1,"Hibernating / Lost","Lapsed Small Outlets"
"C03422",2,2,1,"Hibernating / Lost","Lapsed Small Outlets"
"C03423",3,5,5,"Loyal","Key Accounts"
"C03424",1,1,1,"Hibernating / Lost","Lapsed Small Outlets"
"C03425",1,1,2,"Hibernating / Lost","Lapsed Small Outlets"
"C03426",1,1,4,"Hibernating / Lost","Lapsing Key Accounts"
"C03427",4,3,3,"Loyal","Core Small Outlets"
"C03428",5,4,5,"Champions","Key Accounts"
"C03430",3,5,5,"Loyal","Key Accounts"
"C03433",3,2,1,"Needs Attention","Core Small Outlets"
"C03434",3,3,3,"Loyal","Core Small Outlets"
"C03436",1,2,2,"Hibernating / Lost","Lapsed Small Outlets"
"C03437",2,2,1,"Hibernating / Lost","Lapsed Small Outlets"
"C03439",4,4,4,"Champions","Core Small Outlets"
"C03443",5,3,3,"Loyal","Core Small Outlets"
"C03445",4,5,4,"Champions","Core Small Outlets"
"C03446",4,2,2,"Promising / New","Core Small Outlets"
"C03447",5,3,3,"Loyal","Core Small Outlets"
"C03448",1,2,5,"Can't Lose Them","Lapsing Key Accounts"
"C03449",5,1,1,"Promising / New","Core Small Outlets"
"C03450",4,3,3,"Loyal","Core Small Outlets"
"C03451",4,3,4,"Champions","Core Small Outlets"
"C03452",4,4,4,"Champions","Core Small Outlets"
"C03454",5,4,5,"Champions","Key Accounts"
"C03455",1,1,1,"Hibernating / Lost","Lapsed Small Outlets"
"C03456",5,4,4,"Champions","Core Small Outlets"
"C03457",5,3,3,"Loyal","Core Small Outlets"
"C03458",3,4,3,"Loyal","Core Small Outlets"
"C03459",5,5,5,"Champions","Key Accounts"
"C03460",2,5,4,"Can't Lose Them","Lapsed Small Outlets"
"C03461",1,2,2,"Hibernating / Lost","Lapsed Small Outlets"
"C03462",2,2,3,"Hibernating / Lost","Lapsed Small Outlets"
"C03463",5,3,2,"Promising / New","Core Small Outlets"
"C03464",3,5,5,"Loyal","Key Accounts"
"C03465",2,3,2,"Hibernating / Lost","Lapsed Small Outlets"
"C03466",2,3,3,"At Risk","Lapsed Small Outlets"
"C03467",1,2,2,"Hibernating / Lost","Lapsed Small Outlets"
"C03468",3,3,3,"Loyal","Core Small Outlets"
"C03470",2,3,2,"Hibernating / Lost","Lapsed Small Outlets"
"C03471",1,2,3,"Hibernating / Lost","Lapsed Small Outlets"
"C03472",2,1,1,"Hibernating / Lost","Lapsed Small Outlets"
"C03474",2,4,2,"At Risk","Lapsed Small Outlets"
"C03475",2,2,3,"Hibernating / Lost","Core Small Outlets"
"C03476",1,1,1,"Hibernating / Lost","Lapsed Small Outlets"
"C03477",2,2,2,"Hibernating / Lost","Lapsed Small Outlets"
"C03478",1,1,3,"Hibernating / Lost","Lapsing Key Accounts"
"C03479",1,1,1,"Hibernating / Lost","Lapsed Small Outlets"
"C03480",5,5,4,"Champions","Core Small Outlets"
"C03481",2,4,3,"Can't Lose Them","Core Small Outlets"
"C03482",2,1,1,"Hibernating / Lost","Lapsed Small Outlets"
"C03483",4,5,5,"Champions","Key Accounts"
"C03484",2,3,4,"Can't Lose Them","Lapsed Small Outlets"
"C03485",1,1,1,"Hibernating / Lost","Lapsed Small Outlets"
"C03488",5,5,5,"Champions","Key Accounts"
"C03489",2,3,4,"Can't Lose Them","Lapsing Key Accounts"
"C03490",4,3,2,"Promising / New","Core Small Outlets"
"C03491",2,1,2,"Hibernating / Lost","Lapsed Small Outlets"
"C03492",2,2,2,"Hibernating / Lost","Lapsed Small Outlets"
"C03493",3,5,5,"Loyal","Key Accounts"
"C03494",5,5,5,"Champions","Core Small Outlets"
"C03495",4,4,4,"Champions","Key Accounts"
"C03497",5,3,2,"Promising / New","Core Small Outlets"
"C03498",3,3,4,"Loyal","Key Accounts"
"C03501",2,1,2,"Hibernating / Lost","Core Small Outlets"
"C03502",5,3,3,"Loyal","Core Small Outlets"
"C03503",2,4,5,"Can't Lose Them","Lapsing Key Accounts"
"C03505",5,5,5,"Champions","Key Accounts"
"C03507",1,2,4,"At Risk","Lapsing Key Accounts"
"C03508",1,3,3,"At Risk","Lapsed Small Outlets"
"C03511",5,5,5,"Champions","Key Accounts"
"C03512",4,3,4,"Champions","Key Accounts"
"C03513",5,5,4,"Champions","Core Small Outlets"
"C03514",1,1,1,"Hibernating / Lost","Lapsed Small Outlets"
"C03515",3,2,3,"Needs Attention","Core Small Outlets"
"C03516",2,2,2,"Hibernating / Lost","Lapsed Small Outlets"
"C03517",2,3,3,"At Risk","Core Small Outlets"
"C03518",4,4,5,"Champions","Key Accounts"
"C03519",2,1,1,"Hibernating / Lost","Lapsed Small Outlets"
"C03520",2,2,2,"Hibernating / Lost","Lapsed Small Outlets"
"C03521",1,1,1,"Hibernating / Lost","Lapsed Small Outlets"
"C03522",3,4,4,"Loyal","Key Accounts"
"C03523",3,4,4,"Loyal","Core Small Outlets"
"C03525",5,3,2,"Promising / New","Core Small Outlets"
"C03526",4,5,4,"Champions","Core Small Outlets"
"C03527",4,2,2,"Promising / New","Core Small Outlets"
"C03528",4,5,5,"Champions","Key Accounts"
"C03529",5,5,4,"Champions","Core Small Outlets"
"C03530",4,5,5,"Champions","Key Accounts"
"C03531",5,3,3,"Loyal","Core Small Outlets"
"C03532",4,5,4,"Champions","Core Small Outlets"
"C03533",5,3,5,"Champions","Key Accounts"
"C03534",5,5,5,"Champions","Key Accounts"
"C03535",1,2,4,"At Risk","Lapsing Key Accounts"
"C03536",3,3,2,"Needs Attention","Core Small Outlets"
"C03538",2,5,5,"Can't Lose Them","Lapsing Key Accounts"
"C03539",5,5,4,"Champions","Core Small Outlets"
"C03540",3,5,5,"Loyal","Key Accounts"
"C03541",4,5,5,"Champions","Key Accounts"
"C03542",3,4,4,"Loyal","Core Small Outlets"
"C03543",4,5,5,"Champions","Core Small Outlets"
"C03544",2,3,4,"Can't Lose Them","Lapsing Key Accounts"
"C03545",4,5,5,"Champions","Core Small Outlets"
"C03546",4,4,5,"Champions","Key Accounts"
"C03547",1,1,2,"Hibernating / Lost","Lapsing Key Accounts"
"C03548",4,5,4,"Champions","Core Small Outlets"
"C03549",5,5,5,"Champions","Core Small Outlets"
"C03550",2,2,1,"Hibernating / Lost","Core Small Outlets"
"C03551",3,2,1,"Needs Attention","Core Small Outlets"
"C03552",4,3,4,"Champions","Key Accounts"
"C03553",2,4,4,"Can't Lose Them","Lapsed Small Outlets"
"C03554",4,4,4,"Champions","Core Small Outlets"
"C03555",1,1,2,"Hibernating / Lost","Lapsed Small Outlets"
"C03556",5,3,3,"Loyal","Core Small Outlets"
"C03557",1,2,1,"Hibernating / Lost","Lapsed Small Outlets"
"C03560",2,3,3,"At Risk","Core Small Outlets"
"C03561",3,3,2,"Needs Attention","Core Small Outlets"
"C03562",2,3,2,"Hibernating / Lost","Lapsed Small Outlets"
"C03564",2,5,5,"Can't Lose Them","Lapsing Key Accounts"
"C03565",1,1,3,"Hibernating / Lost","Lapsing Key Accounts"
"C03566",3,4,3,"Loyal","Core Small Outlets"
"C03567",5,4,4,"Champions","Core Small Outlets"
"C03568",3,3,2,"Needs Attention","Core Small Outlets"
"C03569",1,2,3,"Hibernating / Lost","Lapsed Small Outlets"
"C03570",5,4,5,"Champions","Key Accounts"
"C03571",5,4,4,"Champions","Core Small Outlets"
"C03572",1,2,4,"At Risk","Lapsing Key Accounts"
"C03573",3,2,1,"Needs Attention","Core Small Outlets"
"C03574",3,3,3,"Loyal","Core Small Outlets"
"C03575",4,1,1,"Promising / New","Core Small Outlets"
"C03576",2,1,1,"Hibernating / Lost","Lapsed Small Outlets"
"C03577",5,4,5,"Champions","Key Accounts"
"C03578",3,4,3,"Loyal","Core Small Outlets"
"C03579",3,5,5,"Loyal","Key Accounts"
"C03580",5,2,1,"Promising / New","Core Small Outlets"
"C03581",2,3,3,"At Risk","Lapsed Small Outlets"
"C03582",4,4,4,"Champions","Core Small Outlets"
"C03583",2,2,1,"Hibernating / Lost","Lapsed Small Outlets"
"C03584",2,4,5,"Can't Lose Them","Lapsing Key Accounts"
"C03585",4,2,2,"Promising / New","Core Small Outlets"
"C03586",5,5,5,"Champions","Key Accounts"
"C03587",3,5,5,"Loyal","Core Small Outlets"
"C03589",5,3,3,"Loyal","Core Small Outlets"
"C03590",2,3,1,"Hibernating / Lost","Core Small Outlets"
"C03591",3,2,2,"Needs Attention","Core Small Outlets"
"C03592",4,5,5,"Champions","Core Small Outlets"
"C03594",2,2,3,"Hibernating / Lost","Lapsed Small Outlets"
"C03595",4,5,4,"Champions","Core Small Outlets"
"C03599",4,5,4,"Champions","Core Small Outlets"
"C03600",3,4,3,"Loyal","Core Small Outlets"
"C03601",5,5,5,"Champions","Key Accounts"
"C03602",3,3,3,"Loyal","Core Small Outlets"
"C03604",3,3,4,"Loyal","Key Accounts"
"C03606",4,5,5,"Champions","Key Accounts"
"C03607",4,4,4,"Champions","Key Accounts"
"C03608",2,2,1,"Hibernating / Lost","Lapsed Small Outlets"
"C03609",1,1,2,"Hibernating / Lost","Lapsed Small Outlets"
"C03610",4,5,5,"Champions","Key Accounts"
"C03611",4,5,5,"Champions","Key Accounts"
"C03612",1,1,1,"Hibernating / Lost","Lapsed Small Outlets"
"C03613",2,1,1,"Hibernating / Lost","Core Small Outlets"
"C03614",5,4,4,"Champions","Core Small Outlets"
"C03615",2,2,2,"Hibernating / Lost","Lapsed Small Outlets"
"C03616",5,5,4,"Champions","Core Small Outlets"
"C03617",5,2,2,"Promising / New","Core Small Outlets"
"C03619",1,1,1,"Hibernating / Lost","Lapsed Small Outlets"
"C03620",4,5,4,"Champions","Core Small Outlets"
"C03621",3,5,5,"Loyal","Key Accounts"
"C03622",4,5,4,"Champions","Core Small Outlets"
"C03623",4,4,4,"Champions","Core Small Outlets"
"C03624",3,3,2,"Needs Attention","Core Small Outlets"
"C03625",1,1,3,"Hibernating / Lost","Lapsed Small Outlets"
"C03631",3,4,3,"Loyal","Core Small Outlets"
"C03632",4,4,4,"Champions","Key Accounts"
"C03634",1,1,2,"Hibernating / Lost","Lapsed Small Outlets"
"C03635",5,4,3,"Champions","Core Small Outlets"
"C03638",1,3,5,"Can't Lose Them","Lapsing Key Accounts"
"C03639",5,3,4,"Champions","Key Accounts"
"C03640",2,2,3,"Hibernating / Lost","Lapsed Small Outlets"
"C03641",1,1,1,"Hibernating / Lost","Lapsed Small Outlets"
"C03645",5,4,5,"Champions","Key Accounts"
"C03646",5,5,5,"Champions","Core Small Outlets"
"C03647",1,1,1,"Hibernating / Lost","Lapsed Small Outlets"
"C03650",5,1,1,"Promising / New","Core Small Outlets"
"C03652",1,1,1,"Hibernating / Lost","Lapsed Small Outlets"
"C03653",3,2,1,"Needs Attention","Core Small Outlets"
"C03654",1,1,2,"Hibernating / Lost","Lapsed Small Outlets"
"C03657",4,3,2,"Promising / New","Core Small Outlets"
"C03658",5,4,4,"Champions","Key Accounts"
"C03659",5,4,5,"Champions","Key Accounts"
"C03660",4,3,3,"Loyal","Core Small Outlets"
"C03661",4,4,4,"Champions","Core Small Outlets"
"C03662",3,3,4,"Loyal","Key Accounts"
"C03665",4,5,5,"Champions","Key Accounts"
"C03666",1,1,1,"Hibernating / Lost","Lapsed Small Outlets"
"C03667",1,1,3,"Hibernating / Lost","Lapsing Key Accounts"
"C03668",1,1,1,"Hibernating / Lost","Lapsed Small Outlets"
"C03669",4,2,2,"Promising / New","Core Small Outlets"
"C03670",3,4,3,"Loyal","Core Small Outlets"
"C03671",1,1,1,"Hibernating / Lost","Lapsed Small Outlets"
"C03672",3,3,2,"Needs Attention","Core Small Outlets"
"C03673",2,2,1,"Hibernating / Lost","Lapsed Small Outlets"
"C03674",3,4,4,"Loyal","Core Small Outlets"
"C03675",2,3,4,"Can't Lose Them","Lapsed Small Outlets"
"C03676",3,3,2,"Needs Attention","Core Small Outlets"
"C03677",3,5,5,"Loyal","Core Small Outlets"
"C03678",3,4,4,"Loyal","Core Small Outlets"
"C03679",4,4,4,"Champions","Key Accounts"
"C03680",4,3,2,"Promising / New","Core Small Outlets"
"C03681",1,1,2,"Hibernating / Lost","Lapsed Small Outlets"
"C03682",4,5,5,"Champions","Key Accounts"
"C03683",4,4,4,"Champions","Core Small Outlets"
"C03684",4,3,4,"Champions","Core Small Outlets"
"C03685",3,2,3,"Needs Attention","Core Small Outlets"
"C03686",5,5,5,"Champions","Key Accounts"
"C03687",4,5,5,"Champions","Key Accounts"
"C03689",4,5,5,"Champions","Key Accounts"
"C03690",2,3,3,"At Risk","Lapsed Small Outlets"
"C03691",1,1,1,"Hibernating / Lost","Lapsed Small Outlets"
"C03692",1,1,1,"Hibernating / Lost","Lapsed Small Outlets"
"C03694",3,4,3,"Loyal","Core Small Outlets"
"C03696",3,5,4,"Loyal","Core Small Outlets"
"C03697",4,5,5,"Champions","Key Accounts"
"C03698",5,5,4,"Champions","Core Small Outlets"
"C03699",3,4,3,"Loyal","Core Small Outlets"
"C03700",4,3,2,"Promising / New","Core Small Outlets"
"C03701",5,5,5,"Champions","Key Accounts"
"C03704",1,1,1,"Hibernating / Lost","Lapsed Small Outlets"
"C03705",5,4,5,"Champions","Key Accounts"
"C03706",2,2,2,"Hibernating / Lost","Lapsed Small Outlets"
"C03707",2,5,5,"Can't Lose Them","Lapsing Key Accounts"
"C03708",1,1,3,"Hibernating / Lost","Lapsing Key Accounts"
"C03709",2,2,2,"Hibernating / Lost","Core Small Outlets"
"C03710",5,4,4,"Champions","Key Accounts"
"C03711",2,1,1,"Hibernating / Lost","Lapsed Small Outlets"
"C03712",2,3,3,"At Risk","Lapsed Small Outlets"
"C03713",4,5,5,"Champions","Key Accounts"
"C03714",1,4,4,"Can't Lose Them","Lapsing Key Accounts"
"C03715",2,5,5,"Can't Lose Them","Lapsing Key Accounts"
"C03716",5,5,5,"Champions","Key Accounts"
"C03717",1,1,2,"Hibernating / Lost","Lapsed Small Outlets"
"C03718",2,3,4,"Can't Lose Them","Lapsing Key Accounts"
"C03719",3,4,4,"Loyal","Core Small Outlets"
"C03720",5,5,5,"Champions","Core Small Outlets"
"C03722",1,1,3,"Hibernating / Lost","Lapsing Key Accounts"
"C03723",4,4,4,"Champions","Core Small Outlets"
"C03725",2,5,5,"Can't Lose Them","Lapsing Key Accounts"
"C03726",4,5,4,"Champions","Core Small Outlets"
"C03727",1,1,1,"Hibernating / Lost","Lapsed Small Outlets"
"C03729",4,2,2,"Promising / New","Core Small Outlets"
"C03730",1,4,4,"Can't Lose Them","Lapsing Key Accounts"
"C03731",3,2,2,"Needs Attention","Core Small Outlets"
"C03733",1,3,5,"Can't Lose Them","Lapsing Key Accounts"
"C03737",1,1,1,"Hibernating / Lost","Lapsed Small Outlets"
"C03739",1,2,2,"Hibernating / Lost","Lapsed Small Outlets"
"C03740",1,1,2,"Hibernating / Lost","Lapsed Small Outlets"
"C03744",4,4,3,"Champions","Core Small Outlets"
"C03745",3,4,4,"Loyal","Key Accounts"
"C03746",5,4,4,"Champions","Core Small Outlets"
"C03748",3,1,1,"Needs Attention","Core Small Outlets"
"C03749",5,2,2,"Promising / New","Core Small Outlets"
"C03750",1,1,1,"Hibernating / Lost","Lapsed Small Outlets"
"C03751",5,5,5,"Champions","Key Accounts"
"C03753",1,1,4,"Hibernating / Lost","Lapsing Key Accounts"
"C03754",3,1,1,"Needs Attention","Core Small Outlets"
"C03756",3,4,3,"Loyal","Core Small Outlets"
"C03757",4,3,4,"Champions","Key Accounts"
"C03758",4,4,3,"Champions","Core Small Outlets"
"C03759",4,3,2,"Promising / New","Core Small Outlets"
"C03760",3,1,1,"Needs Attention","Core Small Outlets"
"C03761",4,5,4,"Champions","Core Small Outlets"
"C03762",4,4,4,"Champions","Core Small Outlets"
"C03763",1,2,3,"Hibernating / Lost","Lapsed Small Outlets"
"C03764",2,3,3,"At Risk","Lapsed Small Outlets"
"C03765",3,3,2,"Needs Attention","Core Small Outlets"
"C03766",4,3,2,"Promising / New","Core Small Outlets"
"C03767",1,1,1,"Hibernating / Lost","Lapsed Small Outlets"
"C03769",1,2,4,"At Risk","Lapsing Key Accounts"
"C03770",5,4,5,"Champions","Key Accounts"
"C03771",5,3,4,"Champions","Core Small Outlets"
"C03773",5,5,5,"Champions","Core Small Outlets"
"C03775",3,4,4,"Loyal","Key Accounts"
"C03776",3,5,5,"Loyal","Key Accounts"
"C03777",3,3,3,"Loyal","Core Small Outlets"
"C03778",2,1,1,"Hibernating / Lost","Lapsed Small Outlets"
"C03780",5,5,4,"Champions","Core Small Outlets"
"C03781",2,1,1,"Hibernating / Lost","Lapsed Small Outlets"
"C03782",3,2,2,"Needs Attention","Core Small Outlets"
"C03783",5,5,5,"Champions","Key Accounts"
"C03784",1,1,1,"Hibernating / Lost","Lapsed Small Outlets"
"C03785",3,5,4,"Loyal","Core Small Outlets"
"C03786",4,3,2,"Promising / New","Core Small Outlets"
"C03787",3,3,3,"Loyal","Core Small Outlets"
"C03788",4,2,2,"Promising / New","Core Small Outlets"
"C03789",3,2,1,"Needs Attention","Core Small Outlets"
"C03790",5,5,5,"Champions","Key Accounts"
"C03791",5,5,5,"Champions","Key Accounts"
"C03792",1,1,1,"Hibernating / Lost","Lapsed Small Outlets"
"C03793",4,2,2,"Promising / New","Core Small Outlets"
"C03794",4,5,4,"Champions","Core Small Outlets"
"C03795",4,5,5,"Champions","Key Accounts"
"C03796",4,5,5,"Champions","Core Small Outlets"
"C03797",3,4,4,"Loyal","Core Small Outlets"
"C03798",3,5,5,"Loyal","Key Accounts"
"C03799",1,1,1,"Hibernating / Lost","Lapsed Small Outlets"
"C03800",4,2,1,"Promising / New","Core Small Outlets"
"C03802",5,4,4,"Champions","Core Small Outlets"
"C03804",5,5,5,"Champions","Key Accounts"
"C03805",2,5,5,"Can't Lose Them","Lapsing Key Accounts"
"C03808",3,3,2,"Needs Attention","Core Small Outlets"
"C03809",3,2,1,"Needs Attention","Core Small Outlets"
"C03810",1,1,1,"Hibernating / Lost","Lapsed Small Outlets"
"C03811",4,2,1,"Promising / New","Core Small Outlets"
"C03812",1,1,1,"Hibernating / Lost","Lapsed Small Outlets"
"C03813",3,3,2,"Needs Attention","Core Small Outlets"
"C03814",5,4,4,"Champions","Core Small Outlets"
"C03815",4,1,1,"Promising / New","Core Small Outlets"
"C03817",4,2,2,"Promising / New","Core Small Outlets"
"C03818",3,3,4,"Loyal","Key Accounts"
"C03822",1,2,3,"Hibernating / Lost","Lapsed Small Outlets"
"C03823",5,5,5,"Champions","Key Accounts"
"C03825",3,4,3,"Loyal","Core Small Outlets"
"C03826",3,5,5,"Loyal","Key Accounts"
"C03827",3,5,5,"Loyal","Key Accounts"
"C03829",2,3,2,"Hibernating / Lost","Lapsed Small Outlets"
"C03830",1,1,4,"Hibernating / Lost","Lapsing Key Accounts"
"C03831",4,5,4,"Champions","Core Small Outlets"
"C03832",2,1,4,"Hibernating / Lost","Lapsing Key Accounts"
"C03833",3,5,4,"Loyal","Core Small Outlets"
"C03834",2,1,1,"Hibernating / Lost","Core Small Outlets"
"C03835",5,4,5,"Champions","Key Accounts"
"C03836",4,4,3,"Champions","Core Small Outlets"
"C03837",5,5,4,"Champions","Core Small Outlets"
"C03838",3,5,4,"Loyal","Core Small Outlets"
"C03840",5,2,2,"Promising / New","Core Small Outlets"
"C03841",2,2,1,"Hibernating / Lost","Lapsed Small Outlets"
"C03842",1,1,1,"Hibernating / Lost","Lapsed Small Outlets"
"C03843",2,1,1,"Hibernating / Lost","Lapsed Small Outlets"
"C03844",1,1,1,"Hibernating / Lost","Lapsed Small Outlets"
"C03845",3,5,5,"Loyal","Key Accounts"
"C03846",5,5,4,"Champions","Core Small Outlets"
"C03847",2,3,3,"At Risk","Lapsed Small Outlets"
"C03848",4,4,3,"Champions","Core Small Outlets"
"C03849",4,4,5,"Champions","Key Accounts"
"C03850",1,1,1,"Hibernating / Lost","Lapsed Small Outlets"
"C03851",3,4,5,"Loyal","Key Accounts"
"C03852",5,5,3,"Champions","Core Small Outlets"
"C03856",2,1,1,"Hibernating / Lost","Lapsed Small Outlets"
"C03857",5,5,5,"Champions","Key Accounts"
"C03858",1,1,2,"Hibernating / Lost","Lapsed Small Outlets"
"C03859",3,3,3,"Loyal","Core Small Outlets"
"C03860",5,4,3,"Champions","Core Small Outlets"
"C03861",3,5,4,"Loyal","Core Small Outlets"
"C03862",1,2,1,"Hibernating / Lost","Lapsed Small Outlets"
"C03863",3,5,5,"Loyal","Key Accounts"
"C03864",1,1,1,"Hibernating / Lost","Lapsed Small Outlets"
"C03865",1,1,3,"Hibernating / Lost","Lapsed Small Outlets"
"C03866",3,5,4,"Loyal","Core Small Outlets"
"C03867",2,1,3,"Hibernating / Lost","Lapsed Small Outlets"
"C03869",3,4,4,"Loyal","Core Small Outlets"
"C03871",4,5,5,"Champions","Key Accounts"
"C03872",4,5,5,"Champions","Key Accounts"
"C03873",3,2,2,"Needs Attention","Core Small Outlets"
"C03874",2,3,4,"Can't Lose Them","Lapsing Key Accounts"
"C03875",1,1,1,"Hibernating / Lost","Lapsed Small Outlets"
"C03876",4,4,5,"Champions","Key Accounts"
"C03877",4,2,3,"Promising / New","Core Small Outlets"
"C03878",2,3,3,"At Risk","Lapsed Small Outlets"
"C03879",4,2,1,"Promising / New","Core Small Outlets"
"C03880",4,4,4,"Champions","Key Accounts"
"C03881",3,2,2,"Needs Attention","Core Small Outlets"
"C03882",4,4,4,"Champions","Core Small Outlets"
"C03883",1,2,4,"At Risk","Lapsing Key Accounts"
"C03884",5,4,4,"Champions","Core Small Outlets"
"C03885",5,3,3,"Loyal","Core Small Outlets"
"C03886",4,5,5,"Champions","Core Small Outlets"
"C03887",4,5,5,"Champions","Key Accounts"
"C03888",5,5,5,"Champions","Core Small Outlets"
"C03889",4,4,4,"Champions","Core Small Outlets"
"C03890",5,5,5,"Champions","Key Accounts"
"C03891",3,4,5,"Loyal","Key Accounts"
"C03892",2,3,2,"Hibernating / Lost","Core Small Outlets"
"C03893",5,3,4,"Champions","Key Accounts"
"C03895",3,2,3,"Needs Attention","Core Small Outlets"
"C03896",1,1,1,"Hibernating / Lost","Lapsed Small Outlets"
"C03897",5,5,4,"Champions","Core Small Outlets"
"C03898",2,4,4,"Can't Lose Them","Lapsed Small Outlets"
"C03899",3,5,5,"Loyal","Key Accounts"
"C03900",5,5,5,"Champions","Key Accounts"
"C03902",4,4,4,"Champions","Core Small Outlets"
"C03904",5,3,3,"Loyal","Core Small Outlets"
"C03905",4,3,2,"Promising / New","Core Small Outlets"
"C03906",1,2,3,"Hibernating / Lost","Lapsed Small Outlets"
"C03907",3,4,3,"Loyal","Core Small Outlets"
"C03908",3,1,1,"Needs Attention","Core Small Outlets"
"C03909",3,3,2,"Needs Attention","Core Small Outlets"
"C03911",3,3,3,"Loyal","Core Small Outlets"
"C03912",2,2,4,"At Risk","Key Accounts"
"C03914",1,1,1,"Hibernating / Lost","Lapsed Small Outlets"
"C03915",4,5,4,"Champions","Core Small Outlets"
"C03916",2,5,5,"Can't Lose Them","Lapsing Key Accounts"
"C03917",5,4,3,"Champions","Core Small Outlets"
"C03919",2,4,4,"Can't Lose Them","Lapsing Key Accounts"
"C03920",4,3,4,"Champions","Key Accounts"
"C03921",4,5,5,"Champions","Key Accounts"
"C03922",5,5,5,"Champions","Key Accounts"
"C03923",2,1,1,"Hibernating / Lost","Lapsed Small Outlets"
"C03924",3,2,4,"Loyal","Key Accounts"
"C03926",3,2,1,"Needs Attention","Core Small Outlets"
"C03927",4,4,3,"Champions","Core Small Outlets"
"C03928",1,1,1,"Hibernating / Lost","Lapsed Small Outlets"
"C03930",2,3,2,"Hibernating / Lost","Core Small Outlets"
"C03931",2,1,1,"Hibernating / Lost","Lapsed Small Outlets"
"C03932",3,4,3,"Loyal","Core Small Outlets"
"C03933",4,2,2,"Promising / New","Core Small Outlets"
"C03934",2,3,4,"Can't Lose Them","Lapsing Key Accounts"
"C03935",4,2,2,"Promising / New","Core Small Outlets"
"C03937",5,5,5,"Champions","Key Accounts"
"C03938",1,3,3,"At Risk","Lapsed Small Outlets"
"C03939",5,1,1,"Promising / New","Core Small Outlets"
"C03940",5,1,1,"Promising / New","Core Small Outlets"
"C03941",5,3,2,"Promising / New","Core Small Outlets"
"C03942",3,2,1,"Needs Attention","Core Small Outlets"
"C03943",5,2,3,"Promising / New","Core Small Outlets"
"C03944",2,2,2,"Hibernating / Lost","Core Small Outlets"
"C03945",5,4,4,"Champions","Core Small Outlets"
"C03946",5,5,5,"Champions","Key Accounts"
"C03947",5,5,5,"Champions","Key Accounts"
"C03948",1,2,2,"Hibernating / Lost","Lapsed Small Outlets"
"C03949",4,4,3,"Champions","Core Small Outlets"
"C03950",1,1,2,"Hibernating / Lost","Lapsed Small Outlets"
"C03951",4,5,4,"Champions","Core Small Outlets"
"C03952",3,4,3,"Loyal","Core Small Outlets"
"C03953",3,3,4,"Loyal","Key Accounts"
"C03954",1,2,2,"Hibernating / Lost","Lapsed Small Outlets"
"C03956",5,3,3,"Loyal","Core Small Outlets"
"C03959",3,5,5,"Loyal","Key Accounts"
"C03960",3,4,3,"Loyal","Core Small Outlets"
"C03961",1,1,1,"Hibernating / Lost","Lapsed Small Outlets"
"C03962",5,3,3,"Loyal","Core Small Outlets"
"C03963",1,1,1,"Hibernating / Lost","Lapsed Small Outlets"
"C03964",5,5,4,"Champions","Core Small Outlets"
"C03965",4,3,4,"Champions","Key Accounts"
"C03966",1,2,4,"At Risk","Lapsing Key Accounts"
"C03967",4,5,4,"Champions","Core Small Outlets"
"C03968",3,1,1,"Needs Attention","Core Small Outlets"
"C03969",2,2,4,"At Risk","Lapsing Key Accounts"
"C03970",4,5,5,"Champions","Key Accounts"
"C03971",4,5,5,"Champions","Key Accounts"
"C03972",2,4,5,"Can't Lose Them","Lapsing Key Accounts"
"C03973",1,1,3,"Hibernating / Lost","Lapsing Key Accounts"
"C03974",1,2,3,"Hibernating / Lost","Lapsed Small Outlets"
"C03976",5,3,2,"Promising / New","Core Small Outlets"
"C03977",3,5,4,"Loyal","Core Small Outlets"
"C03978",2,2,2,"Hibernating / Lost","Lapsed Small Outlets"
"C03979",2,3,3,"At Risk","Lapsed Small Outlets"
"C03980",3,4,4,"Loyal","Core Small Outlets"
"C03981",1,4,5,"Can't Lose Them","Lapsing Key Accounts"
"C03982",4,5,5,"Champions","Key Accounts"
"C03983",3,3,2,"Needs Attention","Core Small Outlets"
"C03984",5,5,5,"Champions","Key Accounts"
"C03985",2,1,1,"Hibernating / Lost","Core Small Outlets"
"C03986",2,3,3,"At Risk","Lapsed Small Outlets"
"C03987",5,2,2,"Promising / New","Core Small Outlets"
"C03989",1,2,4,"At Risk","Lapsing Key Accounts"
"C03990",2,2,2,"Hibernating / Lost","Core Small Outlets"
"C03992",3,3,3,"Loyal","Core Small Outlets"
"C03993",5,3,2,"Promising / New","Core Small Outlets"
"C03994",1,1,4,"Hibernating / Lost","Lapsing Key Accounts"
"C03996",5,5,5,"Champions","Key Accounts"
"C03997",1,1,1,"Hibernating / Lost","Lapsed Small Outlets"
"C03998",4,5,5,"Champions","Key Accounts"
"C03999",3,4,3,"Loyal","Core Small Outlets"
"C04000",3,2,1,"Needs Attention","Core Small Outlets"
