customer_id,complaint_date,complaint_type
C00001,2025-06-04,Late delivery
C00001,2025-07-12,Stock-out
C00001,2025-08-16,Stock-out
C00001,2025-10-21,Stock-out
C00001,2025-11-26,Stock-out
C00002,2025-03-27,Stock-out
C00002,2025-07-05,Late delivery
C00004,2025-10-15,Pricing
C00005,2026-03-09,Stock-out
C00006,2025-08-22,Stock-out
C00006,2025-12-23,Late delivery
C00006,2026-06-06,Late delivery
C00006,2026-06-07,Late delivery
C00007,2025-01-23,Stock-out
C00007,2025-03-15,Pricing
C00007,2025-04-16,Stock-out
C00007,2025-08-13,Late delivery
C00007,2025-09-03,Stock-out
C00008,2025-02-05,Late delivery
C00008,2025-04-07,Late delivery
C00008,2025-04-18,Stock-out
C00008,2026-02-05,Late delivery
C00008,2026-02-25,Late delivery
C00008,2026-05-16,Late delivery
C00009,2025-09-13,Late delivery
C00009,2025-09-14,Late delivery
C00009,2025-10-21,Late delivery
C00009,2025-11-09,Late delivery
C00009,2025-11-12,Stock-out
C00009,2025-11-18,Stock-out
C00009,2025-12-03,Stock-out
C00009,2025-12-04,Late delivery
C00009,2025-12-28,Late delivery
C00010,2025-08-18,Late delivery
C00010,2025-10-28,Stock-out
C00010,2026-04-10,Late delivery
C00010,2026-08-27,Late delivery
C00011,2025-07-04,Late delivery
C00012,2025-10-07,Late delivery
C00012,2025-12-08,Late delivery
C00013,2025-04-11,Late delivery
C00013,2025-05-08,Stock-out
C00015,2025-01-18,Stock-out
C00015,2025-03-21,Late delivery
C00015,2025-12-04,Stock-out
C00015,2026-03-18,Stock-out
C00015,2026-03-22,Late delivery
C00015,2026-04-05,Stock-out
C00015,2026-05-22,Stock-out
C00016,2025-11-11,Late delivery
C00016,2025-12-07,Late delivery
C00016,2026-01-18,Late delivery
C00016,2026-02-08,Late delivery
C00017,2025-01-11,Stock-out
C00017,2025-05-28,Late delivery
C00017,2025-07-28,Late delivery
C00017,2025-12-28,Late delivery
C00019,2025-11-26,Late delivery
C00021,2025-01-28,Stock-out
C00021,2026-01-28,Late delivery
C00021,2026-03-15,Late delivery
C00022,2025-02-13,Late delivery
C00022,2025-05-22,Late delivery
C00022,2025-08-22,Stock-out
C00023,2026-07-23,Late delivery
C00024,2025-02-26,Late delivery
C00024,2025-10-27,Stock-out
C00024,2025-12-28,Stock-out
C00024,2026-01-06,Stock-out
C00024,2026-07-15,Product quality
C00028,2025-01-06,Stock-out
C00028,2025-02-21,Late delivery
C00028,2026-06-06,Stock-out
C00028,2026-09-28,Late delivery
C00029,2025-06-18,Late delivery
C00030,2025-11-09,Late delivery
C00031,2026-02-19,Late delivery
C00032,2025-08-21,Late delivery
C00033,2025-04-18,Late delivery
C00033,2025-08-08,Late delivery
C00033,2025-09-21,Late delivery
C00033,2025-10-06,Late delivery
C00033,2025-11-18,Stock-out
C00033,2025-11-23,Late delivery
C00034,2026-01-07,Late delivery
C00034,2026-03-08,Late delivery
C00034,2026-04-21,Stock-out
C00034,2026-08-20,Late delivery
C00035,2025-02-14,Late delivery
C00036,2025-03-07,Late delivery
C00036,2025-09-26,Stock-out
C00036,2026-04-11,Stock-out
C00036,2026-04-26,Late delivery
C00036,2026-07-08,Late delivery
C00036,2026-09-03,Late delivery
C00036,2026-09-22,Late delivery
C00037,2026-08-22,Stock-out
C00037,2026-09-14,Stock-out
C00037,2026-09-28,Stock-out
C00037,2026-09-28,Late delivery
C00038,2025-07-05,Stock-out
C00038,2025-07-28,Late delivery
C00038,2025-09-07,Late delivery
C00038,2025-10-04,Late delivery
C00038,2025-11-03,Stock-out
C00040,2025-04-18,Stock-out
C00040,2025-05-08,Late delivery
C00040,2025-05-14,Stock-out
C00040,2025-06-26,Late delivery
C00040,2025-07-20,Late delivery
C00040,2025-07-21,Stock-out
C00040,2025-09-06,Late delivery
C00040,2025-10-22,Late delivery
C00040,2026-02-15,Stock-out
C00040,2026-05-14,Late delivery
C00041,2025-09-24,Stock-out
C00041,2026-07-11,Late delivery
C00041,2026-08-11,Stock-out
C00042,2025-01-20,Late delivery
C00042,2025-02-28,Stock-out
C00042,2025-07-17,Stock-out
C00043,2025-11-15,Pricing
C00043,2025-12-22,Late delivery
C00043,2026-01-06,Late delivery
C00044,2025-06-06,Stock-out
C00044,2025-08-28,Late delivery
C00046,2025-03-10,Late delivery
C00046,2025-03-12,Late delivery
C00046,2025-04-22,Stock-out
C00046,2025-04-24,Late delivery
C00046,2025-05-07,Stock-out
C00046,2025-06-13,Late delivery
C00046,2025-06-28,Late delivery
C00046,2025-10-09,Stock-out
C00046,2025-12-11,Late delivery
C00046,2026-05-24,Late delivery
C00046,2026-06-04,Late delivery
C00046,2026-07-17,Stock-out
C00046,2026-08-22,Late delivery
C00046,2026-09-09,Late delivery
C00047,2025-04-09,Late delivery
C00047,2025-04-22,Late delivery
C00047,2025-04-25,Stock-out
C00047,2025-07-14,Stock-out
C00047,2025-08-22,Stock-out
C00047,2025-11-20,Late delivery
C00047,2025-12-27,Late delivery
C00047,2026-02-15,Late delivery
C00047,2026-02-27,Late delivery
C00047,2026-03-22,Stock-out
C00047,2026-04-07,Late delivery
C00047,2026-04-14,Late delivery
C00047,2026-04-27,Late delivery
C00048,2025-10-09,Late delivery
C00048,2025-10-22,Stock-out
C00048,2025-10-22,Stock-out
C00048,2026-03-28,Stock-out
C00048,2026-04-20,Stock-out
C00049,2025-03-13,Stock-out
C00050,2026-03-26,Late delivery
C00051,2025-04-15,Product quality
C00051,2025-05-08,Late delivery
C00051,2025-05-24,Late delivery
C00051,2025-08-26,Stock-out
C00051,2026-02-27,Stock-out
C00051,2026-08-27,Late delivery
C00052,2025-01-09,Stock-out
C00052,2025-03-16,Late delivery
C00052,2025-03-27,Late delivery
C00052,2025-05-19,Late delivery
C00052,2026-02-11,Stock-out
C00053,2025-04-23,Stock-out
C00053,2025-07-10,Late delivery
C00053,2025-07-17,Stock-out
C00053,2025-10-21,Stock-out
C00053,2026-01-09,Stock-out
C00054,2025-02-19,Stock-out
C00054,2025-04-21,Late delivery
C00054,2025-06-18,Late delivery
C00054,2025-06-23,Late delivery
C00054,2025-09-21,Late delivery
C00054,2025-10-22,Stock-out
C00056,2026-06-28,Late delivery
C00057,2025-07-23,Stock-out
C00057,2025-08-05,Stock-out
C00057,2025-11-06,Late delivery
C00057,2025-12-20,Late delivery
C00057,2026-05-05,Late delivery
C00057,2026-09-04,Late delivery
C00058,2025-02-04,Stock-out
C00058,2025-05-04,Stock-out
C00058,2025-08-06,Stock-out
C00058,2026-01-25,Stock-out
C00058,2026-02-23,Late delivery
C00060,2025-07-18,Late delivery
C00060,2025-11-15,Stock-out
C00060,2026-01-25,Stock-out
C00060,2026-04-24,Late delivery
C00060,2026-08-14,Late delivery
C00060,2026-09-16,Late delivery
C00061,2025-05-08,Late delivery
C00061,2025-06-25,Late delivery
C00061,2025-07-06,Late delivery
C00061,2026-03-03,Late delivery
C00061,2026-03-28,Late delivery
C00061,2026-04-28,Late delivery
C00063,2026-01-03,Stock-out
C00063,2026-01-18,Late delivery
C00063,2026-06-19,Late delivery
C00063,2026-07-21,Late delivery
C00063,2026-08-25,Late delivery
C00063,2026-09-16,Late delivery
C00064,2025-01-27,Stock-out
C00066,2026-01-16,Late delivery
C00066,2026-01-18,Late delivery
C00066,2026-03-07,Late delivery
C00067,2026-04-18,Late delivery
C00067,2026-04-28,Late delivery
C00067,2026-05-22,Late delivery
C00069,2025-01-25,Late delivery
C00069,2025-02-15,Late delivery
C00069,2025-03-16,Stock-out
C00069,2025-05-06,Late delivery
C00069,2025-05-28,Stock-out
C00069,2025-08-11,Late delivery
C00069,2025-10-16,Late delivery
C00070,2025-01-07,Stock-out
C00070,2025-07-22,Late delivery
C00070,2025-10-15,Late delivery
C00070,2025-11-15,Product quality
C00070,2026-05-24,Stock-out
C00072,2025-01-09,Late delivery
C00072,2025-01-18,Late delivery
C00072,2025-02-28,Late delivery
C00072,2025-06-05,Stock-out
C00072,2025-07-07,Stock-out
C00072,2025-07-22,Stock-out
C00072,2025-09-04,Stock-out
C00072,2025-12-06,Late delivery
C00072,2025-12-15,Stock-out
C00072,2026-01-18,Stock-out
C00072,2026-01-28,Stock-out
C00072,2026-02-07,Late delivery
C00072,2026-06-23,Stock-out
C00073,2025-08-15,Pricing
C00073,2025-10-12,Late delivery
C00073,2025-11-09,Late delivery
C00073,2025-12-06,Stock-out
C00073,2025-12-14,Late delivery
C00073,2026-03-14,Stock-out
C00073,2026-08-03,Stock-out
C00073,2026-09-16,Late delivery
C00074,2025-01-09,Late delivery
C00074,2025-03-14,Late delivery
C00074,2025-04-28,Late delivery
C00074,2025-04-28,Stock-out
C00076,2025-07-22,Stock-out
C00076,2026-01-17,Stock-out
C00076,2026-03-26,Stock-out
C00076,2026-07-07,Late delivery
C00076,2026-08-04,Late delivery
C00076,2026-08-06,Stock-out
C00076,2026-09-20,Late delivery
C00077,2025-02-04,Stock-out
C00077,2025-02-13,Late delivery
C00077,2025-04-15,Late delivery
C00077,2025-04-19,Late delivery
C00077,2025-05-08,Late delivery
C00077,2025-05-09,Stock-out
C00077,2025-05-23,Late delivery
C00077,2025-07-24,Late delivery
C00077,2025-08-16,Late delivery
C00077,2025-08-28,Late delivery
C00077,2025-09-15,Stock-out
C00077,2025-11-28,Late delivery
C00077,2025-12-24,Late delivery
C00077,2026-02-27,Late delivery
C00078,2025-01-14,Stock-out
C00079,2025-01-06,Late delivery
C00079,2025-07-11,Late delivery
C00079,2025-11-15,Pricing
C00079,2025-11-27,Late delivery
C00080,2025-11-26,Stock-out
C00080,2026-01-19,Late delivery
C00081,2025-06-12,Stock-out
C00081,2025-06-19,Stock-out
C00081,2025-10-04,Late delivery
C00081,2025-10-23,Stock-out
C00081,2025-11-14,Stock-out
C00081,2026-01-07,Stock-out
C00081,2026-04-15,Late delivery
C00082,2025-01-03,Late delivery
C00082,2025-02-12,Late delivery
C00082,2025-04-11,Late delivery
C00082,2025-07-25,Late delivery
C00082,2026-01-24,Late delivery
C00082,2026-03-13,Late delivery
C00082,2026-04-20,Late delivery
C00082,2026-04-28,Stock-out
C00083,2025-02-16,Late delivery
C00083,2025-02-17,Late delivery
C00083,2025-04-14,Late delivery
C00083,2025-05-15,Product quality
C00083,2025-05-27,Late delivery
C00083,2025-06-27,Late delivery
C00083,2025-08-25,Stock-out
C00083,2025-09-14,Stock-out
C00083,2025-09-23,Stock-out
C00083,2025-09-28,Stock-out
C00083,2025-11-14,Late delivery
C00083,2026-01-03,Late delivery
C00083,2026-03-13,Late delivery
C00083,2026-06-17,Stock-out
C00083,2026-06-26,Late delivery
C00083,2026-07-16,Stock-out
C00083,2026-07-28,Late delivery
C00083,2026-09-13,Late delivery
C00083,2026-09-17,Late delivery
C00084,2025-01-27,Late delivery
C00084,2025-02-16,Late delivery
C00084,2025-05-26,Stock-out
C00084,2025-12-14,Late delivery
C00084,2026-01-10,Late delivery
C00084,2026-06-26,Stock-out
C00084,2026-08-03,Late delivery
C00085,2025-04-22,Late delivery
C00086,2025-02-05,Stock-out
C00086,2025-07-05,Stock-out
C00086,2025-07-19,Late delivery
C00086,2026-02-26,Late delivery
C00086,2026-06-13,Late delivery
C00086,2026-08-07,Stock-out
C00087,2025-02-20,Stock-out
C00087,2025-04-05,Stock-out
C00088,2025-02-20,Stock-out
C00088,2025-03-16,Late delivery
C00088,2025-08-07,Stock-out
C00088,2025-12-07,Stock-out
C00088,2026-09-28,Late delivery
C00089,2025-06-10,Stock-out
C00089,2025-06-12,Late delivery
C00089,2025-10-21,Stock-out
C00089,2026-01-15,Pricing
C00089,2026-01-23,Late delivery
C00089,2026-05-05,Late delivery
C00089,2026-07-06,Late delivery
C00089,2026-07-23,Late delivery
C00091,2026-03-28,Late delivery
C00094,2025-01-17,Late delivery
C00094,2025-01-18,Late delivery
C00094,2025-01-22,Stock-out
C00094,2025-06-06,Stock-out
C00094,2025-09-19,Late delivery
C00094,2026-01-17,Stock-out
C00094,2026-02-04,Late delivery
C00094,2026-02-11,Late delivery
C00095,2026-01-18,Late delivery
C00096,2025-09-09,Late delivery
C00096,2026-06-26,Late delivery
C00096,2026-09-14,Stock-out
C00097,2025-02-03,Stock-out
C00097,2025-04-03,Late delivery
C00097,2025-04-13,Late delivery
C00097,2025-05-24,Late delivery
C00097,2025-06-22,Late delivery
C00098,2025-03-23,Stock-out
C00098,2025-09-15,Late delivery
C00098,2026-01-11,Late delivery
C00098,2026-06-03,Late delivery
C00100,2025-01-09,Stock-out
C00100,2025-02-03,Late delivery
C00100,2026-01-07,Late delivery
C00101,2025-05-26,Stock-out
C00101,2025-12-12,Late delivery
C00101,2026-05-04,Late delivery
C00101,2026-05-07,Stock-out
C00101,2026-06-21,Late delivery
C00102,2025-02-22,Late delivery
C00102,2025-04-26,Late delivery
C00102,2026-03-09,Late delivery
C00103,2026-02-08,Late delivery
C00103,2026-02-27,Stock-out
C00103,2026-04-11,Stock-out
C00103,2026-04-22,Stock-out
C00103,2026-05-08,Late delivery
C00103,2026-09-07,Late delivery
C00103,2026-09-22,Late delivery
C00104,2025-01-23,Late delivery
C00104,2025-05-15,Product quality
C00105,2025-01-23,Late delivery
C00105,2025-01-25,Stock-out
C00105,2025-04-25,Late delivery
C00106,2025-03-19,Late delivery
C00106,2025-07-12,Late delivery
C00106,2025-07-13,Late delivery
C00106,2025-10-16,Late delivery
C00106,2025-11-13,Late delivery
C00106,2026-01-18,Late delivery
C00106,2026-01-24,Stock-out
C00106,2026-03-11,Late delivery
C00106,2026-09-28,Late delivery
C00107,2025-01-28,Stock-out
C00107,2025-02-11,Late delivery
C00107,2025-03-04,Stock-out
C00107,2025-04-18,Late delivery
C00107,2025-05-03,Stock-out
C00107,2025-05-04,Late delivery
C00107,2025-06-15,Stock-out
C00107,2025-06-26,Stock-out
C00107,2025-06-28,Stock-out
C00107,2025-07-23,Late delivery
C00107,2025-11-21,Late delivery
C00107,2026-01-20,Late delivery
C00107,2026-03-12,Late delivery
C00107,2026-08-21,Late delivery
C00108,2025-05-20,Stock-out
C00108,2025-07-18,Late delivery
C00108,2025-07-23,Late delivery
C00108,2025-09-07,Stock-out
C00108,2025-10-09,Late delivery
C00108,2026-05-27,Late delivery
C00109,2025-01-27,Late delivery
C00109,2025-07-28,Stock-out
C00109,2025-08-03,Late delivery
C00109,2025-08-20,Late delivery
C00109,2025-09-21,Late delivery
C00109,2025-10-23,Late delivery
C00109,2025-11-23,Stock-out
C00109,2025-11-23,Late delivery
C00109,2025-12-24,Late delivery
C00110,2025-07-11,Late delivery
C00110,2025-07-17,Late delivery
C00110,2025-08-15,Late delivery
C00110,2025-09-17,Stock-out
C00110,2025-12-21,Stock-out
C00111,2025-06-08,Late delivery
C00111,2025-12-14,Stock-out
C00111,2026-01-09,Stock-out
C00111,2026-06-26,Late delivery
C00112,2025-01-07,Stock-out
C00112,2025-07-15,Late delivery
C00112,2026-04-04,Late delivery
C00113,2025-01-25,Late delivery
C00113,2025-02-12,Stock-out
C00113,2025-03-13,Stock-out
C00113,2025-03-14,Stock-out
C00113,2025-04-03,Late delivery
C00113,2025-05-23,Stock-out
C00113,2025-10-22,Late delivery
C00113,2025-10-25,Late delivery
C00113,2026-03-26,Stock-out
C00113,2026-04-13,Stock-out
C00113,2026-05-27,Stock-out
C00113,2026-06-06,Late delivery
C00113,2026-09-06,Late delivery
C00114,2026-03-06,Late delivery
C00115,2025-04-24,Stock-out
C00115,2025-06-04,Stock-out
C00115,2025-06-23,Late delivery
C00115,2025-06-25,Late delivery
C00115,2025-09-20,Late delivery
C00115,2025-10-12,Stock-out
C00115,2026-02-20,Late delivery
C00115,2026-05-14,Stock-out
C00115,2026-06-11,Stock-out
C00115,2026-06-17,Late delivery
C00115,2026-07-03,Late delivery
C00115,2026-09-05,Late delivery
C00116,2026-08-03,Stock-out
C00117,2025-06-14,Stock-out
C00118,2025-02-08,Stock-out
C00118,2025-03-26,Late delivery
C00118,2025-09-05,Late delivery
C00118,2025-10-15,Late delivery
C00118,2026-03-25,Late delivery
C00119,2025-01-03,Stock-out
C00119,2025-06-12,Stock-out
C00119,2025-12-09,Late delivery
C00119,2025-12-16,Late delivery
C00119,2026-01-06,Stock-out
C00119,2026-06-04,Late delivery
C00120,2025-06-15,Pricing
C00120,2025-07-14,Late delivery
C00120,2025-12-04,Late delivery
C00120,2026-02-19,Late delivery
C00120,2026-04-25,Late delivery
C00120,2026-06-27,Stock-out
C00120,2026-07-18,Late delivery
C00120,2026-09-21,Stock-out
C00120,2026-09-27,Late delivery
C00121,2025-03-28,Late delivery
C00121,2025-07-22,Late delivery
C00121,2025-08-26,Late delivery
C00121,2025-09-28,Late delivery
C00121,2025-11-25,Stock-out
C00121,2025-12-28,Late delivery
C00121,2026-03-13,Late delivery
C00121,2026-06-05,Late delivery
C00121,2026-06-27,Late delivery
C00121,2026-07-04,Stock-out
C00121,2026-07-13,Stock-out
C00122,2026-02-22,Late delivery
C00123,2025-10-26,Late delivery
C00123,2026-02-16,Late delivery
C00123,2026-02-21,Late delivery
C00123,2026-09-12,Late delivery
C00124,2025-03-07,Late delivery
C00125,2025-01-16,Stock-out
C00125,2025-02-14,Late delivery
C00125,2025-03-24,Stock-out
C00125,2025-05-07,Stock-out
C00126,2025-01-24,Late delivery
C00126,2025-01-25,Stock-out
C00127,2025-03-24,Late delivery
C00127,2025-03-26,Stock-out
C00127,2025-05-10,Late delivery
C00127,2025-06-04,Stock-out
C00127,2025-07-16,Late delivery
C00130,2025-02-06,Stock-out
C00130,2025-02-09,Late delivery
C00130,2025-03-19,Late delivery
C00130,2025-04-10,Stock-out
C00130,2025-04-15,Late delivery
C00130,2025-04-24,Stock-out
C00130,2025-04-28,Stock-out
C00130,2025-06-28,Stock-out
C00130,2025-06-28,Late delivery
C00130,2025-10-17,Late delivery
C00130,2026-02-03,Late delivery
C00130,2026-03-26,Stock-out
C00131,2025-02-19,Late delivery
C00132,2025-06-09,Late delivery
C00132,2026-06-26,Late delivery
C00134,2025-01-08,Stock-out
C00134,2025-01-23,Late delivery
C00134,2025-02-08,Late delivery
C00134,2025-02-17,Late delivery
C00134,2025-02-23,Late delivery
C00134,2025-03-14,Late delivery
C00134,2025-03-28,Late delivery
C00134,2025-05-23,Late delivery
C00134,2025-05-25,Late delivery
C00134,2025-06-11,Late delivery
C00134,2025-06-24,Late delivery
C00134,2025-07-09,Late delivery
C00136,2025-06-21,Late delivery
C00136,2025-08-08,Late delivery
C00136,2026-05-04,Late delivery
C00136,2026-05-22,Late delivery
C00137,2025-05-22,Late delivery
C00137,2025-09-22,Late delivery
C00137,2026-06-10,Late delivery
C00138,2025-06-10,Stock-out
C00139,2025-05-24,Late delivery
C00139,2025-10-07,Late delivery
C00140,2025-01-23,Late delivery
C00140,2025-03-14,Stock-out
C00140,2025-05-14,Late delivery
C00140,2025-06-27,Stock-out
C00140,2025-12-06,Stock-out
C00140,2026-03-21,Stock-out
C00140,2026-07-13,Late delivery
C00140,2026-08-07,Stock-out
C00140,2026-09-17,Stock-out
C00141,2025-02-12,Late delivery
C00141,2025-04-20,Late delivery
C00141,2025-10-07,Late delivery
C00142,2025-01-16,Stock-out
C00142,2025-03-05,Late delivery
C00142,2025-05-10,Late delivery
C00142,2025-08-13,Stock-out
C00142,2025-08-24,Late delivery
C00142,2025-09-09,Stock-out
C00142,2025-09-14,Late delivery
C00142,2025-09-23,Late delivery
C00142,2025-11-09,Stock-out
C00142,2026-03-05,Late delivery
C00142,2026-03-15,Late delivery
C00142,2026-05-14,Stock-out
C00142,2026-06-08,Late delivery
C00142,2026-07-19,Stock-out
C00142,2026-09-14,Late delivery
C00143,2025-03-15,Stock-out
C00143,2025-05-26,Late delivery
C00143,2025-07-04,Late delivery
C00144,2025-01-10,Stock-out
C00144,2025-01-27,Stock-out
C00144,2025-01-28,Late delivery
C00144,2025-04-28,Stock-out
C00144,2025-05-18,Late delivery
C00144,2026-02-19,Stock-out
C00145,2025-05-22,Late delivery
C00146,2025-07-19,Late delivery
C00146,2025-09-16,Stock-out
C00147,2025-01-21,Late delivery
C00147,2025-04-03,Late delivery
C00147,2025-06-07,Stock-out
C00147,2025-07-13,Stock-out
C00147,2025-08-10,Stock-out
C00147,2025-12-26,Stock-out
C00147,2026-01-21,Stock-out
C00151,2025-03-23,Late delivery
C00151,2025-06-10,Late delivery
C00151,2025-08-22,Stock-out
C00152,2026-03-11,Late delivery
C00152,2026-06-07,Late delivery
C00152,2026-09-07,Late delivery
C00154,2025-04-06,Late delivery
C00156,2025-01-27,Late delivery
C00156,2025-06-28,Late delivery
C00156,2026-03-12,Late delivery
C00158,2025-11-13,Stock-out
C00160,2025-06-03,Late delivery
C00160,2025-07-27,Late delivery
C00160,2026-06-15,Late delivery
C00160,2026-06-19,Late delivery
C00161,2025-12-10,Late delivery
C00161,2026-09-20,Late delivery
C00162,2026-07-28,Late delivery
C00162,2026-08-11,Late delivery
C00164,2025-01-15,Stock-out
C00164,2025-01-22,Stock-out
C00164,2025-04-14,Stock-out
C00164,2025-04-15,Product quality
C00164,2025-07-28,Late delivery
C00165,2025-11-19,Late delivery
C00167,2025-02-09,Late delivery
C00168,2025-08-16,Stock-out
C00168,2026-02-19,Stock-out
C00168,2026-06-21,Late delivery
C00169,2025-01-22,Late delivery
C00169,2025-02-13,Late delivery
C00169,2025-09-19,Stock-out
C00169,2025-10-23,Late delivery
C00169,2025-12-26,Stock-out
C00169,2026-02-19,Late delivery
C00169,2026-05-26,Late delivery
C00169,2026-06-16,Stock-out
C00172,2026-02-09,Late delivery
C00173,2025-03-07,Late delivery
C00173,2025-07-26,Late delivery
C00173,2026-03-06,Stock-out
C00173,2026-03-11,Stock-out
C00173,2026-07-11,Late delivery
C00173,2026-09-09,Stock-out
C00174,2025-07-03,Late delivery
C00174,2025-07-28,Stock-out
C00174,2025-10-21,Stock-out
C00174,2025-12-18,Stock-out
C00174,2026-02-10,Stock-out
C00174,2026-08-25,Stock-out
C00175,2025-12-08,Late delivery
C00175,2026-01-11,Stock-out
C00175,2026-03-04,Late delivery
C00175,2026-04-28,Late delivery
C00176,2025-01-09,Late delivery
C00176,2026-01-05,Stock-out
C00176,2026-04-16,Late delivery
C00177,2025-03-06,Stock-out
C00177,2025-04-26,Late delivery
C00177,2025-05-05,Late delivery
C00177,2025-08-17,Late delivery
C00178,2025-10-07,Late delivery
C00178,2026-02-06,Late delivery
C00178,2026-04-05,Late delivery
C00178,2026-08-19,Stock-out
C00179,2025-06-15,Pricing
C00179,2025-07-03,Late delivery
C00179,2025-07-20,Late delivery
C00179,2025-07-28,Stock-out
C00179,2025-08-17,Late delivery
C00179,2025-09-23,Late delivery
C00179,2025-09-24,Stock-out
C00179,2026-01-03,Late delivery
C00179,2026-04-12,Late delivery
C00179,2026-05-15,Pricing
C00179,2026-06-09,Late delivery
C00179,2026-06-20,Late delivery
C00179,2026-06-22,Stock-out
C00179,2026-07-11,Late delivery
C00179,2026-07-17,Late delivery
C00179,2026-08-22,Late delivery
C00179,2026-08-28,Late delivery
C00179,2026-09-07,Late delivery
C00182,2026-02-20,Stock-out
C00183,2025-01-26,Stock-out
C00184,2025-08-25,Stock-out
C00185,2026-02-25,Late delivery
C00186,2025-03-04,Late delivery
C00187,2025-02-05,Stock-out
C00187,2025-02-12,Late delivery
C00187,2025-03-05,Stock-out
C00187,2025-03-24,Stock-out
C00187,2025-04-21,Late delivery
C00187,2025-09-26,Late delivery
C00187,2026-07-12,Late delivery
C00188,2025-02-28,Late delivery
C00189,2026-03-23,Late delivery
C00189,2026-05-16,Stock-out
C00189,2026-05-19,Stock-out
C00189,2026-07-15,Product quality
C00189,2026-08-07,Late delivery
C00189,2026-09-13,Late delivery
C00190,2025-06-04,Late delivery
C00190,2026-01-07,Late delivery
C00190,2026-06-15,Pricing
C00191,2025-07-07,Stock-out
C00192,2026-02-22,Late delivery
C00194,2026-03-10,Late delivery
C00194,2026-03-15,Product quality
C00194,2026-03-24,Late delivery
C00194,2026-07-10,Late delivery
C00195,2026-05-23,Late delivery
C00196,2025-03-04,Stock-out
C00196,2025-07-28,Stock-out
C00197,2025-08-19,Late delivery
C00197,2025-10-07,Late delivery
C00197,2025-10-19,Stock-out
C00197,2025-12-16,Stock-out
C00197,2026-02-13,Stock-out
C00197,2026-03-08,Late delivery
C00197,2026-05-17,Late delivery
C00197,2026-06-14,Late delivery
C00197,2026-09-24,Late delivery
C00202,2025-02-13,Late delivery
C00202,2025-05-07,Late delivery
C00202,2026-01-11,Late delivery
C00202,2026-02-15,Late delivery
C00202,2026-05-18,Late delivery
C00203,2025-03-03,Stock-out
C00203,2025-03-15,Pricing
C00203,2025-08-17,Late delivery
C00203,2025-11-11,Stock-out
C00203,2025-11-28,Late delivery
C00204,2025-01-05,Stock-out
C00204,2025-05-28,Late delivery
C00204,2025-11-04,Late delivery
C00204,2025-12-27,Late delivery
C00204,2026-03-13,Stock-out
C00204,2026-07-24,Late delivery
C00204,2026-08-15,Stock-out
C00205,2025-04-19,Late delivery
C00205,2025-07-16,Stock-out
C00206,2025-02-16,Late delivery
C00206,2025-02-28,Late delivery
C00207,2025-01-24,Late delivery
C00207,2025-07-25,Stock-out
C00207,2026-07-19,Late delivery
C00207,2026-08-22,Late delivery
C00207,2026-09-12,Late delivery
C00210,2025-01-12,Late delivery
C00210,2025-01-15,Product quality
C00210,2026-05-21,Stock-out
C00210,2026-06-15,Pricing
C00210,2026-07-28,Late delivery
C00211,2025-03-15,Stock-out
C00212,2025-02-08,Late delivery
C00212,2025-03-08,Late delivery
C00212,2025-04-13,Late delivery
C00212,2025-04-19,Late delivery
C00212,2025-05-15,Late delivery
C00212,2025-05-22,Late delivery
C00212,2025-07-03,Stock-out
C00212,2025-09-15,Pricing
C00212,2025-11-03,Stock-out
C00212,2025-11-22,Late delivery
C00212,2025-11-28,Late delivery
C00212,2026-02-24,Stock-out
C00212,2026-03-11,Stock-out
C00212,2026-03-15,Late delivery
C00212,2026-03-15,Pricing
C00212,2026-06-11,Late delivery
C00212,2026-07-27,Stock-out
C00213,2025-09-15,Product quality
C00214,2025-02-28,Stock-out
C00214,2025-03-05,Stock-out
C00214,2025-05-19,Stock-out
C00214,2025-05-23,Late delivery
C00214,2026-01-19,Stock-out
C00214,2026-02-08,Late delivery
C00214,2026-02-14,Late delivery
C00214,2026-02-20,Stock-out
C00215,2025-02-12,Late delivery
C00216,2025-02-25,Stock-out
C00216,2025-04-07,Late delivery
C00216,2025-07-04,Late delivery
C00216,2026-03-08,Late delivery
C00217,2026-05-15,Late delivery
C00217,2026-05-27,Late delivery
C00217,2026-06-26,Late delivery
C00218,2025-09-09,Late delivery
C00218,2025-12-14,Late delivery
C00218,2026-07-25,Late delivery
C00219,2025-04-08,Stock-out
C00219,2025-09-11,Stock-out
C00220,2025-02-23,Late delivery
C00221,2025-02-23,Late delivery
C00221,2025-04-08,Late delivery
C00222,2025-03-20,Late delivery
C00222,2025-05-18,Stock-out
C00222,2025-08-19,Stock-out
C00222,2025-08-25,Stock-out
C00222,2025-09-11,Late delivery
C00222,2025-09-14,Late delivery
C00223,2025-01-28,Late delivery
C00223,2025-04-06,Stock-out
C00223,2025-04-10,Late delivery
C00223,2025-05-14,Stock-out
C00223,2025-05-23,Stock-out
C00223,2025-05-25,Late delivery
C00223,2025-07-17,Late delivery
C00223,2025-08-13,Late delivery
C00223,2025-09-03,Late delivery
C00223,2025-11-11,Late delivery
C00223,2025-12-16,Late delivery
C00223,2026-01-12,Late delivery
C00223,2026-03-03,Late delivery
C00223,2026-03-16,Late delivery
C00223,2026-03-28,Stock-out
C00223,2026-06-08,Late delivery
C00224,2025-10-07,Stock-out
C00224,2025-12-19,Late delivery
C00224,2026-01-13,Stock-out
C00224,2026-02-22,Late delivery
C00224,2026-03-07,Late delivery
C00224,2026-04-07,Late delivery
C00224,2026-04-21,Stock-out
C00224,2026-06-28,Stock-out
C00224,2026-08-22,Late delivery
C00225,2026-01-22,Stock-out
C00226,2026-02-27,Late delivery
C00226,2026-03-27,Late delivery
C00227,2025-12-22,Stock-out
C00227,2026-02-03,Late delivery
C00227,2026-02-21,Stock-out
C00227,2026-04-04,Stock-out
C00227,2026-04-10,Stock-out
C00227,2026-06-28,Late delivery
C00227,2026-07-10,Stock-out
C00227,2026-07-23,Late delivery
C00228,2025-11-10,Stock-out
C00228,2026-03-22,Stock-out
C00228,2026-04-06,Late delivery
C00228,2026-04-24,Stock-out
C00228,2026-07-08,Stock-out
C00229,2025-06-16,Stock-out
C00229,2025-07-10,Late delivery
C00229,2025-07-13,Stock-out
C00229,2025-08-25,Late delivery
C00229,2025-08-28,Late delivery
C00229,2025-09-06,Late delivery
C00229,2025-10-12,Late delivery
C00229,2025-10-14,Late delivery
C00229,2025-10-26,Late delivery
C00229,2025-11-05,Late delivery
C00229,2025-11-18,Stock-out
C00229,2025-12-28,Late delivery
C00229,2026-01-22,Stock-out
C00229,2026-02-26,Late delivery
C00229,2026-03-04,Late delivery
C00229,2026-03-28,Late delivery
C00229,2026-05-05,Late delivery
C00229,2026-05-06,Late delivery
C00229,2026-05-12,Stock-out
C00229,2026-06-15,Late delivery
C00229,2026-07-04,Late delivery
C00229,2026-07-09,Late delivery
C00229,2026-08-16,Stock-out
C00229,2026-08-18,Late delivery
C00229,2026-08-20,Late delivery
C00229,2026-09-13,Late delivery
C00229,2026-09-13,Stock-out
C00229,2026-09-25,Stock-out
C00230,2025-07-13,Late delivery
C00230,2025-10-09,Late delivery
C00230,2026-07-23,Late delivery
C00231,2025-03-25,Stock-out
C00231,2025-03-28,Stock-out
C00231,2025-04-05,Late delivery
C00233,2025-02-25,Late delivery
C00233,2025-07-04,Late delivery
C00233,2025-07-11,Stock-out
C00233,2025-07-16,Late delivery
C00233,2025-08-03,Late delivery
C00233,2025-10-14,Late delivery
C00233,2026-02-12,Stock-out
C00233,2026-03-05,Stock-out
C00233,2026-03-21,Late delivery
C00233,2026-04-23,Late delivery
C00233,2026-06-26,Late delivery
C00233,2026-08-28,Late delivery
C00234,2026-03-18,Stock-out
C00235,2025-01-04,Late delivery
C00235,2025-02-06,Late delivery
C00235,2025-02-10,Stock-out
C00235,2025-11-08,Late delivery
C00235,2025-11-19,Late delivery
C00235,2026-02-04,Late delivery
C00235,2026-02-17,Late delivery
C00235,2026-03-22,Stock-out
C00235,2026-05-07,Stock-out
C00235,2026-06-05,Late delivery
C00235,2026-06-08,Stock-out
C00235,2026-08-13,Stock-out
C00236,2026-01-26,Late delivery
C00237,2025-05-23,Stock-out
C00237,2025-06-10,Stock-out
C00238,2025-02-20,Late delivery
C00238,2025-03-23,Stock-out
C00238,2025-04-12,Stock-out
C00238,2025-04-24,Late delivery
C00238,2025-05-15,Stock-out
C00238,2025-06-09,Late delivery
C00238,2025-06-16,Late delivery
C00238,2025-06-24,Late delivery
C00238,2025-09-28,Stock-out
C00238,2026-03-24,Late delivery
C00238,2026-07-08,Late delivery
C00238,2026-09-06,Late delivery
C00238,2026-09-19,Stock-out
C00239,2025-01-05,Stock-out
C00240,2025-07-03,Late delivery
C00244,2025-01-13,Late delivery
C00244,2025-05-14,Late delivery
C00244,2025-05-19,Late delivery
C00244,2025-06-15,Late delivery
C00244,2025-07-05,Late delivery
C00244,2025-07-28,Late delivery
C00244,2025-09-19,Stock-out
C00244,2025-10-17,Stock-out
C00244,2025-10-20,Late delivery
C00244,2025-11-16,Stock-out
C00244,2026-02-14,Late delivery
C00244,2026-02-25,Late delivery
C00245,2025-01-13,Late delivery
C00245,2025-02-19,Late delivery
C00245,2025-05-07,Late delivery
C00245,2025-07-13,Late delivery
C00245,2025-08-15,Pricing
C00245,2025-09-07,Stock-out
C00245,2025-12-22,Stock-out
C00247,2026-03-14,Stock-out
C00247,2026-04-07,Late delivery
C00249,2025-05-11,Late delivery
C00250,2025-04-15,Pricing
C00251,2025-12-12,Stock-out
C00251,2026-03-21,Late delivery
C00251,2026-07-09,Stock-out
C00252,2025-04-12,Late delivery
C00252,2026-07-26,Late delivery
C00253,2025-07-21,Late delivery
C00253,2025-08-20,Stock-out
C00255,2025-05-12,Late delivery
C00255,2025-10-19,Stock-out
C00255,2026-05-08,Late delivery
C00256,2025-02-06,Stock-out
C00256,2025-09-26,Late delivery
C00257,2025-08-25,Late delivery
C00257,2025-11-20,Late delivery
C00257,2025-11-23,Late delivery
C00257,2026-02-23,Late delivery
C00257,2026-07-23,Late delivery
C00258,2025-02-13,Late delivery
C00258,2025-02-28,Late delivery
C00258,2025-04-15,Product quality
C00259,2025-03-10,Late delivery
C00259,2025-03-16,Late delivery
C00259,2025-06-19,Late delivery
C00259,2025-09-03,Late delivery
C00259,2026-02-22,Late delivery
C00259,2026-05-06,Late delivery
C00259,2026-07-19,Stock-out
C00259,2026-08-17,Late delivery
C00259,2026-08-25,Late delivery
C00259,2026-08-27,Late delivery
C00260,2025-01-28,Stock-out
C00260,2025-02-19,Late delivery
C00260,2025-04-26,Stock-out
C00260,2025-06-17,Stock-out
C00261,2025-06-21,Late delivery
C00262,2025-01-24,Stock-out
C00262,2025-02-19,Late delivery
C00262,2025-12-17,Late delivery
C00262,2026-01-08,Late delivery
C00262,2026-02-16,Stock-out
C00262,2026-04-12,Late delivery
C00262,2026-04-20,Late delivery
C00262,2026-05-20,Late delivery
C00262,2026-06-25,Late delivery
C00264,2026-08-23,Stock-out
C00265,2025-03-07,Late delivery
C00265,2025-04-03,Stock-out
C00265,2025-04-26,Late delivery
C00265,2025-08-14,Stock-out
C00265,2025-09-12,Stock-out
C00265,2025-10-12,Stock-out
C00265,2025-10-17,Stock-out
C00265,2025-10-28,Stock-out
C00265,2025-12-26,Late delivery
C00265,2026-01-03,Late delivery
C00265,2026-02-19,Late delivery
C00265,2026-03-07,Late delivery
C00266,2025-02-15,Product quality
C00266,2025-03-14,Stock-out
C00266,2026-07-09,Late delivery
C00267,2025-05-09,Stock-out
C00267,2025-07-23,Stock-out
C00267,2025-10-08,Stock-out
C00267,2026-04-25,Late delivery
C00267,2026-07-12,Late delivery
C00267,2026-08-23,Late delivery
C00268,2025-11-05,Late delivery
C00269,2025-01-20,Late delivery
C00269,2026-06-06,Late delivery
C00269,2026-08-16,Late delivery
C00269,2026-09-27,Late delivery
C00270,2025-02-03,Late delivery
C00270,2025-04-27,Late delivery
C00270,2025-08-28,Stock-out
C00270,2025-09-18,Stock-out
C00270,2025-09-24,Stock-out
C00270,2025-12-09,Stock-out
C00270,2025-12-25,Late delivery
C00270,2026-04-28,Late delivery
C00270,2026-05-24,Late delivery
C00270,2026-05-28,Late delivery
C00270,2026-07-15,Late delivery
C00271,2025-01-21,Late delivery
C00271,2025-02-15,Stock-out
C00271,2025-03-03,Late delivery
C00271,2026-05-15,Product quality
C00272,2026-07-10,Stock-out
C00273,2025-10-09,Late delivery
C00273,2025-10-28,Late delivery
C00274,2025-09-23,Stock-out
C00274,2026-01-15,Product quality
C00276,2025-01-17,Stock-out
C00276,2025-03-21,Stock-out
C00276,2025-04-21,Late delivery
C00276,2025-05-05,Late delivery
C00276,2025-05-13,Late delivery
C00276,2025-05-25,Late delivery
C00276,2025-07-07,Stock-out
C00276,2025-08-03,Late delivery
C00276,2025-08-28,Stock-out
C00276,2025-11-05,Late delivery
C00276,2026-04-19,Stock-out
C00276,2026-05-11,Stock-out
C00276,2026-06-05,Late delivery
C00276,2026-09-08,Late delivery
C00276,2026-09-09,Late delivery
C00277,2025-01-21,Late delivery
C00277,2025-03-27,Late delivery
C00277,2025-04-10,Stock-out
C00278,2025-02-21,Stock-out
C00279,2025-06-16,Late delivery
C00279,2025-09-18,Late delivery
C00279,2026-01-21,Late delivery
C00279,2026-03-14,Late delivery
C00280,2026-04-15,Late delivery
C00281,2025-08-20,Late delivery
C00281,2025-11-28,Late delivery
C00281,2026-03-15,Stock-out
C00281,2026-07-15,Pricing
C00282,2026-07-23,Stock-out
C00283,2025-03-19,Stock-out
C00283,2025-06-28,Stock-out
C00283,2026-03-15,Pricing
C00283,2026-03-25,Stock-out
C00284,2025-01-05,Late delivery
C00284,2025-02-07,Stock-out
C00284,2025-02-11,Late delivery
C00284,2025-02-17,Late delivery
C00284,2025-03-14,Late delivery
C00284,2025-04-09,Late delivery
C00284,2025-04-27,Late delivery
C00284,2025-05-19,Stock-out
C00285,2025-01-11,Stock-out
C00285,2025-02-21,Stock-out
C00285,2025-03-15,Late delivery
C00285,2025-04-12,Stock-out
C00285,2025-06-12,Stock-out
C00285,2025-06-18,Stock-out
C00285,2025-09-27,Stock-out
C00286,2025-01-06,Late delivery
C00287,2025-03-20,Stock-out
C00287,2025-03-26,Late delivery
C00287,2025-08-21,Stock-out
C00287,2025-11-09,Stock-out
C00287,2026-01-19,Stock-out
C00287,2026-02-09,Late delivery
C00287,2026-05-08,Late delivery
C00287,2026-08-19,Stock-out
C00287,2026-09-23,Stock-out
C00287,2026-09-23,Late delivery
C00287,2026-09-28,Late delivery
C00288,2025-01-28,Late delivery
C00288,2025-08-07,Late delivery
C00288,2025-11-15,Late delivery
C00288,2026-01-06,Stock-out
C00289,2025-11-22,Late delivery
C00290,2025-04-22,Stock-out
C00290,2026-06-20,Late delivery
C00291,2025-10-06,Stock-out
C00292,2025-06-17,Stock-out
C00292,2025-09-28,Stock-out
C00292,2026-02-13,Late delivery
C00292,2026-03-07,Late delivery
C00292,2026-04-23,Late delivery
C00294,2025-06-22,Late delivery
C00294,2026-01-15,Stock-out
C00295,2025-08-17,Stock-out
C00296,2025-01-03,Late delivery
C00296,2025-01-16,Stock-out
C00296,2025-03-09,Late delivery
C00296,2025-04-24,Stock-out
C00296,2025-07-06,Late delivery
C00296,2025-08-23,Stock-out
C00296,2025-10-18,Late delivery
C00296,2025-11-28,Late delivery
C00296,2025-12-10,Late delivery
C00296,2026-01-14,Stock-out
C00296,2026-01-23,Late delivery
C00296,2026-08-03,Stock-out
C00297,2025-07-05,Stock-out
C00299,2025-03-07,Stock-out
C00299,2025-04-19,Stock-out
C00299,2025-06-23,Late delivery
C00299,2025-10-07,Late delivery
C00299,2025-10-08,Late delivery
C00301,2025-01-13,Stock-out
C00301,2025-04-20,Stock-out
C00301,2025-06-20,Stock-out
C00301,2025-08-25,Late delivery
C00301,2026-01-27,Late delivery
C00301,2026-06-27,Late delivery
C00301,2026-09-10,Stock-out
C00304,2025-01-21,Late delivery
C00304,2025-03-14,Late delivery
C00304,2025-05-15,Late delivery
C00304,2025-06-16,Late delivery
C00304,2025-08-13,Late delivery
C00304,2025-08-22,Late delivery
C00304,2025-09-18,Stock-out
C00304,2025-11-28,Late delivery
C00304,2025-12-11,Stock-out
C00305,2025-08-24,Late delivery
C00305,2025-09-20,Late delivery
C00305,2025-10-24,Stock-out
C00306,2025-01-09,Late delivery
C00306,2025-06-15,Product quality
C00306,2025-07-24,Stock-out
C00306,2025-07-26,Late delivery
C00306,2025-10-28,Late delivery
C00306,2026-05-19,Late delivery
C00307,2025-03-25,Late delivery
C00307,2025-06-19,Late delivery
C00308,2025-04-22,Late delivery
C00308,2025-04-28,Stock-out
C00308,2025-05-11,Late delivery
C00308,2025-06-04,Late delivery
C00308,2025-08-03,Stock-out
C00308,2025-08-05,Late delivery
C00308,2025-09-11,Stock-out
C00308,2025-11-08,Stock-out
C00308,2026-01-28,Late delivery
C00309,2026-03-12,Late delivery
C00309,2026-05-19,Late delivery
C00309,2026-08-27,Late delivery
C00313,2025-04-27,Stock-out
C00313,2025-07-28,Late delivery
C00314,2025-01-18,Late delivery
C00314,2025-06-06,Stock-out
C00314,2025-06-20,Stock-out
C00315,2025-01-12,Late delivery
C00315,2025-05-03,Stock-out
C00315,2025-07-16,Stock-out
C00315,2025-11-20,Stock-out
C00315,2026-02-25,Late delivery
C00315,2026-08-28,Stock-out
C00316,2026-05-11,Stock-out
C00318,2025-01-08,Late delivery
C00318,2025-03-04,Stock-out
C00318,2025-06-06,Late delivery
C00318,2025-06-14,Late delivery
C00318,2025-08-06,Stock-out
C00318,2025-10-04,Stock-out
C00318,2025-10-19,Stock-out
C00318,2026-03-24,Late delivery
C00318,2026-08-22,Late delivery
C00321,2025-01-28,Stock-out
C00321,2025-02-10,Late delivery
C00321,2025-10-15,Late delivery
C00321,2026-02-26,Late delivery
C00321,2026-06-27,Late delivery
C00321,2026-07-15,Pricing
C00321,2026-08-25,Late delivery
C00323,2026-09-07,Stock-out
C00324,2026-06-13,Late delivery
C00324,2026-08-07,Late delivery
C00325,2026-02-06,Late delivery
C00325,2026-05-08,Late delivery
C00325,2026-07-06,Late delivery
C00326,2025-04-26,Late delivery
C00326,2025-11-13,Stock-out
C00328,2025-01-15,Product quality
C00328,2025-01-27,Stock-out
C00328,2025-05-03,Late delivery
C00328,2025-05-27,Stock-out
C00328,2025-12-04,Late delivery
C00328,2026-02-27,Stock-out
C00328,2026-04-09,Late delivery
C00329,2025-03-15,Product quality
C00330,2025-06-27,Stock-out
C00330,2025-10-16,Late delivery
C00332,2025-09-17,Late delivery
C00332,2026-08-28,Late delivery
C00333,2025-12-12,Late delivery
C00334,2025-06-21,Late delivery
C00334,2025-10-05,Late delivery
C00334,2025-12-04,Late delivery
C00334,2025-12-06,Late delivery
C00334,2026-01-26,Stock-out
C00335,2026-01-11,Stock-out
C00336,2025-07-27,Late delivery
C00336,2025-09-07,Late delivery
C00336,2025-10-08,Late delivery
C00336,2026-01-05,Stock-out
C00336,2026-02-06,Late delivery
C00336,2026-03-15,Pricing
C00337,2025-02-12,Stock-out
C00337,2025-06-15,Product quality
C00337,2025-06-18,Late delivery
C00337,2025-08-19,Late delivery
C00337,2025-09-19,Late delivery
C00337,2025-10-07,Stock-out
C00337,2026-03-11,Late delivery
C00337,2026-05-13,Late delivery
C00337,2026-08-22,Stock-out
C00340,2025-04-05,Stock-out
C00340,2025-05-12,Late delivery
C00340,2025-06-08,Stock-out
C00342,2025-03-24,Late delivery
C00343,2025-03-11,Late delivery
C00343,2026-06-24,Late delivery
C00345,2025-06-12,Late delivery
C00345,2025-06-14,Late delivery
C00346,2025-03-14,Late delivery
C00346,2025-04-14,Late delivery
C00346,2025-04-18,Stock-out
C00346,2025-09-09,Late delivery
C00346,2025-09-09,Stock-out
C00346,2025-10-09,Late delivery
C00346,2025-11-15,Stock-out
C00346,2025-11-27,Late delivery
C00346,2025-12-15,Stock-out
C00346,2025-12-19,Late delivery
C00346,2026-01-03,Stock-out
C00346,2026-01-26,Late delivery
C00346,2026-02-10,Stock-out
C00346,2026-04-28,Stock-out
C00346,2026-05-19,Late delivery
C00346,2026-05-22,Late delivery
C00346,2026-06-17,Late delivery
C00346,2026-06-22,Late delivery
C00347,2025-01-14,Stock-out
C00347,2025-04-27,Late delivery
C00347,2025-05-12,Late delivery
C00347,2025-05-21,Late delivery
C00347,2025-06-26,Stock-out
C00347,2025-07-04,Stock-out
C00347,2025-08-05,Late delivery
C00347,2025-08-20,Late delivery
C00347,2025-10-08,Late delivery
C00347,2025-11-17,Late delivery
C00347,2026-04-04,Stock-out
C00347,2026-04-05,Late delivery
C00347,2026-06-24,Stock-out
C00347,2026-08-20,Late delivery
C00347,2026-09-08,Late delivery
C00348,2025-01-28,Late delivery
C00349,2025-08-15,Product quality
C00349,2026-08-11,Stock-out
C00350,2026-08-08,Late delivery
C00355,2025-05-17,Late delivery
C00355,2025-10-19,Stock-out
C00355,2026-02-23,Late delivery
C00355,2026-02-28,Late delivery
C00355,2026-07-25,Stock-out
C00356,2025-08-03,Stock-out
C00356,2026-01-28,Late delivery
C00356,2026-02-25,Late delivery
C00357,2025-02-11,Late delivery
C00359,2025-03-20,Late delivery
C00360,2025-01-25,Late delivery
C00360,2025-05-20,Late delivery
C00360,2025-07-13,Late delivery
C00360,2025-10-28,Late delivery
C00360,2025-12-17,Late delivery
C00360,2026-02-04,Late delivery
C00360,2026-02-13,Stock-out
C00360,2026-04-25,Stock-out
C00360,2026-06-14,Late delivery
C00360,2026-08-09,Late delivery
C00361,2026-03-03,Stock-out
C00361,2026-06-03,Late delivery
C00361,2026-08-10,Late delivery
C00361,2026-09-05,Late delivery
C00361,2026-09-15,Stock-out
C00362,2025-06-13,Late delivery
C00363,2025-05-26,Stock-out
C00363,2025-05-28,Stock-out
C00363,2025-05-28,Late delivery
C00363,2025-07-04,Stock-out
C00363,2025-10-11,Stock-out
C00363,2025-11-25,Late delivery
C00363,2025-12-14,Stock-out
C00363,2026-01-23,Stock-out
C00363,2026-03-28,Late delivery
C00363,2026-04-27,Stock-out
C00363,2026-05-08,Stock-out
C00363,2026-05-17,Stock-out
C00363,2026-08-09,Late delivery
C00363,2026-08-18,Late delivery
C00363,2026-09-04,Stock-out
C00365,2025-03-07,Stock-out
C00365,2025-03-24,Stock-out
C00366,2025-01-20,Late delivery
C00366,2025-03-16,Late delivery
C00366,2026-03-18,Late delivery
C00366,2026-09-28,Late delivery
C00367,2025-02-16,Stock-out
C00368,2025-10-06,Stock-out
C00369,2025-01-18,Late delivery
C00369,2026-05-04,Late delivery
C00370,2025-05-25,Late delivery
C00373,2025-02-15,Product quality
C00373,2025-04-09,Stock-out
C00374,2025-05-21,Stock-out
C00374,2026-07-18,Late delivery
C00376,2026-05-07,Late delivery
C00377,2025-01-09,Late delivery
C00377,2025-01-17,Stock-out
C00378,2025-01-11,Late delivery
C00378,2025-03-08,Late delivery
C00378,2025-05-16,Late delivery
C00378,2026-01-03,Stock-out
C00378,2026-04-21,Stock-out
C00378,2026-05-06,Stock-out
C00378,2026-08-08,Stock-out
C00379,2025-01-26,Stock-out
C00380,2025-01-26,Late delivery
C00380,2025-06-12,Stock-out
C00380,2025-06-25,Stock-out
C00380,2025-07-03,Late delivery
C00382,2025-01-12,Stock-out
C00382,2025-01-13,Stock-out
C00382,2025-03-05,Late delivery
C00382,2025-03-07,Stock-out
C00382,2025-03-09,Late delivery
C00382,2025-03-12,Late delivery
C00382,2025-03-20,Stock-out
C00382,2025-04-12,Late delivery
C00382,2025-04-12,Stock-out
C00382,2025-04-17,Stock-out
C00382,2025-04-24,Late delivery
C00382,2025-06-25,Late delivery
C00383,2025-07-16,Late delivery
C00383,2025-08-09,Late delivery
C00383,2025-09-21,Late delivery
C00383,2025-10-14,Stock-out
C00383,2026-03-07,Late delivery
C00385,2025-07-05,Late delivery
C00385,2025-08-27,Late delivery
C00386,2025-06-18,Late delivery
C00388,2026-03-07,Late delivery
C00388,2026-05-21,Stock-out
C00388,2026-09-22,Late delivery
C00389,2025-04-05,Late delivery
C00389,2025-06-11,Late delivery
C00389,2025-07-21,Late delivery
C00389,2025-08-10,Late delivery
C00389,2025-08-15,Late delivery
C00389,2025-08-22,Late delivery
C00389,2025-11-04,Stock-out
C00389,2025-12-18,Late delivery
C00390,2025-03-03,Late delivery
C00392,2026-03-10,Late delivery
C00392,2026-06-21,Late delivery
C00392,2026-07-13,Stock-out
C00393,2025-01-14,Stock-out
C00393,2025-01-19,Late delivery
C00393,2025-02-04,Stock-out
C00393,2025-02-22,Late delivery
C00393,2025-03-15,Late delivery
C00393,2025-04-17,Late delivery
C00393,2025-06-15,Stock-out
C00393,2025-09-15,Pricing
C00393,2025-11-17,Late delivery
C00393,2026-01-08,Late delivery
C00393,2026-03-05,Late delivery
C00393,2026-04-23,Stock-out
C00393,2026-04-24,Late delivery
C00393,2026-06-18,Stock-out
C00393,2026-07-24,Late delivery
C00394,2025-01-03,Stock-out
C00394,2025-02-09,Late delivery
C00394,2025-04-04,Late delivery
C00394,2025-04-04,Late delivery
C00394,2025-10-23,Late delivery
C00394,2025-11-05,Stock-out
C00394,2025-12-13,Late delivery
C00394,2026-01-26,Late delivery
C00394,2026-05-19,Late delivery
C00394,2026-09-23,Stock-out
C00395,2025-03-03,Late delivery
C00395,2025-05-15,Product quality
C00395,2025-06-04,Late delivery
C00395,2025-06-06,Late delivery
C00395,2025-06-08,Late delivery
C00395,2025-06-28,Stock-out
C00396,2025-02-11,Late delivery
C00396,2025-03-14,Late delivery
C00396,2025-05-03,Late delivery
C00397,2025-01-04,Late delivery
C00399,2025-06-19,Late delivery
C00399,2026-05-28,Stock-out
C00400,2025-04-11,Late delivery
C00400,2025-09-26,Late delivery
C00400,2025-11-25,Late delivery
C00400,2026-09-05,Late delivery
C00400,2026-09-07,Late delivery
C00401,2025-11-14,Late delivery
C00402,2025-04-27,Late delivery
C00402,2025-11-08,Late delivery
C00402,2026-02-28,Late delivery
C00402,2026-04-06,Late delivery
C00405,2025-04-05,Late delivery
C00406,2025-03-28,Stock-out
C00406,2025-04-19,Late delivery
C00406,2025-04-22,Late delivery
C00406,2025-06-09,Stock-out
C00406,2025-07-20,Late delivery
C00406,2025-07-28,Stock-out
C00406,2025-09-15,Pricing
C00406,2025-10-03,Late delivery
C00406,2026-01-20,Late delivery
C00408,2025-12-19,Stock-out
C00408,2026-07-20,Late delivery
C00409,2025-12-28,Late delivery
C00409,2026-06-21,Late delivery
C00409,2026-06-27,Stock-out
C00409,2026-07-09,Stock-out
C00409,2026-07-23,Late delivery
C00411,2025-03-03,Stock-out
C00411,2025-08-22,Late delivery
C00411,2026-02-03,Late delivery
C00411,2026-04-11,Late delivery
C00412,2025-09-05,Late delivery
C00412,2025-11-26,Late delivery
C00412,2026-06-15,Pricing
C00414,2025-01-11,Late delivery
C00414,2025-02-20,Late delivery
C00415,2026-01-17,Late delivery
C00416,2026-09-03,Late delivery
C00416,2026-09-15,Stock-out
C00417,2025-04-11,Late delivery
C00417,2025-09-24,Stock-out
C00418,2025-03-13,Late delivery
C00418,2025-03-19,Late delivery
C00418,2025-05-08,Late delivery
C00418,2025-08-22,Late delivery
C00418,2025-10-13,Late delivery
C00418,2026-03-17,Stock-out
C00418,2026-04-15,Product quality
C00419,2026-05-25,Late delivery
C00420,2025-01-07,Stock-out
C00421,2025-03-15,Pricing
C00421,2025-11-17,Late delivery
C00422,2025-01-26,Stock-out
C00422,2025-06-07,Late delivery
C00422,2025-06-14,Late delivery
C00422,2025-11-17,Late delivery
C00422,2025-12-16,Late delivery
C00422,2026-01-23,Late delivery
C00422,2026-03-06,Late delivery
C00422,2026-03-17,Stock-out
C00422,2026-03-25,Late delivery
C00422,2026-04-08,Stock-out
C00422,2026-04-25,Late delivery
C00423,2026-03-28,Late delivery
C00423,2026-09-05,Late delivery
C00424,2026-04-16,Stock-out
C00424,2026-06-15,Late delivery
C00425,2025-03-15,Product quality
C00425,2026-02-27,Late delivery
C00426,2026-02-28,Late delivery
C00426,2026-04-15,Late delivery
C00430,2025-12-11,Late delivery
C00431,2025-08-23,Late delivery
C00431,2025-11-20,Stock-out
C00431,2026-05-19,Stock-out
C00434,2026-06-25,Late delivery
C00434,2026-08-07,Stock-out
C00434,2026-09-16,Stock-out
C00435,2026-03-19,Late delivery
C00436,2025-01-26,Late delivery
C00436,2025-02-12,Late delivery
C00436,2025-12-16,Late delivery
C00437,2025-12-07,Late delivery
C00437,2026-04-03,Late delivery
C00437,2026-04-09,Late delivery
C00437,2026-06-19,Late delivery
C00437,2026-06-28,Stock-out
C00437,2026-07-05,Late delivery
C00438,2025-02-12,Stock-out
C00438,2026-03-14,Late delivery
C00439,2025-01-16,Late delivery
C00439,2025-04-18,Stock-out
C00439,2025-09-26,Late delivery
C00439,2025-10-15,Stock-out
C00439,2026-05-24,Late delivery
C00439,2026-09-13,Late delivery
C00440,2025-01-25,Stock-out
C00440,2025-02-13,Stock-out
C00441,2026-06-20,Late delivery
C00443,2025-09-24,Late delivery
C00443,2025-12-18,Late delivery
C00443,2025-12-20,Late delivery
C00443,2026-04-20,Late delivery
C00443,2026-08-26,Late delivery
C00444,2025-12-18,Late delivery
C00444,2026-01-19,Stock-out
C00444,2026-02-05,Stock-out
C00444,2026-06-13,Late delivery
C00444,2026-07-12,Late delivery
C00444,2026-07-15,Pricing
C00444,2026-07-24,Stock-out
C00444,2026-08-20,Late delivery
C00444,2026-09-11,Late delivery
C00445,2025-03-07,Late delivery
C00446,2025-07-19,Late delivery
C00446,2025-10-03,Stock-out
C00446,2026-04-12,Late delivery
C00446,2026-06-10,Stock-out
C00447,2025-05-10,Late delivery
C00447,2026-01-15,Late delivery
C00447,2026-01-28,Late delivery
C00447,2026-04-15,Pricing
C00447,2026-08-03,Late delivery
C00447,2026-08-23,Stock-out
C00449,2025-03-15,Product quality
C00449,2025-06-25,Late delivery
C00449,2025-11-28,Late delivery
C00449,2026-05-28,Late delivery
C00450,2025-02-15,Pricing
C00450,2025-09-26,Late delivery
C00450,2026-04-19,Late delivery
C00450,2026-06-14,Late delivery
C00450,2026-08-26,Late delivery
C00451,2026-01-20,Late delivery
C00451,2026-01-22,Late delivery
C00451,2026-07-15,Pricing
C00452,2025-05-17,Late delivery
C00452,2025-06-17,Late delivery
C00453,2025-05-13,Late delivery
C00453,2025-06-24,Late delivery
C00453,2025-10-22,Late delivery
C00453,2026-05-14,Late delivery
C00454,2025-02-15,Pricing
C00454,2025-04-04,Stock-out
C00454,2025-04-13,Late delivery
C00454,2025-04-24,Stock-out
C00454,2025-06-15,Late delivery
C00454,2025-10-11,Late delivery
C00454,2025-10-16,Stock-out
C00454,2025-11-22,Late delivery
C00454,2025-12-11,Late delivery
C00454,2025-12-13,Late delivery
C00454,2026-01-13,Late delivery
C00454,2026-05-26,Late delivery
C00454,2026-05-28,Stock-out
C00454,2026-08-10,Late delivery
C00454,2026-08-10,Late delivery
C00454,2026-08-24,Late delivery
C00454,2026-09-08,Stock-out
C00457,2025-02-12,Late delivery
C00457,2025-03-12,Stock-out
C00457,2025-07-18,Stock-out
C00458,2025-06-12,Stock-out
C00458,2025-06-17,Late delivery
C00458,2025-07-28,Late delivery
C00458,2026-02-14,Stock-out
C00458,2026-04-21,Stock-out
C00458,2026-05-08,Stock-out
C00458,2026-05-15,Stock-out
C00459,2025-11-16,Stock-out
C00461,2025-11-07,Late delivery
C00461,2026-04-13,Late delivery
C00462,2025-01-04,Late delivery
C00462,2025-01-16,Late delivery
C00462,2025-05-27,Stock-out
C00462,2025-06-21,Stock-out
C00462,2025-08-03,Late delivery
C00462,2025-09-20,Late delivery
C00462,2025-10-04,Late delivery
C00462,2025-11-09,Late delivery
C00462,2025-12-08,Late delivery
C00462,2026-01-24,Late delivery
C00462,2026-02-10,Late delivery
C00462,2026-02-28,Stock-out
C00462,2026-03-28,Stock-out
C00462,2026-05-04,Stock-out
C00462,2026-05-14,Stock-out
C00462,2026-05-16,Stock-out
C00462,2026-06-28,Stock-out
C00462,2026-07-22,Late delivery
C00463,2025-01-19,Late delivery
C00463,2025-02-06,Stock-out
C00463,2025-02-18,Late delivery
C00463,2025-03-22,Stock-out
C00463,2025-04-12,Late delivery
C00463,2025-05-16,Late delivery
C00463,2025-06-06,Late delivery
C00463,2025-07-20,Late delivery
C00463,2025-07-24,Stock-out
C00463,2025-09-06,Stock-out
C00463,2025-09-11,Stock-out
C00464,2025-02-06,Late delivery
C00464,2025-11-05,Stock-out
C00464,2026-02-20,Late delivery
C00464,2026-03-17,Stock-out
C00464,2026-04-18,Late delivery
C00465,2025-08-23,Late delivery
C00465,2025-08-24,Late delivery
C00465,2025-12-11,Late delivery
C00466,2025-03-15,Late delivery
C00466,2025-06-11,Late delivery
C00466,2025-11-07,Stock-out
C00466,2025-12-12,Late delivery
C00466,2026-01-19,Stock-out
C00466,2026-05-03,Late delivery
C00466,2026-07-18,Late delivery
C00466,2026-07-25,Stock-out
C00467,2025-11-04,Late delivery
C00468,2025-02-04,Stock-out
C00468,2025-05-07,Late delivery
C00468,2025-05-24,Stock-out
C00468,2025-08-04,Stock-out
C00468,2026-02-11,Late delivery
C00468,2026-06-08,Stock-out
C00468,2026-06-16,Late delivery
C00468,2026-06-16,Stock-out
C00468,2026-08-04,Late delivery
C00468,2026-09-19,Stock-out
C00469,2026-04-15,Product quality
C00469,2026-07-04,Late delivery
C00469,2026-07-10,Late delivery
C00469,2026-08-06,Stock-out
C00469,2026-09-12,Late delivery
C00470,2025-05-07,Late delivery
C00471,2025-04-28,Late delivery
C00473,2025-05-10,Late delivery
C00474,2025-10-18,Stock-out
C00474,2025-11-09,Stock-out
C00474,2025-11-11,Stock-out
C00474,2025-11-24,Late delivery
C00474,2026-02-13,Stock-out
C00474,2026-02-18,Stock-out
C00474,2026-04-16,Stock-out
C00475,2025-06-14,Stock-out
C00475,2025-10-17,Late delivery
C00475,2026-03-25,Late delivery
C00475,2026-06-14,Late delivery
C00476,2025-02-25,Stock-out
C00476,2025-04-18,Stock-out
C00477,2025-06-24,Late delivery
C00477,2026-01-15,Late delivery
C00478,2025-04-10,Late delivery
C00478,2025-05-05,Late delivery
C00478,2025-06-13,Late delivery
C00478,2025-07-09,Stock-out
C00478,2025-08-16,Stock-out
C00478,2025-10-07,Stock-out
C00478,2025-10-23,Late delivery
C00478,2025-11-05,Stock-out
C00478,2025-11-08,Stock-out
C00478,2025-11-14,Late delivery
C00478,2025-11-22,Stock-out
C00478,2026-03-04,Late delivery
C00478,2026-05-15,Late delivery
C00479,2026-02-03,Stock-out
C00479,2026-03-22,Late delivery
C00480,2025-05-23,Late delivery
C00481,2025-01-04,Late delivery
C00481,2025-02-03,Late delivery
C00481,2025-03-26,Stock-out
C00481,2025-06-21,Late delivery
C00482,2025-05-06,Late delivery
C00483,2025-01-12,Stock-out
C00484,2026-05-05,Stock-out
C00484,2026-05-07,Late delivery
C00484,2026-05-10,Stock-out
C00484,2026-05-15,Late delivery
C00484,2026-06-13,Late delivery
C00484,2026-08-18,Late delivery
C00484,2026-09-22,Stock-out
C00485,2026-05-14,Late delivery
C00486,2025-10-08,Stock-out
C00486,2025-11-08,Late delivery
C00487,2025-02-13,Late delivery
C00487,2025-03-17,Late delivery
C00487,2025-04-13,Late delivery
C00487,2025-07-11,Late delivery
C00487,2025-08-11,Stock-out
C00487,2025-08-14,Stock-out
C00487,2025-09-07,Late delivery
C00487,2025-09-11,Late delivery
C00487,2025-10-08,Stock-out
C00488,2025-02-28,Late delivery
C00488,2025-04-08,Stock-out
C00488,2025-08-27,Late delivery
C00488,2026-03-19,Late delivery
C00488,2026-08-23,Stock-out
C00489,2025-07-20,Late delivery
C00490,2025-03-15,Stock-out
C00490,2025-06-25,Stock-out
C00490,2025-07-09,Stock-out
C00490,2025-07-10,Late delivery
C00490,2025-07-15,Late delivery
C00490,2025-10-07,Late delivery
C00490,2025-10-24,Stock-out
C00490,2026-03-28,Late delivery
C00491,2025-01-10,Stock-out
C00491,2025-02-03,Late delivery
C00491,2025-03-26,Late delivery
C00491,2025-04-08,Late delivery
C00491,2025-04-26,Late delivery
C00491,2025-05-20,Stock-out
C00491,2025-07-14,Late delivery
C00491,2025-08-27,Late delivery
C00491,2025-08-28,Stock-out
C00491,2025-11-06,Late delivery
C00491,2025-11-28,Stock-out
C00492,2025-01-17,Late delivery
C00492,2025-09-14,Stock-out
C00492,2025-10-22,Late delivery
C00492,2026-01-11,Late delivery
C00492,2026-03-14,Stock-out
C00492,2026-04-06,Late delivery
C00493,2025-10-05,Late delivery
C00493,2025-11-07,Stock-out
C00493,2026-01-23,Late delivery
C00493,2026-01-28,Late delivery
C00493,2026-02-26,Late delivery
C00493,2026-06-12,Stock-out
C00494,2025-04-22,Late delivery
C00494,2025-08-17,Late delivery
C00494,2025-10-07,Late delivery
C00494,2025-12-15,Pricing
C00494,2025-12-16,Late delivery
C00494,2026-01-04,Stock-out
C00494,2026-01-09,Late delivery
C00494,2026-06-28,Late delivery
C00494,2026-08-26,Late delivery
C00495,2025-08-09,Late delivery
C00495,2025-09-24,Late delivery
C00497,2025-05-05,Late delivery
C00497,2025-07-23,Stock-out
C00497,2026-07-07,Late delivery
C00499,2025-02-03,Late delivery
C00499,2025-04-13,Late delivery
C00499,2025-05-16,Late delivery
C00500,2025-05-05,Stock-out
C00500,2025-11-04,Late delivery
C00500,2025-11-25,Stock-out
C00501,2025-04-15,Pricing
C00501,2025-07-20,Stock-out
C00502,2025-10-06,Stock-out
C00503,2025-05-09,Late delivery
C00503,2025-09-21,Late delivery
C00503,2025-10-09,Stock-out
C00503,2025-10-16,Stock-out
C00503,2026-05-15,Pricing
C00503,2026-06-06,Late delivery
C00503,2026-08-11,Late delivery
C00503,2026-08-27,Stock-out
C00504,2025-02-05,Late delivery
C00504,2025-05-12,Late delivery
C00504,2025-10-24,Late delivery
C00504,2025-10-25,Stock-out
C00504,2025-12-11,Late delivery
C00504,2026-03-26,Late delivery
C00504,2026-07-15,Pricing
C00504,2026-08-11,Late delivery
C00504,2026-08-13,Late delivery
C00505,2025-01-13,Stock-out
C00505,2025-04-21,Stock-out
C00505,2025-06-09,Late delivery
C00505,2025-08-27,Late delivery
C00505,2025-12-11,Stock-out
C00505,2026-01-13,Late delivery
C00505,2026-02-08,Late delivery
C00507,2026-06-19,Stock-out
C00508,2025-06-21,Late delivery
C00509,2025-05-23,Stock-out
C00510,2025-01-14,Stock-out
C00510,2025-02-06,Stock-out
C00510,2025-10-09,Late delivery
C00510,2025-11-16,Stock-out
C00511,2025-05-18,Stock-out
C00512,2025-02-28,Late delivery
C00512,2025-08-04,Stock-out
C00512,2025-11-05,Late delivery
C00512,2026-01-11,Stock-out
C00512,2026-04-09,Late delivery
C00512,2026-08-18,Late delivery
C00512,2026-09-21,Late delivery
C00513,2026-02-03,Late delivery
C00513,2026-03-15,Pricing
C00513,2026-03-16,Late delivery
C00514,2025-03-26,Late delivery
C00515,2025-01-15,Late delivery
C00515,2025-01-15,Late delivery
C00515,2025-04-11,Late delivery
C00515,2025-04-23,Stock-out
C00515,2025-05-23,Stock-out
C00515,2025-06-26,Late delivery
C00515,2025-09-05,Late delivery
C00515,2025-10-05,Stock-out
C00515,2025-11-20,Late delivery
C00515,2026-01-12,Late delivery
C00515,2026-03-08,Stock-out
C00515,2026-03-17,Stock-out
C00515,2026-03-26,Late delivery
C00515,2026-04-16,Late delivery
C00515,2026-04-18,Late delivery
C00515,2026-04-24,Late delivery
C00515,2026-04-27,Late delivery
C00515,2026-06-17,Stock-out
C00515,2026-08-14,Late delivery
C00517,2025-07-17,Late delivery
C00517,2025-12-16,Stock-out
C00517,2026-06-14,Late delivery
C00517,2026-08-26,Late delivery
C00518,2025-09-17,Stock-out
C00518,2026-02-07,Late delivery
C00518,2026-04-28,Late delivery
C00519,2025-05-14,Late delivery
C00519,2025-08-05,Stock-out
C00519,2026-01-21,Late delivery
C00519,2026-01-25,Late delivery
C00519,2026-03-26,Late delivery
C00519,2026-05-05,Stock-out
C00519,2026-07-23,Late delivery
C00519,2026-08-28,Stock-out
C00520,2025-01-15,Pricing
C00520,2025-01-16,Stock-out
C00520,2026-01-16,Late delivery
C00520,2026-07-18,Stock-out
C00521,2026-03-12,Stock-out
C00523,2025-07-06,Late delivery
C00523,2025-09-04,Late delivery
C00523,2025-11-10,Late delivery
C00523,2026-02-24,Late delivery
C00524,2025-12-25,Late delivery
C00524,2026-01-03,Stock-out
C00524,2026-02-05,Late delivery
C00524,2026-03-12,Stock-out
C00524,2026-05-17,Late delivery
C00524,2026-06-07,Late delivery
C00524,2026-07-20,Late delivery
C00524,2026-08-11,Late delivery
C00526,2025-02-25,Late delivery
C00526,2025-03-11,Stock-out
C00526,2025-03-28,Late delivery
C00526,2025-08-16,Late delivery
C00526,2025-10-07,Late delivery
C00526,2025-11-23,Late delivery
C00527,2025-05-23,Late delivery
C00527,2025-09-18,Stock-out
C00528,2026-01-18,Late delivery
C00528,2026-03-12,Late delivery
C00528,2026-04-11,Stock-out
C00528,2026-09-12,Late delivery
C00530,2025-05-15,Product quality
C00530,2025-08-15,Product quality
C00530,2025-10-06,Late delivery
C00530,2026-04-24,Late delivery
C00531,2025-10-05,Late delivery
C00532,2025-12-16,Late delivery
C00533,2025-06-28,Stock-out
C00533,2025-11-13,Late delivery
C00533,2026-01-14,Stock-out
C00534,2025-12-17,Late delivery
C00534,2026-07-28,Late delivery
C00537,2026-05-11,Late delivery
C00537,2026-08-17,Stock-out
C00539,2025-10-04,Late delivery
C00539,2025-10-23,Stock-out
C00540,2025-01-27,Stock-out
C00540,2025-02-19,Stock-out
C00541,2026-03-23,Stock-out
C00541,2026-03-24,Late delivery
C00541,2026-06-22,Stock-out
C00542,2026-04-24,Late delivery
C00543,2025-03-05,Late delivery
C00543,2025-03-16,Late delivery
C00543,2025-03-18,Late delivery
C00544,2025-01-15,Late delivery
C00545,2025-01-25,Stock-out
C00545,2025-04-06,Late delivery
C00545,2025-04-10,Late delivery
C00545,2025-06-11,Late delivery
C00545,2025-09-13,Late delivery
C00545,2026-02-09,Stock-out
C00545,2026-02-15,Stock-out
C00545,2026-04-11,Late delivery
C00545,2026-04-19,Late delivery
C00545,2026-06-07,Stock-out
C00545,2026-06-28,Late delivery
C00546,2025-03-05,Late delivery
C00546,2025-03-11,Late delivery
C00546,2025-04-07,Stock-out
C00546,2025-08-18,Late delivery
C00546,2026-09-04,Late delivery
C00548,2026-03-25,Late delivery
C00549,2026-01-28,Late delivery
C00549,2026-02-24,Late delivery
C00551,2025-01-27,Stock-out
C00552,2025-02-12,Late delivery
C00553,2025-01-16,Late delivery
C00553,2025-08-26,Stock-out
C00553,2025-12-14,Late delivery
C00553,2026-08-15,Pricing
C00554,2025-02-13,Late delivery
C00554,2025-02-19,Stock-out
C00554,2025-04-08,Stock-out
C00554,2025-06-22,Late delivery
C00554,2025-10-28,Late delivery
C00555,2025-08-15,Stock-out
C00555,2026-01-12,Late delivery
C00555,2026-03-14,Late delivery
C00556,2025-02-22,Late delivery
C00557,2025-02-10,Late delivery
C00557,2025-02-22,Stock-out
C00557,2025-03-03,Late delivery
C00557,2025-05-25,Stock-out
C00557,2025-08-15,Pricing
C00557,2025-08-28,Late delivery
C00557,2025-09-15,Pricing
C00557,2025-09-18,Late delivery
C00557,2025-09-23,Stock-out
C00557,2025-12-14,Late delivery
C00557,2026-02-27,Late delivery
C00557,2026-05-19,Stock-out
C00557,2026-06-11,Stock-out
C00557,2026-09-11,Late delivery
C00558,2025-04-16,Late delivery
C00558,2025-05-27,Late delivery
C00558,2025-07-13,Late delivery
C00558,2025-09-06,Stock-out
C00558,2025-09-18,Late delivery
C00558,2025-10-26,Late delivery
C00558,2025-11-27,Stock-out
C00558,2025-12-08,Late delivery
C00558,2026-05-25,Late delivery
C00559,2025-01-08,Stock-out
C00559,2025-03-15,Pricing
C00559,2025-05-06,Stock-out
C00559,2025-05-27,Stock-out
C00559,2025-09-15,Late delivery
C00559,2025-11-06,Stock-out
C00559,2025-11-15,Stock-out
C00559,2025-11-22,Stock-out
C00559,2026-01-22,Stock-out
C00559,2026-06-18,Stock-out
C00559,2026-06-27,Late delivery
C00559,2026-07-08,Late delivery
C00560,2025-01-06,Stock-out
C00560,2025-10-17,Stock-out
C00560,2025-10-21,Late delivery
C00560,2025-11-28,Stock-out
C00560,2026-03-24,Late delivery
C00560,2026-04-13,Stock-out
C00560,2026-06-09,Late delivery
C00561,2025-01-18,Stock-out
C00561,2025-07-13,Late delivery
C00561,2026-03-03,Late delivery
C00562,2026-03-14,Late delivery
C00564,2025-01-16,Late delivery
C00564,2025-03-15,Stock-out
C00564,2025-05-15,Pricing
C00564,2025-07-07,Late delivery
C00564,2026-01-03,Late delivery
C00565,2025-01-04,Late delivery
C00565,2025-01-08,Stock-out
C00565,2025-01-26,Late delivery
C00565,2025-03-26,Late delivery
C00565,2025-04-12,Late delivery
C00565,2025-05-28,Late delivery
C00565,2025-06-07,Late delivery
C00568,2025-02-03,Stock-out
C00568,2025-05-14,Late delivery
C00568,2025-12-13,Stock-out
C00568,2026-04-18,Stock-out
C00569,2025-08-22,Stock-out
C00570,2026-04-04,Late delivery
C00573,2026-02-15,Pricing
C00574,2025-01-23,Late delivery
C00574,2025-06-10,Late delivery
C00574,2025-07-04,Stock-out
C00574,2025-07-26,Stock-out
C00574,2025-08-07,Late delivery
C00574,2025-10-16,Stock-out
C00574,2025-10-22,Stock-out
C00574,2025-12-28,Late delivery
C00574,2026-01-04,Stock-out
C00574,2026-02-28,Late delivery
C00574,2026-03-08,Stock-out
C00574,2026-03-15,Product quality
C00574,2026-04-18,Late delivery
C00574,2026-04-22,Late delivery
C00575,2026-09-15,Product quality
C00576,2025-08-14,Stock-out
C00576,2025-08-18,Stock-out
C00576,2025-11-18,Stock-out
C00576,2026-03-06,Stock-out
C00576,2026-03-12,Late delivery
C00576,2026-04-22,Late delivery
C00576,2026-04-23,Late delivery
C00576,2026-06-25,Late delivery
C00577,2025-01-09,Late delivery
C00577,2025-01-18,Late delivery
C00577,2025-01-26,Late delivery
C00577,2025-02-08,Late delivery
C00577,2025-02-14,Late delivery
C00577,2025-02-14,Stock-out
C00577,2025-03-26,Late delivery
C00577,2025-04-15,Late delivery
C00577,2025-04-17,Stock-out
C00577,2025-04-20,Late delivery
C00577,2025-05-04,Late delivery
C00577,2025-05-18,Stock-out
C00577,2025-06-18,Late delivery
C00577,2025-07-21,Late delivery
C00577,2025-07-28,Late delivery
C00577,2025-09-28,Late delivery
C00579,2025-07-16,Stock-out
C00579,2026-07-16,Late delivery
C00579,2026-08-27,Late delivery
C00579,2026-09-11,Stock-out
C00580,2025-01-17,Late delivery
C00580,2025-03-11,Late delivery
C00580,2025-04-15,Late delivery
C00580,2025-09-27,Stock-out
C00580,2025-10-24,Stock-out
C00580,2025-11-27,Stock-out
C00580,2026-01-13,Stock-out
C00580,2026-02-19,Stock-out
C00580,2026-04-09,Late delivery
C00580,2026-07-15,Product quality
C00580,2026-08-11,Late delivery
C00581,2025-05-16,Late delivery
C00581,2025-09-15,Stock-out
C00581,2025-10-15,Late delivery
C00581,2026-02-28,Late delivery
C00581,2026-05-24,Late delivery
C00582,2025-02-15,Stock-out
C00584,2025-05-15,Late delivery
C00584,2025-06-21,Stock-out
C00584,2025-12-16,Stock-out
C00584,2026-02-15,Pricing
C00586,2025-01-14,Stock-out
C00586,2025-05-06,Late delivery
C00586,2025-05-14,Stock-out
C00586,2025-06-22,Late delivery
C00586,2025-08-28,Late delivery
C00586,2025-09-11,Stock-out
C00586,2025-10-17,Late delivery
C00586,2025-12-06,Late delivery
C00586,2026-02-13,Late delivery
C00586,2026-03-12,Late delivery
C00586,2026-04-21,Stock-out
C00586,2026-06-17,Stock-out
C00586,2026-07-03,Stock-out
C00586,2026-09-18,Late delivery
C00587,2026-04-15,Product quality
C00588,2025-04-09,Stock-out
C00588,2025-04-12,Stock-out
C00588,2025-12-21,Late delivery
C00588,2026-07-25,Stock-out
C00590,2025-01-16,Stock-out
C00590,2025-01-28,Late delivery
C00590,2025-02-25,Late delivery
C00590,2025-09-03,Stock-out
C00590,2026-02-12,Late delivery
C00590,2026-03-18,Late delivery
C00592,2025-05-24,Stock-out
C00592,2025-08-08,Late delivery
C00592,2025-08-09,Late delivery
C00592,2025-10-27,Stock-out
C00592,2025-11-20,Stock-out
C00592,2025-12-10,Late delivery
C00592,2026-03-08,Stock-out
C00592,2026-08-13,Late delivery
C00592,2026-08-28,Late delivery
C00593,2025-03-09,Late delivery
C00593,2025-04-11,Late delivery
C00593,2025-09-15,Product quality
C00593,2026-03-18,Late delivery
C00593,2026-08-15,Product quality
C00594,2025-04-20,Late delivery
C00594,2025-05-06,Late delivery
C00597,2025-05-06,Stock-out
C00598,2025-01-23,Stock-out
C00598,2025-05-15,Pricing
C00598,2025-09-15,Pricing
C00598,2025-11-03,Late delivery
C00598,2025-11-15,Product quality
C00599,2025-02-24,Late delivery
C00599,2026-03-16,Stock-out
C00599,2026-03-22,Late delivery
C00599,2026-05-18,Stock-out
C00599,2026-05-19,Stock-out
C00599,2026-05-24,Stock-out
C00599,2026-06-19,Late delivery
C00601,2025-01-22,Stock-out
C00601,2025-05-15,Stock-out
C00601,2025-12-15,Pricing
C00601,2025-12-19,Late delivery
C00601,2026-03-10,Late delivery
C00601,2026-04-10,Late delivery
C00601,2026-04-28,Late delivery
C00601,2026-07-28,Late delivery
C00602,2025-05-15,Stock-out
C00602,2025-08-05,Stock-out
C00603,2025-02-14,Stock-out
C00603,2025-04-28,Stock-out
C00603,2025-07-23,Stock-out
C00603,2025-09-27,Stock-out
C00603,2025-10-16,Stock-out
C00603,2025-11-07,Late delivery
C00603,2025-12-16,Stock-out
C00603,2026-08-08,Stock-out
C00603,2026-08-27,Late delivery
C00603,2026-09-12,Stock-out
C00604,2025-04-04,Late delivery
C00604,2025-10-17,Late delivery
C00604,2025-11-15,Product quality
C00604,2026-01-05,Stock-out
C00605,2025-01-06,Late delivery
C00606,2025-01-23,Late delivery
C00606,2025-07-24,Stock-out
C00606,2025-11-15,Product quality
C00606,2025-11-17,Late delivery
C00606,2026-06-27,Stock-out
C00607,2025-04-21,Late delivery
C00607,2025-04-28,Late delivery
C00608,2025-01-28,Late delivery
C00609,2025-07-19,Late delivery
C00609,2025-08-08,Late delivery
C00609,2025-11-26,Stock-out
C00609,2025-12-22,Late delivery
C00609,2026-01-08,Stock-out
C00609,2026-04-14,Stock-out
C00609,2026-04-22,Late delivery
C00609,2026-05-04,Stock-out
C00609,2026-07-26,Late delivery
C00609,2026-08-08,Late delivery
C00609,2026-09-05,Late delivery
C00610,2025-03-16,Late delivery
C00610,2025-05-24,Stock-out
C00610,2025-08-03,Stock-out
C00610,2025-08-22,Late delivery
C00610,2025-12-22,Stock-out
C00610,2025-12-22,Late delivery
C00610,2025-12-28,Late delivery
C00610,2026-03-12,Late delivery
C00611,2026-08-11,Stock-out
C00612,2025-02-24,Stock-out
C00612,2025-12-03,Stock-out
C00614,2025-01-17,Stock-out
C00614,2025-04-04,Late delivery
C00614,2025-08-21,Late delivery
C00615,2025-01-10,Late delivery
C00615,2025-02-18,Late delivery
C00616,2025-02-16,Late delivery
C00616,2025-05-19,Late delivery
C00616,2025-06-17,Late delivery
C00616,2025-08-04,Stock-out
C00617,2025-04-26,Late delivery
C00617,2026-03-12,Stock-out
C00619,2025-12-16,Late delivery
C00619,2026-02-28,Late delivery
C00620,2025-03-15,Late delivery
C00621,2025-02-07,Late delivery
C00621,2025-04-12,Late delivery
C00621,2025-09-04,Late delivery
C00621,2025-09-10,Stock-out
C00621,2025-09-17,Late delivery
C00621,2025-10-19,Late delivery
C00621,2025-12-04,Stock-out
C00621,2026-01-15,Late delivery
C00621,2026-02-07,Late delivery
C00621,2026-02-28,Late delivery
C00621,2026-03-04,Stock-out
C00622,2025-01-17,Late delivery
C00622,2025-02-06,Late delivery
C00622,2025-02-15,Product quality
C00622,2025-04-13,Late delivery
C00622,2025-08-11,Late delivery
C00622,2025-08-13,Stock-out
C00624,2025-07-15,Product quality
C00625,2025-08-21,Late delivery
C00625,2025-08-25,Late delivery
C00625,2025-08-28,Late delivery
C00625,2025-10-10,Late delivery
C00625,2025-11-11,Late delivery
C00625,2026-03-13,Late delivery
C00625,2026-03-25,Late delivery
C00625,2026-05-06,Late delivery
C00626,2025-02-22,Late delivery
C00626,2025-04-10,Stock-out
C00626,2025-10-20,Stock-out
C00626,2026-05-23,Late delivery
C00626,2026-07-08,Late delivery
C00626,2026-07-10,Late delivery
C00626,2026-09-25,Late delivery
C00627,2025-02-04,Late delivery
C00627,2025-07-25,Late delivery
C00627,2025-08-06,Late delivery
C00627,2025-08-17,Late delivery
C00627,2025-09-10,Late delivery
C00627,2025-10-17,Late delivery
C00627,2025-11-15,Late delivery
C00627,2026-01-14,Late delivery
C00627,2026-07-09,Stock-out
C00628,2025-07-19,Stock-out
C00628,2025-08-14,Late delivery
C00628,2025-09-13,Late delivery
C00628,2026-03-10,Late delivery
C00628,2026-04-14,Late delivery
C00628,2026-08-28,Late delivery
C00629,2026-02-09,Late delivery
C00629,2026-03-11,Late delivery
C00629,2026-08-25,Late delivery
C00630,2025-06-12,Stock-out
C00630,2025-08-28,Late delivery
C00630,2026-07-23,Late delivery
C00632,2025-02-18,Late delivery
C00632,2025-02-21,Late delivery
C00632,2025-02-26,Late delivery
C00632,2025-04-20,Stock-out
C00632,2025-07-15,Stock-out
C00632,2025-08-14,Late delivery
C00632,2025-09-08,Stock-out
C00632,2025-09-15,Late delivery
C00632,2025-09-21,Stock-out
C00632,2025-09-23,Stock-out
C00632,2025-10-19,Late delivery
C00632,2025-12-06,Stock-out
C00632,2025-12-25,Late delivery
C00632,2026-01-25,Late delivery
C00632,2026-03-22,Late delivery
C00632,2026-06-28,Late delivery
C00632,2026-08-19,Stock-out
C00632,2026-08-22,Late delivery
C00632,2026-09-09,Late delivery
C00632,2026-09-19,Late delivery
C00632,2026-09-27,Late delivery
C00633,2026-03-09,Late delivery
C00633,2026-06-10,Stock-out
C00633,2026-06-11,Late delivery
C00633,2026-08-20,Stock-out
C00633,2026-09-06,Late delivery
C00634,2026-09-07,Stock-out
C00636,2025-03-22,Late delivery
C00636,2025-04-17,Stock-out
C00636,2025-08-06,Stock-out
C00638,2025-07-07,Late delivery
C00638,2025-08-24,Late delivery
C00638,2025-09-03,Stock-out
C00638,2026-04-05,Late delivery
C00640,2025-02-03,Late delivery
C00640,2025-03-13,Late delivery
C00640,2025-04-14,Late delivery
C00640,2025-05-05,Late delivery
C00640,2025-05-21,Stock-out
C00640,2025-09-17,Stock-out
C00640,2025-10-05,Stock-out
C00640,2025-11-15,Late delivery
C00640,2025-11-24,Late delivery
C00641,2025-06-15,Stock-out
C00641,2025-07-17,Late delivery
C00641,2025-08-18,Stock-out
C00641,2026-05-07,Late delivery
C00642,2026-06-27,Late delivery
C00643,2025-03-08,Stock-out
C00643,2025-03-19,Late delivery
C00643,2025-06-09,Stock-out
C00643,2025-10-28,Late delivery
C00643,2025-11-05,Late delivery
C00644,2025-02-14,Stock-out
C00644,2025-02-19,Late delivery
C00645,2026-05-28,Late delivery
C00645,2026-09-04,Stock-out
C00645,2026-09-15,Pricing
C00645,2026-09-20,Stock-out
C00646,2026-01-13,Late delivery
C00646,2026-07-16,Late delivery
C00649,2025-05-15,Late delivery
C00649,2025-05-28,Late delivery
C00650,2025-08-06,Stock-out
C00650,2025-09-07,Stock-out
C00650,2026-06-11,Late delivery
C00652,2026-08-28,Late delivery
C00653,2025-07-28,Stock-out
C00653,2025-10-27,Late delivery
C00653,2025-12-06,Stock-out
C00653,2025-12-10,Late delivery
C00653,2026-03-18,Stock-out
C00653,2026-07-13,Stock-out
C00653,2026-08-19,Stock-out
C00653,2026-09-22,Stock-out
C00654,2025-02-06,Late delivery
C00654,2025-03-03,Late delivery
C00654,2025-05-28,Late delivery
C00655,2025-02-03,Late delivery
C00655,2025-08-21,Late delivery
C00656,2026-07-25,Stock-out
C00657,2025-02-19,Late delivery
C00657,2025-04-21,Late delivery
C00657,2025-08-18,Late delivery
C00658,2026-09-08,Stock-out
C00660,2026-01-08,Late delivery
C00660,2026-03-06,Late delivery
C00660,2026-03-18,Late delivery
C00660,2026-06-21,Late delivery
C00661,2025-01-08,Late delivery
C00661,2025-05-13,Stock-out
C00661,2025-05-18,Late delivery
C00661,2025-09-21,Stock-out
C00661,2025-10-16,Late delivery
C00663,2025-06-16,Late delivery
C00663,2025-08-04,Stock-out
C00663,2025-08-14,Stock-out
C00663,2025-09-09,Stock-out
C00663,2025-09-10,Stock-out
C00663,2026-01-16,Late delivery
C00663,2026-03-08,Late delivery
C00663,2026-03-15,Late delivery
C00663,2026-04-11,Stock-out
C00663,2026-04-15,Late delivery
C00663,2026-08-11,Stock-out
C00663,2026-09-20,Stock-out
C00666,2026-03-22,Stock-out
C00667,2026-01-06,Late delivery
C00668,2025-01-11,Late delivery
C00668,2025-01-28,Late delivery
C00668,2025-02-17,Late delivery
C00668,2025-06-06,Late delivery
C00668,2025-06-13,Late delivery
C00668,2025-06-22,Late delivery
C00668,2025-06-23,Stock-out
C00668,2025-06-25,Stock-out
C00668,2025-07-20,Stock-out
C00668,2025-08-09,Stock-out
C00668,2025-10-13,Late delivery
C00668,2025-11-11,Late delivery
C00668,2025-12-07,Late delivery
C00668,2025-12-25,Late delivery
C00668,2026-01-13,Late delivery
C00668,2026-02-15,Pricing
C00669,2025-02-24,Late delivery
C00669,2025-05-10,Late delivery
C00669,2025-05-17,Late delivery
C00669,2026-05-13,Stock-out
C00669,2026-08-13,Late delivery
C00670,2026-05-12,Late delivery
C00671,2025-06-23,Late delivery
C00671,2025-10-04,Late delivery
C00671,2025-12-10,Stock-out
C00671,2025-12-21,Stock-out
C00672,2025-01-18,Late delivery
C00672,2025-05-12,Late delivery
C00672,2025-05-18,Late delivery
C00672,2025-06-15,Late delivery
C00672,2026-01-15,Pricing
C00672,2026-06-16,Stock-out
C00673,2025-01-17,Stock-out
C00673,2025-03-10,Late delivery
C00673,2025-03-17,Late delivery
C00673,2025-07-15,Product quality
C00673,2026-02-18,Late delivery
C00673,2026-06-08,Late delivery
C00673,2026-06-12,Late delivery
C00673,2026-07-24,Stock-out
C00674,2025-11-16,Late delivery
C00674,2026-03-04,Stock-out
C00674,2026-06-11,Stock-out
C00675,2025-01-12,Stock-out
C00675,2025-04-15,Pricing
C00675,2026-03-26,Stock-out
C00675,2026-09-27,Late delivery
C00675,2026-09-28,Late delivery
C00676,2025-02-24,Stock-out
C00676,2025-05-15,Pricing
C00679,2025-06-13,Late delivery
C00682,2025-04-18,Stock-out
C00682,2025-10-09,Late delivery
C00682,2026-06-17,Late delivery
C00683,2025-02-03,Late delivery
C00683,2025-07-09,Late delivery
C00683,2025-07-15,Stock-out
C00683,2025-07-17,Late delivery
C00683,2025-07-27,Late delivery
C00683,2025-07-28,Late delivery
C00683,2026-01-10,Stock-out
C00683,2026-02-08,Stock-out
C00683,2026-09-10,Late delivery
C00684,2025-12-20,Late delivery
C00684,2026-01-09,Late delivery
C00684,2026-06-27,Late delivery
C00684,2026-08-15,Product quality
C00685,2025-01-13,Late delivery
C00685,2025-01-24,Late delivery
C00685,2025-07-28,Stock-out
C00685,2025-08-09,Stock-out
C00686,2025-09-06,Late delivery
C00686,2025-10-05,Late delivery
C00687,2025-10-28,Late delivery
C00688,2025-04-09,Late delivery
C00688,2025-07-08,Late delivery
C00688,2025-08-18,Late delivery
C00688,2026-06-09,Late delivery
C00688,2026-06-27,Late delivery
C00689,2025-01-17,Late delivery
C00689,2025-03-16,Late delivery
C00689,2025-04-03,Late delivery
C00689,2025-07-15,Late delivery
C00689,2025-07-19,Late delivery
C00689,2025-10-10,Stock-out
C00689,2025-10-15,Late delivery
C00689,2025-12-20,Late delivery
C00689,2026-01-23,Late delivery
C00689,2026-02-26,Late delivery
C00689,2026-07-28,Stock-out
C00689,2026-09-24,Stock-out
C00691,2025-02-15,Product quality
C00692,2025-01-15,Stock-out
C00692,2025-01-16,Late delivery
C00692,2025-06-05,Late delivery
C00692,2025-07-27,Stock-out
C00692,2026-01-21,Stock-out
C00692,2026-08-25,Stock-out
C00692,2026-09-12,Stock-out
C00694,2025-05-20,Late delivery
C00694,2026-05-17,Late delivery
C00695,2025-07-20,Stock-out
C00695,2025-07-23,Late delivery
C00695,2025-11-15,Pricing
C00696,2025-06-12,Stock-out
C00698,2025-01-16,Stock-out
C00698,2025-04-08,Stock-out
C00698,2025-04-27,Late delivery
C00698,2025-06-09,Late delivery
C00698,2025-06-18,Late delivery
C00698,2025-08-25,Late delivery
C00698,2025-09-10,Late delivery
C00698,2025-09-11,Stock-out
C00698,2025-09-11,Late delivery
C00698,2025-10-09,Stock-out
C00698,2025-10-15,Pricing
C00698,2025-10-28,Late delivery
C00698,2025-11-12,Late delivery
C00698,2025-12-08,Late delivery
C00698,2026-03-28,Late delivery
C00698,2026-05-28,Stock-out
C00698,2026-06-28,Late delivery
C00699,2026-04-23,Late delivery
C00699,2026-06-12,Late delivery
C00700,2025-01-26,Stock-out
C00700,2025-09-18,Late delivery
C00701,2025-03-04,Stock-out
C00701,2025-03-22,Stock-out
C00702,2025-07-16,Stock-out
C00703,2025-05-21,Stock-out
C00703,2025-09-09,Stock-out
C00704,2025-07-05,Late delivery
C00704,2025-09-09,Stock-out
C00704,2025-12-14,Late delivery
C00705,2025-02-25,Late delivery
C00706,2025-03-23,Late delivery
C00707,2025-09-15,Pricing
C00707,2025-10-20,Late delivery
C00707,2025-12-24,Late delivery
C00708,2025-04-18,Late delivery
C00708,2025-05-22,Stock-out
C00708,2025-06-03,Late delivery
C00708,2025-07-15,Pricing
C00708,2025-10-20,Stock-out
C00708,2025-12-20,Late delivery
C00708,2025-12-28,Stock-out
C00708,2026-02-26,Late delivery
C00708,2026-03-06,Late delivery
C00708,2026-04-23,Stock-out
C00708,2026-06-20,Late delivery
C00708,2026-07-07,Stock-out
C00708,2026-09-18,Late delivery
C00709,2025-03-15,Product quality
C00709,2025-05-28,Late delivery
C00709,2025-06-07,Late delivery
C00709,2025-06-25,Late delivery
C00709,2025-08-04,Late delivery
C00709,2025-09-09,Late delivery
C00709,2025-09-28,Late delivery
C00709,2025-10-24,Late delivery
C00709,2025-10-24,Stock-out
C00709,2025-11-28,Stock-out
C00709,2025-12-05,Stock-out
C00709,2026-01-14,Late delivery
C00709,2026-02-28,Late delivery
C00709,2026-03-08,Late delivery
C00709,2026-03-20,Stock-out
C00709,2026-04-17,Stock-out
C00709,2026-04-28,Late delivery
C00709,2026-05-07,Stock-out
C00710,2025-08-18,Late delivery
C00712,2025-07-10,Late delivery
C00712,2025-07-14,Late delivery
C00712,2025-11-24,Late delivery
C00714,2025-02-24,Late delivery
C00715,2025-04-14,Late delivery
C00716,2025-01-09,Late delivery
C00716,2025-04-15,Late delivery
C00716,2025-05-17,Stock-out
C00716,2025-08-28,Late delivery
C00716,2025-09-17,Stock-out
C00716,2025-09-21,Stock-out
C00716,2025-12-24,Late delivery
C00716,2026-01-11,Late delivery
C00716,2026-02-09,Stock-out
C00716,2026-05-05,Late delivery
C00716,2026-06-06,Stock-out
C00716,2026-07-19,Late delivery
C00716,2026-08-21,Late delivery
C00716,2026-08-21,Late delivery
C00717,2025-07-15,Pricing
C00717,2025-10-26,Late delivery
C00718,2025-07-17,Late delivery
C00718,2025-12-15,Pricing
C00718,2025-12-23,Late delivery
C00718,2026-01-25,Stock-out
C00718,2026-03-04,Late delivery
C00718,2026-05-05,Stock-out
C00718,2026-05-17,Late delivery
C00720,2025-01-06,Late delivery
C00721,2026-02-18,Late delivery
C00721,2026-05-24,Stock-out
C00721,2026-08-15,Product quality
C00721,2026-09-09,Stock-out
C00722,2025-01-28,Stock-out
C00722,2025-09-04,Stock-out
C00722,2026-01-10,Late delivery
C00722,2026-05-08,Stock-out
C00722,2026-05-13,Stock-out
C00723,2025-07-05,Late delivery
C00723,2025-07-16,Late delivery
C00723,2025-08-03,Stock-out
C00723,2026-04-17,Late delivery
C00723,2026-08-06,Late delivery
C00724,2025-06-15,Pricing
C00724,2025-07-07,Stock-out
C00724,2025-07-14,Late delivery
C00724,2026-02-17,Late delivery
C00724,2026-04-12,Stock-out
C00725,2026-02-06,Stock-out
C00726,2025-02-12,Late delivery
C00726,2025-05-15,Pricing
C00727,2025-04-15,Product quality
C00727,2025-05-21,Late delivery
C00728,2025-03-20,Late delivery
C00728,2025-04-08,Late delivery
C00728,2025-07-24,Late delivery
C00728,2025-12-13,Stock-out
C00728,2025-12-16,Late delivery
C00728,2026-02-27,Late delivery
C00728,2026-03-08,Late delivery
C00728,2026-03-19,Late delivery
C00728,2026-03-21,Stock-out
C00728,2026-05-04,Late delivery
C00729,2025-01-09,Stock-out
C00729,2025-01-28,Late delivery
C00729,2025-04-16,Stock-out
C00729,2025-05-28,Late delivery
C00729,2025-07-04,Stock-out
C00729,2025-09-16,Stock-out
C00729,2025-10-05,Late delivery
C00729,2026-02-21,Late delivery
C00729,2026-03-12,Stock-out
C00729,2026-05-04,Late delivery
C00729,2026-05-14,Late delivery
C00730,2025-08-15,Late delivery
C00730,2025-08-15,Stock-out
C00730,2025-11-23,Stock-out
C00731,2025-04-06,Late delivery
C00731,2025-04-19,Late delivery
C00731,2025-05-25,Stock-out
C00731,2025-07-13,Stock-out
C00731,2025-08-15,Late delivery
C00731,2025-08-20,Late delivery
C00731,2025-09-15,Pricing
C00732,2025-02-17,Late delivery
C00732,2025-03-12,Stock-out
C00732,2025-03-15,Pricing
C00732,2025-08-07,Late delivery
C00732,2025-09-28,Stock-out
C00732,2025-10-22,Late delivery
C00733,2026-01-13,Stock-out
C00733,2026-03-07,Stock-out
C00734,2025-02-18,Stock-out
C00734,2025-05-05,Late delivery
C00734,2025-12-27,Late delivery
C00734,2026-06-27,Stock-out
C00735,2025-10-14,Stock-out
C00735,2025-10-26,Late delivery
C00735,2026-02-28,Late delivery
C00736,2026-03-17,Stock-out
C00736,2026-04-28,Stock-out
C00736,2026-05-08,Late delivery
C00737,2025-07-17,Late delivery
C00737,2025-11-21,Late delivery
C00738,2025-06-05,Stock-out
C00738,2025-06-15,Product quality
C00738,2025-07-11,Stock-out
C00738,2025-08-28,Late delivery
C00738,2025-09-19,Late delivery
C00738,2025-09-28,Stock-out
C00738,2025-10-06,Late delivery
C00738,2026-01-19,Stock-out
C00738,2026-01-23,Late delivery
C00738,2026-04-25,Late delivery
C00738,2026-08-16,Late delivery
C00738,2026-09-19,Late delivery
C00739,2026-07-16,Stock-out
C00740,2025-08-15,Product quality
C00740,2025-10-11,Late delivery
C00740,2026-01-18,Stock-out
C00740,2026-05-18,Late delivery
C00740,2026-06-12,Late delivery
C00742,2025-04-11,Stock-out
C00742,2025-06-18,Stock-out
C00743,2025-04-06,Stock-out
C00743,2025-06-12,Stock-out
C00743,2025-06-15,Product quality
C00743,2025-08-09,Stock-out
C00743,2025-08-12,Late delivery
C00743,2025-08-28,Late delivery
C00743,2025-09-04,Late delivery
C00743,2025-09-13,Late delivery
C00743,2025-12-23,Stock-out
C00744,2025-11-13,Late delivery
C00745,2025-02-03,Stock-out
C00746,2025-01-12,Late delivery
C00747,2026-04-24,Late delivery
C00748,2025-04-19,Late delivery
C00748,2025-05-06,Late delivery
C00748,2025-06-15,Late delivery
C00749,2026-03-03,Stock-out
C00749,2026-05-23,Stock-out
C00749,2026-06-25,Late delivery
C00749,2026-06-28,Late delivery
C00749,2026-08-25,Late delivery
C00749,2026-09-09,Late delivery
C00750,2025-03-06,Late delivery
C00750,2025-04-09,Stock-out
C00750,2025-05-27,Late delivery
C00750,2025-05-28,Late delivery
C00750,2025-08-12,Late delivery
C00750,2025-09-16,Late delivery
C00750,2025-11-03,Late delivery
C00750,2026-03-11,Late delivery
C00750,2026-03-13,Late delivery
C00750,2026-03-13,Late delivery
C00750,2026-07-21,Late delivery
C00750,2026-08-27,Late delivery
C00751,2025-02-07,Late delivery
C00752,2025-05-25,Stock-out
C00753,2025-01-25,Stock-out
C00753,2025-03-24,Late delivery
C00753,2025-04-09,Late delivery
C00753,2025-05-05,Late delivery
C00753,2025-07-07,Late delivery
C00753,2025-08-08,Stock-out
C00753,2025-09-25,Late delivery
C00753,2025-10-19,Stock-out
C00753,2025-10-20,Late delivery
C00753,2025-12-12,Stock-out
C00753,2026-05-05,Stock-out
C00753,2026-09-21,Late delivery
C00754,2025-03-13,Late delivery
C00754,2025-08-16,Late delivery
C00754,2026-01-07,Late delivery
C00755,2025-07-28,Stock-out
C00755,2026-01-21,Stock-out
C00755,2026-02-19,Late delivery
C00757,2025-01-13,Late delivery
C00757,2025-02-14,Late delivery
C00757,2025-02-19,Late delivery
C00757,2025-09-05,Late delivery
C00758,2025-02-15,Pricing
C00758,2025-06-21,Late delivery
C00758,2025-11-20,Late delivery
C00758,2026-04-28,Stock-out
C00759,2025-07-25,Late delivery
C00759,2025-10-28,Stock-out
C00759,2026-03-09,Stock-out
C00759,2026-07-24,Late delivery
C00759,2026-08-13,Stock-out
C00759,2026-08-21,Late delivery
C00760,2025-03-21,Late delivery
C00760,2025-05-27,Stock-out
C00760,2025-06-15,Product quality
C00760,2025-09-08,Late delivery
C00760,2025-10-03,Stock-out
C00760,2025-11-15,Pricing
C00760,2026-05-15,Late delivery
C00760,2026-09-07,Late delivery
C00763,2026-05-27,Late delivery
C00763,2026-06-14,Late delivery
C00763,2026-08-20,Late delivery
C00764,2025-02-03,Stock-out
C00764,2025-04-23,Stock-out
C00765,2025-01-13,Stock-out
C00765,2025-02-11,Late delivery
C00766,2025-05-25,Stock-out
C00766,2025-07-09,Late delivery
C00766,2025-11-10,Late delivery
C00766,2025-12-04,Late delivery
C00766,2026-02-14,Late delivery
C00766,2026-06-04,Stock-out
C00766,2026-09-15,Stock-out
C00767,2025-02-15,Late delivery
C00767,2025-03-25,Late delivery
C00767,2025-08-08,Late delivery
C00768,2025-03-12,Late delivery
C00769,2025-04-24,Late delivery
C00769,2025-09-16,Late delivery
C00769,2025-10-21,Late delivery
C00770,2025-01-04,Late delivery
C00770,2025-02-10,Stock-out
C00770,2025-02-17,Stock-out
C00770,2025-02-26,Stock-out
C00770,2025-04-18,Stock-out
C00770,2025-05-17,Stock-out
C00770,2025-05-25,Late delivery
C00770,2025-06-22,Late delivery
C00770,2025-06-28,Late delivery
C00770,2025-07-20,Stock-out
C00770,2025-07-28,Stock-out
C00770,2025-08-14,Stock-out
C00770,2025-10-13,Late delivery
C00770,2025-10-16,Late delivery
C00770,2025-10-22,Stock-out
C00770,2025-10-22,Late delivery
C00770,2025-11-19,Late delivery
C00770,2025-12-17,Late delivery
C00770,2025-12-24,Late delivery
C00770,2025-12-28,Late delivery
C00770,2026-02-06,Late delivery
C00770,2026-02-08,Stock-out
C00770,2026-02-09,Stock-out
C00770,2026-05-08,Stock-out
C00770,2026-06-09,Late delivery
C00770,2026-07-15,Late delivery
C00770,2026-08-04,Late delivery
C00770,2026-08-12,Late delivery
C00770,2026-08-23,Stock-out
C00770,2026-09-03,Late delivery
C00770,2026-09-05,Late delivery
C00771,2025-04-16,Stock-out
C00771,2025-09-20,Late delivery
C00772,2025-02-12,Stock-out
C00773,2026-05-14,Stock-out
C00775,2025-05-10,Stock-out
C00775,2025-05-22,Late delivery
C00775,2025-10-08,Late delivery
C00775,2025-11-21,Stock-out
C00775,2025-12-15,Pricing
C00775,2026-01-20,Stock-out
C00775,2026-03-07,Late delivery
C00776,2026-02-26,Stock-out
C00776,2026-05-28,Stock-out
C00777,2025-01-22,Stock-out
C00777,2025-04-16,Late delivery
C00777,2025-04-20,Late delivery
C00777,2025-05-11,Late delivery
C00777,2026-04-15,Late delivery
C00777,2026-05-15,Stock-out
C00777,2026-08-27,Stock-out
C00777,2026-09-18,Stock-out
C00778,2025-01-28,Late delivery
C00778,2025-03-28,Late delivery
C00778,2025-06-12,Stock-out
C00778,2025-08-27,Late delivery
C00778,2026-01-14,Stock-out
C00778,2026-02-19,Stock-out
C00778,2026-06-03,Late delivery
C00779,2025-01-15,Late delivery
C00779,2025-02-11,Stock-out
C00781,2025-07-27,Late delivery
C00781,2025-08-16,Late delivery
C00781,2025-08-28,Stock-out
C00781,2025-09-10,Late delivery
C00781,2025-09-15,Stock-out
C00781,2025-09-22,Late delivery
C00781,2025-09-22,Stock-out
C00781,2025-10-14,Late delivery
C00781,2025-11-16,Late delivery
C00781,2025-11-24,Late delivery
C00781,2025-12-10,Late delivery
C00781,2026-01-24,Late delivery
C00781,2026-01-27,Late delivery
C00781,2026-02-24,Late delivery
C00781,2026-04-04,Late delivery
C00781,2026-04-14,Late delivery
C00781,2026-05-11,Stock-out
C00781,2026-06-18,Late delivery
C00781,2026-07-05,Late delivery
C00781,2026-07-10,Stock-out
C00781,2026-07-15,Late delivery
C00781,2026-09-13,Stock-out
C00781,2026-09-15,Stock-out
C00781,2026-09-22,Stock-out
C00781,2026-09-23,Stock-out
C00782,2025-12-22,Stock-out
C00782,2026-03-10,Stock-out
C00783,2025-10-21,Late delivery
C00783,2026-02-28,Late delivery
C00783,2026-08-11,Late delivery
C00784,2025-03-26,Late delivery
C00785,2025-12-06,Stock-out
C00786,2025-04-28,Stock-out
C00787,2025-04-07,Late delivery
C00788,2025-01-18,Late delivery
C00788,2025-02-28,Late delivery
C00788,2025-04-14,Late delivery
C00788,2025-04-25,Late delivery
C00788,2025-06-09,Late delivery
C00790,2025-03-20,Late delivery
C00790,2025-03-23,Late delivery
C00790,2025-05-25,Stock-out
C00790,2025-06-11,Late delivery
C00790,2025-07-14,Late delivery
C00790,2025-08-08,Stock-out
C00790,2026-02-09,Stock-out
C00790,2026-07-28,Late delivery
C00792,2025-02-20,Late delivery
C00792,2025-05-06,Stock-out
C00792,2025-07-03,Late delivery
C00792,2025-07-21,Late delivery
C00792,2025-11-13,Stock-out
C00792,2025-11-14,Late delivery
C00792,2026-02-09,Stock-out
C00792,2026-04-05,Stock-out
C00792,2026-05-14,Stock-out
C00792,2026-07-28,Stock-out
C00793,2025-01-15,Pricing
C00793,2025-02-14,Late delivery
C00793,2025-02-25,Late delivery
C00793,2025-04-06,Late delivery
C00793,2025-05-24,Late delivery
C00793,2025-09-28,Stock-out
C00794,2025-02-13,Late delivery
C00794,2025-03-22,Late delivery
C00795,2026-01-19,Stock-out
C00795,2026-02-22,Late delivery
C00796,2026-02-20,Late delivery
C00798,2025-03-14,Stock-out
C00800,2026-01-05,Late delivery
C00800,2026-03-21,Stock-out
C00801,2025-01-14,Late delivery
C00801,2025-02-28,Stock-out
C00801,2026-02-13,Late delivery
C00801,2026-06-15,Product quality
C00802,2025-01-07,Late delivery
C00802,2025-03-19,Late delivery
C00802,2025-04-05,Late delivery
C00802,2025-04-12,Late delivery
C00802,2025-05-08,Stock-out
C00802,2025-07-09,Late delivery
C00802,2025-07-18,Stock-out
C00802,2025-08-12,Late delivery
C00802,2025-08-20,Stock-out
C00802,2025-08-27,Late delivery
C00802,2025-09-07,Late delivery
C00802,2025-09-10,Late delivery
C00802,2025-11-04,Late delivery
C00802,2025-11-09,Stock-out
C00802,2026-02-18,Late delivery
C00802,2026-04-08,Late delivery
C00802,2026-06-05,Late delivery
C00802,2026-06-26,Stock-out
C00802,2026-06-28,Late delivery
C00802,2026-07-03,Late delivery
C00802,2026-07-15,Stock-out
C00802,2026-08-27,Stock-out
C00803,2025-04-12,Stock-out
C00803,2025-07-18,Late delivery
C00805,2025-06-12,Late delivery
C00805,2025-10-15,Late delivery
C00805,2025-11-24,Stock-out
C00805,2026-02-04,Stock-out
C00805,2026-03-15,Product quality
C00805,2026-05-08,Stock-out
C00805,2026-06-05,Late delivery
C00805,2026-08-09,Late delivery
C00807,2025-08-28,Late delivery
C00807,2025-09-27,Stock-out
C00807,2025-10-20,Late delivery
C00807,2025-11-10,Stock-out
C00807,2025-11-15,Stock-out
C00807,2025-11-15,Product quality
C00807,2025-12-15,Stock-out
C00807,2026-02-03,Stock-out
C00807,2026-03-23,Stock-out
C00807,2026-03-28,Late delivery
C00807,2026-05-22,Stock-out
C00807,2026-08-09,Late delivery
C00810,2025-05-17,Stock-out
C00811,2025-01-04,Late delivery
C00811,2025-02-13,Late delivery
C00811,2025-02-24,Stock-out
C00812,2025-07-10,Late delivery
C00812,2026-03-10,Late delivery
C00812,2026-04-28,Late delivery
C00812,2026-06-19,Late delivery
C00812,2026-08-09,Late delivery
C00813,2025-01-10,Late delivery
C00813,2025-03-10,Stock-out
C00813,2025-03-28,Stock-out
C00813,2025-05-16,Late delivery
C00813,2025-07-03,Late delivery
C00813,2025-07-10,Stock-out
C00813,2025-08-07,Late delivery
C00813,2025-09-07,Late delivery
C00813,2025-11-08,Late delivery
C00813,2025-11-21,Late delivery
C00813,2025-12-28,Late delivery
C00813,2026-01-06,Late delivery
C00813,2026-02-28,Late delivery
C00813,2026-03-05,Late delivery
C00813,2026-03-24,Late delivery
C00813,2026-04-16,Late delivery
C00813,2026-04-18,Stock-out
C00815,2025-04-07,Stock-out
C00816,2025-01-16,Late delivery
C00816,2025-02-06,Late delivery
C00816,2025-02-18,Late delivery
C00816,2025-03-09,Late delivery
C00816,2025-09-05,Late delivery
C00816,2025-12-20,Late delivery
C00816,2025-12-21,Stock-out
C00817,2025-01-17,Stock-out
C00817,2025-06-26,Late delivery
C00817,2025-06-27,Stock-out
C00817,2025-07-20,Late delivery
C00818,2025-01-07,Late delivery
C00818,2025-09-24,Late delivery
C00821,2025-07-24,Late delivery
C00821,2025-09-04,Late delivery
C00821,2025-09-08,Late delivery
C00821,2025-11-05,Late delivery
C00821,2025-11-17,Late delivery
C00821,2026-06-15,Product quality
C00822,2025-06-16,Stock-out
C00822,2026-01-22,Late delivery
C00822,2026-02-15,Stock-out
C00823,2026-08-18,Late delivery
C00824,2025-01-16,Late delivery
C00824,2025-02-21,Late delivery
C00826,2025-02-20,Late delivery
C00826,2025-03-06,Stock-out
C00826,2025-05-07,Late delivery
C00826,2025-05-26,Stock-out
C00826,2025-06-05,Stock-out
C00826,2025-06-18,Late delivery
C00826,2025-07-22,Stock-out
C00826,2025-10-26,Stock-out
C00826,2026-01-24,Stock-out
C00826,2026-01-26,Stock-out
C00826,2026-06-28,Stock-out
C00826,2026-07-05,Late delivery
C00826,2026-07-10,Late delivery
C00826,2026-07-19,Late delivery
C00826,2026-07-20,Late delivery
C00826,2026-08-14,Stock-out
C00828,2025-01-09,Late delivery
C00828,2025-05-08,Stock-out
C00828,2026-05-28,Late delivery
C00828,2026-06-07,Late delivery
C00830,2025-08-15,Product quality
C00830,2025-09-27,Stock-out
C00832,2025-01-10,Late delivery
C00832,2025-05-22,Late delivery
C00832,2025-09-04,Late delivery
C00832,2025-11-13,Late delivery
C00834,2025-05-20,Late delivery
C00834,2025-08-06,Late delivery
C00834,2025-11-08,Late delivery
C00834,2026-04-23,Stock-out
C00834,2026-04-27,Late delivery
C00834,2026-07-28,Stock-out
C00834,2026-09-15,Product quality
C00836,2025-05-03,Late delivery
C00836,2025-06-18,Late delivery
C00836,2025-09-23,Late delivery
C00836,2025-11-27,Late delivery
C00836,2026-01-21,Late delivery
C00837,2025-02-23,Late delivery
C00837,2025-03-04,Late delivery
C00837,2025-04-09,Stock-out
C00837,2025-04-09,Late delivery
C00837,2025-04-27,Stock-out
C00837,2025-07-04,Late delivery
C00837,2025-08-09,Stock-out
C00837,2025-09-04,Stock-out
C00837,2025-11-15,Pricing
C00837,2025-11-20,Late delivery
C00837,2026-01-15,Pricing
C00837,2026-02-10,Stock-out
C00839,2025-04-05,Late delivery
C00839,2025-12-26,Late delivery
C00839,2026-08-05,Late delivery
C00840,2025-07-05,Late delivery
C00840,2025-09-11,Late delivery
C00840,2025-10-28,Late delivery
C00840,2026-01-19,Late delivery
C00840,2026-05-10,Late delivery
C00840,2026-08-09,Stock-out
C00841,2025-04-05,Late delivery
C00841,2025-04-15,Pricing
C00845,2025-09-23,Stock-out
C00845,2026-03-28,Late delivery
C00845,2026-09-15,Product quality
C00846,2025-12-25,Late delivery
C00846,2026-01-25,Late delivery
C00846,2026-03-09,Late delivery
C00846,2026-07-27,Stock-out
C00846,2026-07-28,Stock-out
C00846,2026-08-10,Late delivery
C00847,2025-04-28,Late delivery
C00847,2025-05-13,Late delivery
C00847,2025-06-05,Late delivery
C00847,2025-10-09,Stock-out
C00847,2025-12-09,Stock-out
C00847,2026-01-06,Late delivery
C00847,2026-03-12,Late delivery
C00847,2026-06-03,Late delivery
C00849,2025-01-09,Late delivery
C00849,2025-01-25,Stock-out
C00849,2025-02-28,Stock-out
C00849,2025-02-28,Late delivery
C00851,2025-03-03,Late delivery
C00851,2025-03-27,Late delivery
C00851,2026-09-22,Stock-out
C00852,2025-04-11,Late delivery
C00852,2025-07-10,Late delivery
C00852,2025-08-24,Late delivery
C00852,2026-04-12,Late delivery
C00852,2026-05-05,Late delivery
C00852,2026-07-22,Stock-out
C00853,2025-03-11,Stock-out
C00853,2025-09-05,Stock-out
C00854,2026-05-09,Stock-out
C00854,2026-08-05,Stock-out
C00854,2026-09-03,Late delivery
C00856,2025-04-09,Late delivery
C00856,2025-08-15,Pricing
C00856,2026-02-03,Late delivery
C00856,2026-05-27,Stock-out
C00857,2025-03-12,Stock-out
C00858,2025-10-23,Late delivery
C00858,2025-12-05,Late delivery
C00858,2025-12-27,Late delivery
C00860,2025-01-21,Stock-out
C00860,2025-01-28,Late delivery
C00860,2025-02-10,Stock-out
C00861,2025-01-07,Late delivery
C00861,2025-01-23,Stock-out
C00861,2025-01-27,Late delivery
C00861,2025-02-07,Late delivery
C00861,2025-03-22,Stock-out
C00861,2025-04-12,Late delivery
C00861,2025-04-15,Stock-out
C00861,2025-04-20,Stock-out
C00861,2025-05-21,Late delivery
C00861,2025-06-08,Stock-out
C00861,2025-06-12,Late delivery
C00861,2025-08-27,Late delivery
C00861,2025-09-08,Stock-out
C00861,2025-09-15,Stock-out
C00861,2025-09-20,Late delivery
C00861,2025-09-25,Late delivery
C00861,2025-12-13,Stock-out
C00861,2026-02-04,Stock-out
C00861,2026-03-06,Late delivery
C00861,2026-03-12,Late delivery
C00861,2026-03-17,Late delivery
C00861,2026-04-05,Stock-out
C00861,2026-04-19,Late delivery
C00861,2026-04-26,Late delivery
C00861,2026-05-03,Late delivery
C00861,2026-05-06,Stock-out
C00861,2026-06-27,Stock-out
C00861,2026-09-03,Late delivery
C00862,2025-12-06,Late delivery
C00862,2026-01-04,Stock-out
C00862,2026-01-05,Late delivery
C00862,2026-01-05,Late delivery
C00862,2026-02-10,Stock-out
C00862,2026-02-23,Late delivery
C00862,2026-03-15,Product quality
C00862,2026-06-18,Stock-out
C00862,2026-06-22,Late delivery
C00862,2026-08-09,Late delivery
C00863,2025-04-09,Stock-out
C00863,2025-08-21,Stock-out
C00863,2025-09-28,Stock-out
C00863,2026-03-18,Late delivery
C00863,2026-04-03,Stock-out
C00863,2026-05-05,Stock-out
C00863,2026-08-03,Late delivery
C00864,2025-06-17,Stock-out
C00864,2025-07-28,Late delivery
C00865,2025-04-18,Late delivery
C00865,2025-04-27,Late delivery
C00865,2025-09-06,Late delivery
C00865,2026-01-17,Late delivery
C00865,2026-02-14,Late delivery
C00865,2026-05-13,Stock-out
C00865,2026-06-04,Late delivery
C00866,2025-02-20,Stock-out
C00866,2025-02-28,Late delivery
C00866,2025-05-11,Stock-out
C00866,2025-08-13,Stock-out
C00866,2026-04-26,Stock-out
C00866,2026-07-22,Late delivery
C00867,2025-01-21,Late delivery
C00867,2025-02-11,Late delivery
C00867,2025-02-25,Stock-out
C00867,2025-03-15,Late delivery
C00867,2025-04-11,Late delivery
C00867,2025-08-24,Late delivery
C00867,2025-09-09,Stock-out
C00867,2025-12-20,Late delivery
C00867,2026-01-11,Stock-out
C00867,2026-02-26,Late delivery
C00867,2026-08-06,Stock-out
C00867,2026-08-16,Stock-out
C00867,2026-08-16,Late delivery
C00867,2026-09-04,Late delivery
C00868,2025-01-04,Stock-out
C00868,2025-02-09,Late delivery
C00868,2026-04-21,Stock-out
C00869,2025-12-21,Late delivery
C00871,2025-01-15,Product quality
C00871,2025-05-17,Stock-out
C00873,2025-03-18,Stock-out
C00873,2025-04-08,Stock-out
C00873,2025-04-21,Stock-out
C00873,2025-06-27,Late delivery
C00873,2025-11-19,Late delivery
C00873,2025-12-26,Stock-out
C00873,2026-02-13,Stock-out
C00873,2026-03-03,Late delivery
C00873,2026-03-05,Stock-out
C00873,2026-03-14,Late delivery
C00873,2026-04-22,Late delivery
C00873,2026-08-11,Late delivery
C00874,2026-01-06,Late delivery
C00876,2026-09-11,Stock-out
C00877,2026-03-18,Stock-out
C00878,2025-04-06,Late delivery
C00878,2025-05-15,Product quality
C00878,2025-08-23,Late delivery
C00878,2025-10-09,Late delivery
C00878,2026-03-20,Late delivery
C00879,2025-11-28,Stock-out
C00879,2026-01-28,Late delivery
C00881,2025-01-27,Stock-out
C00881,2025-03-04,Late delivery
C00881,2025-04-08,Late delivery
C00882,2025-01-13,Late delivery
C00882,2025-02-20,Late delivery
C00882,2025-02-26,Late delivery
C00882,2025-04-03,Late delivery
C00882,2025-05-04,Stock-out
C00882,2025-05-21,Late delivery
C00882,2025-05-23,Stock-out
C00882,2025-06-08,Late delivery
C00882,2025-07-18,Late delivery
C00882,2025-07-25,Late delivery
C00882,2025-07-28,Late delivery
C00882,2025-08-04,Late delivery
C00882,2025-08-17,Late delivery
C00882,2025-09-05,Late delivery
C00882,2025-10-23,Late delivery
C00882,2025-12-14,Stock-out
C00882,2026-01-20,Late delivery
C00882,2026-01-24,Late delivery
C00882,2026-02-12,Late delivery
C00882,2026-02-24,Stock-out
C00882,2026-03-10,Late delivery
C00882,2026-05-03,Stock-out
C00882,2026-06-24,Late delivery
C00882,2026-08-21,Late delivery
C00884,2025-07-15,Product quality
C00885,2025-03-26,Late delivery
C00885,2025-05-15,Product quality
C00885,2025-09-15,Late delivery
C00885,2025-09-24,Stock-out
C00885,2026-03-03,Late delivery
C00885,2026-04-16,Late delivery
C00886,2025-11-17,Stock-out
C00887,2025-11-19,Stock-out
C00887,2026-03-19,Late delivery
C00888,2025-02-15,Late delivery
C00890,2025-01-21,Stock-out
C00890,2025-05-11,Stock-out
C00890,2025-07-12,Stock-out
C00890,2025-10-21,Stock-out
C00890,2025-10-25,Late delivery
C00890,2025-11-04,Late delivery
C00890,2025-12-07,Late delivery
C00890,2025-12-15,Product quality
C00890,2026-02-06,Stock-out
C00891,2025-01-13,Stock-out
C00891,2025-12-12,Late delivery
C00891,2026-01-15,Product quality
C00891,2026-03-24,Late delivery
C00892,2025-01-22,Stock-out
C00892,2025-02-06,Late delivery
C00892,2025-03-15,Product quality
C00892,2025-03-28,Stock-out
C00892,2025-08-06,Stock-out
C00892,2025-08-08,Late delivery
C00893,2025-07-28,Late delivery
C00893,2026-08-11,Stock-out
C00893,2026-09-15,Late delivery
C00896,2025-04-27,Late delivery
C00896,2026-01-16,Late delivery
C00897,2025-03-28,Stock-out
C00897,2025-04-06,Stock-out
C00897,2026-08-14,Late delivery
C00898,2025-03-28,Late delivery
C00898,2025-05-10,Stock-out
C00898,2025-06-26,Late delivery
C00898,2025-07-26,Late delivery
C00898,2025-11-07,Late delivery
C00898,2025-11-15,Late delivery
C00898,2026-04-24,Stock-out
C00898,2026-07-15,Late delivery
C00898,2026-07-28,Late delivery
C00898,2026-09-14,Late delivery
C00899,2025-03-27,Late delivery
C00899,2025-09-05,Late delivery
C00899,2025-11-14,Late delivery
C00899,2026-01-14,Late delivery
C00899,2026-02-11,Stock-out
C00899,2026-04-23,Late delivery
C00899,2026-06-21,Stock-out
C00899,2026-07-16,Late delivery
C00900,2026-02-09,Late delivery
C00900,2026-02-15,Late delivery
C00901,2025-01-03,Stock-out
C00901,2025-01-05,Late delivery
C00901,2025-01-28,Late delivery
C00901,2025-06-19,Late delivery
C00901,2025-07-28,Late delivery
C00902,2025-07-25,Late delivery
C00902,2025-08-07,Late delivery
C00902,2025-10-20,Stock-out
C00903,2025-02-19,Stock-out
C00903,2025-03-21,Late delivery
C00903,2025-05-19,Late delivery
C00903,2025-06-23,Late delivery
C00903,2025-06-28,Late delivery
C00903,2025-07-09,Late delivery
C00903,2025-10-19,Late delivery
C00904,2025-01-03,Stock-out
C00904,2025-02-04,Late delivery
C00904,2025-02-15,Stock-out
C00905,2025-12-28,Late delivery
C00908,2025-01-23,Stock-out
C00908,2025-03-07,Late delivery
C00908,2025-04-24,Stock-out
C00908,2025-10-18,Late delivery
C00908,2026-04-08,Late delivery
C00908,2026-05-17,Late delivery
C00908,2026-07-18,Late delivery
C00911,2026-04-08,Stock-out
C00911,2026-07-03,Late delivery
C00912,2026-01-06,Stock-out
C00913,2025-04-07,Stock-out
C00914,2025-01-15,Late delivery
C00914,2025-01-24,Late delivery
C00914,2025-06-14,Stock-out
C00914,2025-12-06,Late delivery
C00914,2026-01-07,Late delivery
C00916,2025-06-03,Late delivery
C00916,2025-06-12,Late delivery
C00917,2025-01-19,Late delivery
C00917,2025-01-25,Late delivery
C00918,2025-04-18,Late delivery
C00919,2025-01-26,Late delivery
C00919,2025-04-20,Stock-out
C00921,2025-08-27,Stock-out
C00921,2025-11-24,Stock-out
C00921,2026-02-28,Late delivery
C00922,2025-02-15,Late delivery
C00922,2025-09-13,Stock-out
C00923,2026-01-08,Stock-out
C00924,2025-05-28,Stock-out
C00924,2025-06-15,Product quality
C00925,2025-02-14,Late delivery
C00925,2025-02-25,Stock-out
C00925,2025-05-07,Late delivery
C00925,2025-06-11,Late delivery
C00925,2025-06-16,Late delivery
C00925,2025-07-22,Late delivery
C00925,2025-10-05,Late delivery
C00925,2025-10-26,Stock-out
C00925,2026-01-21,Stock-out
C00925,2026-03-13,Late delivery
C00925,2026-03-20,Late delivery
C00925,2026-04-16,Stock-out
C00925,2026-05-16,Stock-out
C00925,2026-06-16,Stock-out
C00925,2026-06-19,Late delivery
C00925,2026-08-20,Late delivery
C00926,2025-03-07,Stock-out
C00926,2025-06-14,Late delivery
C00926,2026-02-18,Stock-out
C00929,2025-03-10,Late delivery
C00929,2025-04-10,Late delivery
C00929,2025-06-05,Late delivery
C00929,2025-06-27,Late delivery
C00929,2025-07-28,Stock-out
C00929,2025-08-06,Late delivery
C00929,2025-08-09,Late delivery
C00929,2025-09-26,Late delivery
C00929,2025-11-20,Late delivery
C00929,2026-01-09,Late delivery
C00930,2025-01-14,Late delivery
C00930,2025-07-19,Late delivery
C00931,2025-04-22,Stock-out
C00931,2025-09-19,Late delivery
C00934,2025-03-26,Late delivery
C00934,2025-06-15,Product quality
C00934,2025-07-19,Late delivery
C00934,2025-08-25,Late delivery
C00934,2025-09-08,Stock-out
C00934,2026-03-20,Late delivery
C00934,2026-05-10,Late delivery
C00934,2026-06-11,Late delivery
C00934,2026-07-16,Late delivery
C00934,2026-07-27,Late delivery
C00934,2026-09-10,Late delivery
C00935,2025-02-05,Late delivery
C00935,2025-08-15,Pricing
C00935,2026-06-07,Stock-out
C00938,2025-06-13,Late delivery
C00938,2025-06-23,Stock-out
C00939,2025-03-15,Product quality
C00940,2026-01-05,Late delivery
C00940,2026-01-15,Product quality
C00941,2026-01-09,Late delivery
C00941,2026-01-20,Late delivery
C00943,2025-02-03,Late delivery
C00943,2026-03-19,Late delivery
C00943,2026-06-04,Late delivery
C00944,2025-09-22,Late delivery
C00946,2025-03-18,Late delivery
C00946,2025-04-18,Late delivery
C00946,2025-06-22,Late delivery
C00946,2025-08-18,Stock-out
C00946,2025-11-24,Stock-out
C00946,2026-01-09,Stock-out
C00946,2026-03-09,Late delivery
C00946,2026-06-21,Late delivery
C00946,2026-09-08,Late delivery
C00949,2025-05-14,Late delivery
C00951,2026-09-04,Late delivery
C00954,2025-05-23,Late delivery
C00954,2026-03-07,Late delivery
C00954,2026-04-16,Stock-out
C00956,2025-04-17,Late delivery
C00956,2025-05-16,Stock-out
C00956,2025-06-03,Stock-out
C00956,2025-07-12,Late delivery
C00956,2025-07-22,Late delivery
C00957,2025-05-15,Product quality
C00958,2025-12-25,Late delivery
C00958,2026-02-11,Late delivery
C00958,2026-05-15,Late delivery
C00958,2026-07-15,Late delivery
C00959,2025-03-16,Stock-out
C00959,2025-03-27,Late delivery
C00959,2025-04-25,Late delivery
C00959,2025-06-14,Late delivery
C00959,2025-06-19,Stock-out
C00959,2025-06-26,Stock-out
C00961,2025-01-16,Stock-out
C00961,2025-02-03,Late delivery
C00961,2025-02-18,Late delivery
C00961,2025-03-18,Late delivery
C00961,2025-03-20,Late delivery
C00961,2025-05-07,Stock-out
C00961,2026-03-07,Late delivery
C00961,2026-04-03,Stock-out
C00961,2026-08-06,Stock-out
C00961,2026-08-19,Late delivery
C00961,2026-09-12,Stock-out
C00964,2026-02-06,Late delivery
C00964,2026-02-09,Stock-out
C00964,2026-02-11,Late delivery
C00965,2025-01-09,Late delivery
C00965,2025-03-19,Late delivery
C00965,2025-06-16,Late delivery
C00965,2025-08-28,Late delivery
C00966,2025-05-09,Stock-out
C00966,2025-06-04,Late delivery
C00966,2026-05-09,Late delivery
C00966,2026-07-08,Late delivery
C00966,2026-07-27,Late delivery
C00967,2025-01-11,Late delivery
C00967,2025-01-14,Stock-out
C00967,2025-02-14,Late delivery
C00967,2025-02-17,Late delivery
C00967,2025-02-19,Stock-out
C00967,2025-02-22,Late delivery
C00967,2025-02-25,Late delivery
C00967,2025-02-27,Late delivery
C00967,2025-02-28,Stock-out
C00967,2025-04-06,Late delivery
C00967,2025-04-12,Late delivery
C00967,2025-04-25,Late delivery
C00967,2025-05-22,Stock-out
C00967,2025-06-04,Late delivery
C00967,2025-06-10,Late delivery
C00967,2025-06-26,Late delivery
C00967,2025-06-28,Late delivery
C00967,2025-07-13,Late delivery
C00967,2025-07-15,Late delivery
C00967,2025-08-08,Late delivery
C00967,2025-08-10,Late delivery
C00967,2025-08-13,Late delivery
C00967,2025-08-20,Late delivery
C00967,2025-09-05,Stock-out
C00967,2025-09-17,Late delivery
C00967,2025-10-05,Late delivery
C00967,2025-10-27,Stock-out
C00967,2025-11-15,Late delivery
C00967,2025-11-26,Late delivery
C00967,2025-11-27,Late delivery
C00967,2025-12-15,Late delivery
C00967,2026-01-17,Late delivery
C00967,2026-02-22,Stock-out
C00967,2026-02-28,Stock-out
C00967,2026-03-23,Stock-out
C00967,2026-03-25,Stock-out
C00967,2026-03-28,Stock-out
C00967,2026-04-06,Stock-out
C00967,2026-04-13,Late delivery
C00967,2026-04-25,Late delivery
C00967,2026-06-19,Late delivery
C00968,2026-05-23,Late delivery
C00970,2025-02-26,Stock-out
C00970,2025-06-28,Late delivery
C00970,2025-06-28,Late delivery
C00970,2025-07-25,Stock-out
C00970,2025-08-21,Late delivery
C00970,2025-09-15,Stock-out
C00970,2026-08-12,Late delivery
C00970,2026-08-18,Stock-out
C00973,2025-06-12,Late delivery
C00974,2025-11-03,Late delivery
C00974,2026-09-09,Late delivery
C00975,2025-03-25,Late delivery
C00975,2025-06-12,Stock-out
C00975,2025-06-18,Late delivery
C00975,2025-07-25,Late delivery
C00975,2025-08-12,Late delivery
C00975,2025-09-15,Product quality
C00975,2026-01-06,Stock-out
C00975,2026-04-14,Late delivery
C00975,2026-08-28,Late delivery
C00975,2026-09-09,Late delivery
C00976,2025-02-27,Stock-out
C00976,2025-06-11,Stock-out
C00976,2025-09-21,Late delivery
C00976,2025-11-15,Late delivery
C00976,2026-07-15,Pricing
C00977,2025-06-28,Late delivery
C00977,2025-10-21,Late delivery
C00978,2025-09-24,Stock-out
C00979,2025-02-06,Late delivery
C00981,2025-06-13,Late delivery
C00981,2025-10-20,Late delivery
C00982,2025-04-08,Late delivery
C00982,2025-07-16,Late delivery
C00982,2025-08-23,Stock-out
C00982,2025-09-05,Late delivery
C00982,2025-12-26,Late delivery
C00983,2025-02-22,Late delivery
C00983,2025-09-26,Late delivery
C00983,2026-08-15,Pricing
C00983,2026-09-08,Late delivery
C00984,2026-09-28,Late delivery
C00985,2025-03-10,Late delivery
C00985,2025-05-15,Product quality
C00986,2025-08-08,Stock-out
C00986,2025-08-26,Late delivery
C00986,2026-01-17,Stock-out
C00986,2026-08-28,Late delivery
C00987,2025-01-04,Stock-out
C00988,2025-07-24,Late delivery
C00988,2026-02-12,Late delivery
C00988,2026-06-15,Pricing
C00989,2025-01-07,Late delivery
C00989,2025-02-08,Stock-out
C00989,2025-04-19,Late delivery
C00989,2025-10-11,Late delivery
C00989,2026-04-15,Product quality
C00991,2025-03-19,Stock-out
C00991,2025-07-24,Stock-out
C00992,2025-01-04,Late delivery
C00993,2025-06-27,Late delivery
C00993,2025-09-22,Late delivery
C00993,2026-03-11,Late delivery
C00993,2026-08-19,Stock-out
C00994,2025-01-14,Late delivery
C00995,2025-02-07,Late delivery
C00995,2025-03-12,Stock-out
C00996,2025-11-24,Late delivery
C00996,2026-09-28,Late delivery
C00998,2025-02-05,Late delivery
C01000,2025-07-03,Stock-out
C01001,2025-02-27,Stock-out
C01001,2025-02-28,Late delivery
C01001,2025-03-15,Late delivery
C01001,2025-03-18,Late delivery
C01001,2025-06-27,Late delivery
C01001,2025-07-10,Late delivery
C01001,2025-07-10,Late delivery
C01001,2025-09-14,Late delivery
C01001,2025-10-09,Late delivery
C01001,2025-11-04,Stock-out
C01001,2025-11-20,Late delivery
C01001,2026-02-15,Product quality
C01001,2026-02-26,Late delivery
C01003,2025-05-18,Late delivery
C01003,2026-02-12,Stock-out
C01003,2026-04-17,Stock-out
C01004,2025-11-08,Stock-out
C01004,2026-07-28,Late delivery
C01005,2025-05-24,Late delivery
C01005,2025-09-07,Stock-out
C01005,2026-04-28,Stock-out
C01009,2025-03-15,Product quality
C01009,2025-03-28,Late delivery
C01009,2025-04-28,Late delivery
C01009,2026-01-24,Late delivery
C01009,2026-08-09,Stock-out
C01011,2025-10-10,Late delivery
C01011,2026-02-12,Stock-out
C01011,2026-07-23,Stock-out
C01014,2025-02-22,Late delivery
C01014,2025-03-18,Stock-out
C01014,2025-04-14,Late delivery
C01014,2025-06-10,Late delivery
C01014,2025-10-15,Product quality
C01014,2025-10-21,Stock-out
C01014,2026-02-09,Stock-out
C01014,2026-03-05,Stock-out
C01016,2026-05-23,Late delivery
C01016,2026-09-16,Stock-out
C01019,2025-07-11,Stock-out
C01019,2025-08-11,Stock-out
C01019,2025-10-22,Stock-out
C01019,2025-11-06,Stock-out
C01019,2025-12-07,Stock-out
C01019,2026-03-15,Late delivery
C01019,2026-04-21,Late delivery
C01019,2026-05-03,Late delivery
C01019,2026-05-10,Late delivery
C01019,2026-08-05,Stock-out
C01020,2025-01-19,Late delivery
C01020,2025-04-14,Stock-out
C01020,2025-04-15,Stock-out
C01021,2025-01-03,Late delivery
C01022,2025-03-03,Stock-out
C01022,2025-06-07,Stock-out
C01022,2025-07-27,Late delivery
C01022,2025-08-15,Late delivery
C01024,2025-10-25,Stock-out
C01024,2025-11-12,Late delivery
C01024,2025-12-04,Late delivery
C01024,2026-02-15,Pricing
C01024,2026-03-28,Late delivery
C01024,2026-09-21,Stock-out
C01025,2025-12-03,Late delivery
C01025,2026-03-17,Late delivery
C01025,2026-06-23,Stock-out
C01026,2025-02-21,Late delivery
C01026,2025-06-14,Late delivery
C01026,2025-07-05,Late delivery
C01026,2025-08-07,Stock-out
C01026,2025-10-05,Late delivery
C01027,2025-05-12,Stock-out
C01027,2025-07-05,Stock-out
C01028,2025-12-18,Stock-out
C01029,2025-02-17,Late delivery
C01032,2025-01-19,Late delivery
C01032,2025-04-22,Late delivery
C01032,2025-05-15,Late delivery
C01032,2025-05-17,Stock-out
C01032,2025-06-13,Late delivery
C01032,2025-09-28,Stock-out
C01032,2025-11-18,Late delivery
C01033,2025-02-24,Stock-out
C01034,2025-02-11,Late delivery
C01034,2025-02-23,Late delivery
C01034,2025-02-28,Stock-out
C01034,2025-03-03,Stock-out
C01034,2025-07-09,Late delivery
C01034,2025-07-15,Pricing
C01034,2025-10-05,Late delivery
C01034,2025-12-17,Late delivery
C01034,2025-12-27,Stock-out
C01034,2026-01-25,Late delivery
C01034,2026-09-24,Late delivery
C01036,2025-01-18,Late delivery
C01036,2025-03-05,Stock-out
C01036,2025-07-14,Late delivery
C01036,2025-09-04,Stock-out
C01036,2025-11-06,Stock-out
C01036,2026-01-05,Stock-out
C01036,2026-02-08,Late delivery
C01036,2026-04-28,Late delivery
C01036,2026-08-21,Stock-out
C01037,2025-07-18,Late delivery
C01037,2026-01-18,Late delivery
C01038,2025-01-12,Late delivery
C01038,2025-01-13,Late delivery
C01038,2025-03-12,Stock-out
C01038,2025-04-14,Stock-out
C01038,2025-05-24,Late delivery
C01038,2025-08-05,Stock-out
C01038,2025-11-05,Late delivery
C01038,2025-12-22,Late delivery
C01038,2026-01-27,Late delivery
C01038,2026-04-17,Late delivery
C01038,2026-05-05,Stock-out
C01038,2026-05-12,Late delivery
C01039,2025-01-22,Late delivery
C01039,2025-02-22,Stock-out
C01039,2025-05-05,Late delivery
C01040,2025-10-23,Stock-out
C01041,2025-08-10,Late delivery
C01041,2025-08-17,Stock-out
C01041,2025-09-23,Late delivery
C01041,2025-12-13,Stock-out
C01041,2026-01-19,Stock-out
C01041,2026-02-07,Late delivery
C01041,2026-04-07,Late delivery
C01042,2026-07-19,Late delivery
C01042,2026-09-11,Late delivery
C01042,2026-09-28,Late delivery
C01043,2026-04-23,Late delivery
C01043,2026-05-16,Late delivery
C01043,2026-06-05,Late delivery
C01043,2026-06-19,Late delivery
C01043,2026-09-06,Late delivery
C01043,2026-09-14,Late delivery
C01045,2025-02-26,Stock-out
C01047,2025-05-18,Late delivery
C01047,2025-05-22,Stock-out
C01047,2026-02-06,Late delivery
C01047,2026-02-28,Stock-out
C01047,2026-07-23,Late delivery
C01049,2025-04-11,Late delivery
C01049,2025-04-28,Stock-out
C01050,2025-05-12,Late delivery
C01051,2025-02-23,Late delivery
C01051,2025-05-22,Stock-out
C01051,2025-06-16,Late delivery
C01051,2025-10-22,Stock-out
C01051,2026-03-19,Stock-out
C01051,2026-04-16,Late delivery
C01051,2026-04-21,Stock-out
C01051,2026-04-21,Stock-out
C01051,2026-06-16,Stock-out
C01051,2026-07-07,Stock-out
C01051,2026-07-11,Late delivery
C01052,2025-05-21,Stock-out
C01052,2025-08-06,Late delivery
C01053,2025-04-24,Late delivery
C01054,2025-05-25,Late delivery
C01056,2025-01-12,Late delivery
C01056,2025-02-08,Late delivery
C01056,2025-02-15,Pricing
C01057,2025-06-10,Late delivery
C01057,2025-08-03,Late delivery
C01057,2025-09-04,Stock-out
C01057,2025-10-04,Stock-out
C01057,2026-06-05,Late delivery
C01058,2026-04-06,Late delivery
C01059,2025-01-19,Late delivery
C01059,2025-02-28,Late delivery
C01059,2025-07-27,Late delivery
C01060,2025-01-20,Late delivery
C01060,2025-05-25,Late delivery
C01060,2026-03-07,Late delivery
C01062,2025-01-15,Product quality
C01062,2025-01-26,Stock-out
C01062,2025-05-24,Late delivery
C01062,2025-10-08,Stock-out
C01062,2025-11-21,Stock-out
C01063,2026-06-28,Late delivery
C01064,2025-06-15,Late delivery
C01065,2025-03-25,Stock-out
C01065,2026-01-23,Stock-out
C01065,2026-02-16,Stock-out
C01065,2026-08-28,Late delivery
C01066,2025-08-09,Late delivery
C01067,2025-01-18,Stock-out
C01067,2025-02-03,Late delivery
C01067,2026-01-22,Late delivery
C01067,2026-05-09,Late delivery
C01068,2025-02-10,Late delivery
C01068,2025-04-27,Stock-out
C01068,2025-05-13,Late delivery
C01068,2025-05-14,Stock-out
C01068,2025-07-05,Late delivery
C01068,2025-07-18,Late delivery
C01068,2025-08-10,Stock-out
C01068,2025-08-26,Stock-out
C01068,2025-09-11,Late delivery
C01068,2025-12-26,Late delivery
C01068,2026-02-08,Stock-out
C01068,2026-02-16,Late delivery
C01068,2026-06-21,Late delivery
C01069,2025-12-28,Late delivery
C01069,2026-03-28,Late delivery
C01070,2025-11-07,Late delivery
C01071,2025-03-03,Late delivery
C01071,2025-04-24,Stock-out
C01071,2026-02-20,Stock-out
C01071,2026-06-28,Late delivery
C01072,2025-02-06,Late delivery
C01073,2025-02-15,Product quality
C01074,2025-03-22,Late delivery
C01074,2026-02-08,Late delivery
C01074,2026-04-28,Stock-out
C01075,2025-01-24,Stock-out
C01075,2025-10-15,Product quality
C01075,2026-01-20,Late delivery
C01075,2026-02-21,Stock-out
C01075,2026-07-22,Stock-out
C01078,2025-02-15,Product quality
C01080,2025-07-12,Stock-out
C01080,2026-06-20,Stock-out
C01080,2026-09-14,Late delivery
C01081,2025-02-17,Late delivery
C01082,2025-08-15,Pricing
C01082,2025-08-21,Late delivery
C01083,2025-08-17,Late delivery
C01083,2025-09-04,Stock-out
C01083,2025-10-21,Stock-out
C01083,2025-12-15,Late delivery
C01083,2026-01-21,Late delivery
C01083,2026-02-11,Late delivery
C01083,2026-02-15,Stock-out
C01083,2026-04-23,Late delivery
C01083,2026-05-21,Late delivery
C01083,2026-06-20,Late delivery
C01083,2026-07-12,Late delivery
C01083,2026-09-06,Stock-out
C01083,2026-09-26,Late delivery
C01084,2025-01-18,Stock-out
C01084,2025-04-10,Late delivery
C01084,2025-09-18,Late delivery
C01084,2025-12-05,Late delivery
C01084,2025-12-15,Stock-out
C01084,2025-12-20,Late delivery
C01084,2026-02-06,Late delivery
C01084,2026-04-18,Late delivery
C01084,2026-05-10,Late delivery
C01086,2025-05-04,Late delivery
C01086,2026-02-25,Late delivery
C01086,2026-04-28,Stock-out
C01086,2026-09-10,Stock-out
C01088,2025-08-15,Stock-out
C01088,2025-11-19,Late delivery
C01088,2026-01-05,Late delivery
C01090,2025-01-27,Late delivery
C01090,2025-02-16,Late delivery
C01093,2025-03-21,Late delivery
C01097,2025-04-25,Late delivery
C01097,2025-05-06,Late delivery
C01097,2025-06-05,Late delivery
C01097,2025-06-14,Late delivery
C01097,2025-08-21,Late delivery
C01097,2025-10-05,Late delivery
C01097,2025-11-25,Late delivery
C01097,2025-12-06,Stock-out
C01097,2026-01-21,Stock-out
C01097,2026-01-21,Late delivery
C01097,2026-02-04,Stock-out
C01097,2026-02-26,Stock-out
C01097,2026-05-11,Stock-out
C01097,2026-05-17,Late delivery
C01097,2026-06-11,Late delivery
C01097,2026-08-10,Late delivery
C01098,2025-01-12,Late delivery
C01098,2025-04-08,Stock-out
C01098,2026-03-12,Late delivery
C01099,2025-04-20,Stock-out
C01100,2025-12-11,Late delivery
C01102,2025-04-28,Late delivery
C01102,2025-08-15,Late delivery
C01103,2025-04-13,Stock-out
C01104,2025-04-14,Stock-out
C01104,2025-08-24,Late delivery
C01104,2026-02-28,Late delivery
C01104,2026-04-27,Late delivery
C01104,2026-06-05,Late delivery
C01104,2026-06-10,Late delivery
C01104,2026-06-28,Late delivery
C01104,2026-07-20,Late delivery
C01105,2025-01-12,Stock-out
C01105,2025-01-13,Late delivery
C01105,2025-03-25,Late delivery
C01106,2025-03-25,Late delivery
C01106,2025-04-04,Stock-out
C01106,2025-07-24,Late delivery
C01106,2026-07-03,Late delivery
C01108,2025-12-05,Late delivery
C01109,2025-05-16,Late delivery
C01109,2025-05-20,Late delivery
C01109,2025-07-08,Late delivery
C01109,2025-09-12,Late delivery
C01109,2025-09-22,Late delivery
C01109,2025-10-28,Stock-out
C01109,2026-01-08,Stock-out
C01109,2026-01-17,Late delivery
C01109,2026-01-17,Stock-out
C01109,2026-02-05,Late delivery
C01109,2026-04-19,Late delivery
C01109,2026-08-27,Late delivery
C01109,2026-09-25,Late delivery
C01109,2026-09-26,Late delivery
C01110,2026-04-18,Late delivery
C01112,2025-10-04,Stock-out
C01113,2025-06-15,Pricing
C01113,2025-08-26,Late delivery
C01113,2025-09-15,Late delivery
C01113,2025-10-03,Late delivery
C01113,2026-02-21,Late delivery
C01113,2026-03-26,Late delivery
C01113,2026-06-12,Stock-out
C01113,2026-08-21,Late delivery
C01113,2026-09-28,Late delivery
C01114,2025-02-19,Late delivery
C01114,2025-05-28,Late delivery
C01114,2025-12-05,Late delivery
C01115,2026-04-03,Late delivery
C01115,2026-06-15,Pricing
C01116,2025-06-10,Stock-out
C01117,2025-08-28,Late delivery
C01117,2026-02-18,Late delivery
C01119,2025-05-19,Stock-out
C01119,2025-09-06,Late delivery
C01119,2026-08-27,Late delivery
C01120,2025-02-21,Late delivery
C01120,2025-04-03,Stock-out
C01120,2025-11-10,Stock-out
C01121,2026-01-22,Late delivery
C01121,2026-05-15,Pricing
C01121,2026-05-18,Stock-out
C01121,2026-06-19,Stock-out
C01124,2025-07-13,Stock-out
C01124,2025-12-03,Stock-out
C01126,2025-03-16,Late delivery
C01127,2025-04-15,Late delivery
C01127,2025-06-09,Late delivery
C01127,2025-06-11,Late delivery
C01127,2025-12-07,Stock-out
C01128,2025-03-18,Late delivery
C01128,2025-03-28,Stock-out
C01128,2025-04-11,Late delivery
C01130,2025-01-03,Late delivery
C01130,2025-03-13,Stock-out
C01130,2025-03-28,Late delivery
C01130,2025-05-11,Late delivery
C01130,2025-06-07,Late delivery
C01130,2025-06-12,Stock-out
C01130,2025-06-18,Late delivery
C01130,2025-08-27,Stock-out
C01130,2025-09-13,Late delivery
C01130,2025-11-10,Stock-out
C01130,2025-12-10,Late delivery
C01130,2026-03-15,Stock-out
C01130,2026-04-23,Stock-out
C01130,2026-05-11,Stock-out
C01130,2026-05-14,Late delivery
C01130,2026-08-12,Late delivery
C01133,2025-08-22,Late delivery
C01133,2025-08-23,Late delivery
C01133,2026-04-14,Late delivery
C01134,2026-06-25,Late delivery
C01134,2026-09-14,Stock-out
C01135,2025-07-13,Stock-out
C01135,2026-01-15,Pricing
C01135,2026-06-16,Stock-out
C01135,2026-07-28,Late delivery
C01136,2025-05-23,Late delivery
C01136,2025-06-25,Late delivery
C01136,2025-08-06,Late delivery
C01136,2025-08-16,Stock-out
C01136,2026-01-25,Late delivery
C01136,2026-04-22,Stock-out
C01136,2026-09-04,Stock-out
C01137,2025-02-12,Late delivery
C01137,2025-03-28,Stock-out
C01137,2025-04-18,Late delivery
C01137,2025-07-17,Late delivery
C01137,2025-10-12,Stock-out
C01137,2026-01-04,Stock-out
C01137,2026-03-24,Late delivery
C01137,2026-07-23,Stock-out
C01138,2025-08-03,Stock-out
C01138,2025-08-24,Late delivery
C01138,2025-12-22,Stock-out
C01138,2026-02-17,Late delivery
C01138,2026-03-05,Late delivery
C01138,2026-03-12,Late delivery
C01138,2026-03-28,Stock-out
C01138,2026-09-13,Late delivery
C01139,2025-05-08,Late delivery
C01139,2025-11-15,Pricing
C01139,2026-01-12,Late delivery
C01143,2025-01-07,Late delivery
C01144,2025-04-05,Late delivery
C01144,2025-06-16,Late delivery
C01144,2025-06-28,Stock-out
C01144,2025-09-25,Stock-out
C01144,2026-05-28,Late delivery
C01145,2025-02-23,Late delivery
C01145,2025-05-07,Late delivery
C01145,2026-02-22,Late delivery
C01145,2026-04-26,Late delivery
C01145,2026-07-15,Stock-out
C01145,2026-08-09,Late delivery
C01146,2025-10-27,Late delivery
C01146,2025-12-20,Stock-out
C01146,2026-08-26,Late delivery
C01147,2026-01-15,Product quality
C01148,2025-02-03,Late delivery
C01148,2025-10-26,Stock-out
C01149,2025-02-17,Late delivery
C01149,2025-07-16,Late delivery
C01149,2026-02-28,Late delivery
C01151,2025-03-13,Late delivery
C01151,2025-05-10,Stock-out
C01151,2025-06-04,Stock-out
C01151,2025-07-26,Stock-out
C01151,2025-07-27,Late delivery
C01151,2026-02-28,Stock-out
C01151,2026-03-06,Late delivery
C01152,2025-06-15,Product quality
C01152,2025-12-05,Late delivery
C01152,2026-04-26,Stock-out
C01152,2026-09-13,Late delivery
C01153,2025-02-18,Stock-out
C01153,2025-07-24,Late delivery
C01153,2025-08-28,Late delivery
C01153,2025-09-12,Late delivery
C01153,2026-01-05,Stock-out
C01153,2026-04-13,Stock-out
C01153,2026-05-15,Pricing
C01153,2026-06-08,Late delivery
C01154,2026-09-17,Late delivery
C01155,2025-01-14,Late delivery
C01155,2025-08-14,Stock-out
C01155,2025-09-22,Late delivery
C01155,2025-09-25,Stock-out
C01155,2025-12-25,Stock-out
C01155,2026-09-25,Late delivery
C01156,2025-02-03,Stock-out
C01157,2025-04-28,Late delivery
C01158,2025-09-11,Late delivery
C01159,2025-02-09,Late delivery
C01160,2025-03-04,Stock-out
C01160,2025-04-19,Late delivery
C01160,2025-11-15,Pricing
C01161,2025-10-15,Pricing
C01161,2026-05-20,Stock-out
C01162,2025-02-08,Late delivery
C01162,2026-08-13,Late delivery
C01164,2025-01-22,Stock-out
C01164,2025-10-25,Stock-out
C01165,2026-06-03,Late delivery
C01165,2026-06-13,Stock-out
C01165,2026-08-09,Stock-out
C01166,2025-01-06,Late delivery
C01166,2025-08-11,Stock-out
C01167,2025-01-05,Late delivery
C01167,2025-01-28,Late delivery
C01167,2025-03-15,Late delivery
C01167,2026-02-08,Stock-out
C01167,2026-04-19,Stock-out
C01168,2026-07-03,Late delivery
C01169,2026-02-17,Late delivery
C01170,2025-01-24,Late delivery
C01170,2025-05-04,Stock-out
C01170,2025-05-10,Late delivery
C01170,2025-07-24,Late delivery
C01170,2025-10-28,Late delivery
C01170,2026-08-10,Stock-out
C01171,2025-01-12,Late delivery
C01171,2025-01-17,Late delivery
C01171,2025-03-17,Late delivery
C01171,2025-04-24,Stock-out
C01171,2025-05-17,Late delivery
C01171,2025-06-17,Late delivery
C01171,2025-06-23,Late delivery
C01171,2025-07-05,Late delivery
C01171,2025-07-10,Late delivery
C01171,2025-07-25,Late delivery
C01171,2025-08-04,Late delivery
C01171,2025-10-28,Late delivery
C01171,2026-03-05,Late delivery
C01171,2026-09-12,Late delivery
C01171,2026-09-15,Stock-out
C01171,2026-09-27,Late delivery
C01172,2025-01-09,Late delivery
C01172,2025-01-13,Stock-out
C01172,2025-01-23,Stock-out
C01172,2025-03-05,Late delivery
C01172,2025-03-24,Stock-out
C01172,2025-04-28,Stock-out
C01172,2025-05-06,Stock-out
C01172,2025-05-23,Late delivery
C01172,2025-07-07,Stock-out
C01172,2025-07-24,Late delivery
C01172,2025-09-13,Late delivery
C01172,2025-10-27,Stock-out
C01172,2025-11-11,Stock-out
C01172,2026-01-12,Late delivery
C01172,2026-02-15,Late delivery
C01172,2026-02-22,Late delivery
C01172,2026-03-10,Late delivery
C01172,2026-05-20,Stock-out
C01172,2026-05-28,Late delivery
C01172,2026-05-28,Stock-out
C01172,2026-06-19,Late delivery
C01172,2026-06-26,Late delivery
C01172,2026-07-15,Stock-out
C01172,2026-07-21,Late delivery
C01172,2026-08-11,Stock-out
C01172,2026-08-11,Late delivery
C01172,2026-08-17,Stock-out
C01172,2026-08-21,Stock-out
C01172,2026-09-27,Stock-out
C01173,2026-05-15,Product quality
C01174,2025-11-09,Late delivery
C01174,2026-01-14,Late delivery
C01176,2025-05-07,Late delivery
C01176,2025-06-28,Late delivery
C01176,2025-07-10,Late delivery
C01178,2025-01-10,Late delivery
C01178,2025-04-03,Stock-out
C01178,2026-01-19,Late delivery
C01178,2026-01-28,Late delivery
C01178,2026-08-07,Late delivery
C01178,2026-08-13,Late delivery
C01178,2026-08-15,Product quality
C01179,2025-12-04,Late delivery
C01183,2025-01-26,Late delivery
C01183,2025-02-26,Stock-out
C01183,2025-02-27,Late delivery
C01183,2025-03-15,Product quality
C01184,2025-03-10,Late delivery
C01184,2026-02-12,Stock-out
C01184,2026-06-18,Late delivery
C01184,2026-09-25,Late delivery
C01185,2025-02-21,Late delivery
C01186,2025-02-28,Late delivery
C01186,2025-05-19,Late delivery
C01186,2025-06-07,Late delivery
C01187,2025-03-05,Stock-out
C01187,2025-03-08,Late delivery
C01187,2025-05-21,Late delivery
C01187,2025-08-21,Stock-out
C01187,2026-01-14,Late delivery
C01187,2026-02-28,Stock-out
C01187,2026-03-16,Stock-out
C01187,2026-04-10,Late delivery
C01187,2026-04-10,Stock-out
C01188,2025-03-12,Late delivery
C01188,2025-05-26,Stock-out
C01188,2025-07-18,Stock-out
C01188,2025-10-13,Late delivery
C01188,2026-09-24,Late delivery
C01189,2025-01-15,Product quality
C01189,2025-04-06,Late delivery
C01189,2025-06-13,Late delivery
C01189,2025-09-14,Late delivery
C01189,2025-12-20,Late delivery
C01189,2026-01-12,Late delivery
C01189,2026-02-22,Late delivery
C01189,2026-03-22,Late delivery
C01189,2026-04-25,Stock-out
C01189,2026-06-06,Late delivery
C01189,2026-06-17,Stock-out
C01189,2026-07-04,Late delivery
C01189,2026-08-09,Late delivery
C01189,2026-08-21,Stock-out
C01189,2026-08-28,Stock-out
C01191,2025-02-06,Stock-out
C01191,2025-05-18,Late delivery
C01192,2025-01-07,Late delivery
C01194,2025-01-27,Stock-out
C01194,2025-06-17,Late delivery
C01194,2025-07-20,Stock-out
C01195,2025-01-19,Late delivery
C01195,2025-06-14,Late delivery
C01195,2025-06-16,Late delivery
C01195,2025-07-23,Late delivery
C01195,2025-08-11,Late delivery
C01196,2025-02-15,Product quality
C01196,2025-03-24,Late delivery
C01196,2025-07-24,Late delivery
C01198,2025-03-20,Late delivery
C01198,2025-05-13,Late delivery
C01198,2025-07-04,Late delivery
C01198,2026-01-10,Late delivery
C01199,2025-10-24,Stock-out
C01199,2026-03-20,Late delivery
C01199,2026-08-23,Stock-out
C01202,2025-10-14,Late delivery
C01203,2025-05-15,Pricing
C01203,2026-05-09,Late delivery
C01204,2025-03-16,Stock-out
C01204,2025-05-24,Late delivery
C01204,2025-07-22,Late delivery
C01204,2025-11-15,Product quality
C01204,2025-11-26,Stock-out
C01204,2026-07-15,Product quality
C01204,2026-07-21,Stock-out
C01204,2026-08-17,Late delivery
C01204,2026-08-25,Stock-out
C01207,2026-04-27,Late delivery
C01207,2026-05-15,Pricing
C01207,2026-08-03,Stock-out
C01208,2025-02-20,Late delivery
C01210,2025-02-20,Late delivery
C01210,2025-06-16,Stock-out
C01210,2025-06-21,Stock-out
C01210,2025-07-28,Late delivery
C01210,2025-08-12,Stock-out
C01210,2025-10-19,Stock-out
C01210,2026-05-10,Late delivery
C01210,2026-06-06,Stock-out
C01211,2025-03-28,Stock-out
C01211,2025-05-15,Pricing
C01211,2025-07-19,Late delivery
C01211,2025-10-07,Late delivery
C01212,2025-05-28,Late delivery
C01212,2025-09-12,Late delivery
C01212,2025-09-28,Late delivery
C01212,2025-11-26,Stock-out
C01212,2025-12-24,Late delivery
C01212,2026-01-12,Late delivery
C01215,2025-05-09,Late delivery
C01215,2025-09-14,Stock-out
C01216,2025-01-17,Stock-out
C01217,2025-03-15,Late delivery
C01218,2025-03-28,Stock-out
C01218,2025-04-25,Stock-out
C01218,2025-06-05,Late delivery
C01218,2025-07-03,Late delivery
C01218,2025-07-28,Late delivery
C01218,2025-08-20,Stock-out
C01219,2026-09-14,Late delivery
C01221,2026-07-18,Stock-out
C01222,2025-10-03,Late delivery
C01222,2026-02-18,Late delivery
C01222,2026-05-11,Late delivery
C01222,2026-06-09,Late delivery
C01222,2026-06-13,Late delivery
C01222,2026-07-08,Late delivery
C01223,2025-03-08,Late delivery
C01225,2025-02-15,Late delivery
C01225,2025-06-07,Late delivery
C01225,2025-06-26,Late delivery
C01225,2025-07-12,Late delivery
C01225,2025-08-13,Late delivery
C01225,2025-09-22,Late delivery
C01226,2025-10-26,Late delivery
C01226,2025-12-12,Late delivery
C01226,2026-05-07,Late delivery
C01226,2026-06-18,Stock-out
C01226,2026-06-18,Stock-out
C01226,2026-08-07,Late delivery
C01226,2026-09-05,Stock-out
C01226,2026-09-19,Stock-out
C01228,2025-01-12,Late delivery
C01228,2025-06-26,Late delivery
C01228,2025-09-07,Late delivery
C01228,2025-10-15,Pricing
C01228,2025-11-15,Product quality
C01229,2026-01-23,Late delivery
C01229,2026-02-18,Late delivery
C01229,2026-02-25,Late delivery
C01230,2025-11-26,Late delivery
C01230,2025-12-08,Late delivery
C01230,2026-02-19,Stock-out
C01230,2026-02-22,Stock-out
C01230,2026-04-18,Stock-out
C01230,2026-04-21,Stock-out
C01230,2026-05-21,Late delivery
C01231,2025-05-17,Late delivery
C01231,2025-06-05,Late delivery
C01231,2025-07-06,Late delivery
C01231,2025-07-26,Stock-out
C01231,2025-10-13,Late delivery
C01232,2025-03-16,Late delivery
C01232,2025-03-26,Stock-out
C01232,2025-04-23,Late delivery
C01232,2025-05-05,Late delivery
C01232,2025-05-14,Stock-out
C01233,2026-09-03,Late delivery
C01233,2026-09-15,Product quality
C01234,2025-03-22,Late delivery
C01234,2025-06-04,Stock-out
C01234,2025-07-15,Late delivery
C01234,2025-08-19,Late delivery
C01234,2025-11-09,Late delivery
C01234,2026-02-08,Late delivery
C01234,2026-05-18,Late delivery
C01234,2026-07-17,Late delivery
C01234,2026-08-09,Late delivery
C01235,2025-08-07,Late delivery
C01235,2025-10-03,Stock-out
C01235,2025-11-28,Late delivery
C01235,2026-06-04,Stock-out
C01235,2026-06-09,Late delivery
C01235,2026-09-07,Stock-out
C01238,2025-02-28,Late delivery
C01238,2025-03-28,Late delivery
C01238,2025-05-10,Stock-out
C01238,2025-12-10,Late delivery
C01238,2026-04-25,Late delivery
C01239,2026-05-24,Late delivery
C01239,2026-06-24,Late delivery
C01240,2025-02-06,Late delivery
C01240,2025-02-15,Stock-out
C01240,2025-05-23,Late delivery
C01240,2025-07-25,Late delivery
C01240,2025-08-22,Late delivery
C01240,2025-08-25,Late delivery
C01240,2025-11-08,Late delivery
C01240,2025-12-14,Stock-out
C01240,2025-12-24,Stock-out
C01240,2026-02-04,Stock-out
C01240,2026-03-09,Late delivery
C01240,2026-03-13,Late delivery
C01240,2026-05-18,Stock-out
C01240,2026-05-24,Late delivery
C01240,2026-06-26,Stock-out
C01240,2026-07-16,Late delivery
C01240,2026-07-22,Late delivery
C01240,2026-07-25,Stock-out
C01240,2026-08-09,Late delivery
C01240,2026-09-08,Late delivery
C01240,2026-09-10,Late delivery
C01241,2025-01-08,Stock-out
C01241,2025-05-15,Pricing
C01241,2025-12-15,Product quality
C01241,2026-01-16,Late delivery
C01243,2026-01-13,Late delivery
C01243,2026-03-12,Stock-out
C01245,2025-01-27,Stock-out
C01246,2026-09-15,Pricing
C01247,2025-04-16,Stock-out
C01247,2025-04-25,Late delivery
C01247,2025-04-28,Late delivery
C01247,2025-05-04,Late delivery
C01247,2025-05-24,Late delivery
C01247,2025-06-08,Late delivery
C01247,2025-10-08,Late delivery
C01247,2025-12-17,Late delivery
C01247,2026-01-16,Stock-out
C01247,2026-02-18,Stock-out
C01247,2026-06-18,Late delivery
C01247,2026-08-15,Product quality
C01248,2025-09-09,Stock-out
C01248,2025-11-11,Late delivery
C01248,2026-03-06,Late delivery
C01248,2026-05-23,Late delivery
C01248,2026-09-18,Late delivery
C01248,2026-09-24,Late delivery
C01249,2025-01-08,Late delivery
C01249,2025-01-21,Stock-out
C01249,2025-01-28,Late delivery
C01249,2025-03-06,Late delivery
C01249,2025-03-15,Stock-out
C01249,2025-04-09,Late delivery
C01249,2025-05-06,Late delivery
C01249,2025-05-11,Late delivery
C01249,2025-06-22,Late delivery
C01249,2025-08-10,Late delivery
C01249,2025-08-28,Stock-out
C01249,2025-10-20,Late delivery
C01249,2025-12-10,Late delivery
C01249,2026-01-17,Late delivery
C01249,2026-02-13,Late delivery
C01249,2026-04-05,Late delivery
C01249,2026-04-26,Late delivery
C01249,2026-06-07,Late delivery
C01250,2025-02-28,Late delivery
C01250,2025-03-07,Stock-out
C01250,2025-03-14,Stock-out
C01250,2025-08-16,Late delivery
C01250,2025-09-12,Late delivery
C01250,2025-11-10,Stock-out
C01250,2026-02-08,Stock-out
C01250,2026-03-15,Late delivery
C01250,2026-04-03,Stock-out
C01251,2025-03-07,Stock-out
C01251,2025-03-18,Stock-out
C01251,2025-04-28,Late delivery
C01251,2025-05-09,Late delivery
C01251,2025-06-22,Late delivery
C01251,2025-07-03,Late delivery
C01251,2025-10-06,Late delivery
C01251,2025-10-26,Stock-out
C01251,2026-01-18,Stock-out
C01251,2026-02-26,Stock-out
C01251,2026-03-12,Late delivery
C01251,2026-04-15,Late delivery
C01251,2026-04-26,Late delivery
C01251,2026-04-28,Late delivery
C01251,2026-05-04,Stock-out
C01251,2026-05-14,Late delivery
C01251,2026-06-08,Late delivery
C01251,2026-06-21,Late delivery
C01251,2026-06-23,Stock-out
C01251,2026-09-15,Stock-out
C01252,2025-05-07,Late delivery
C01252,2025-06-19,Stock-out
C01252,2025-07-04,Late delivery
C01252,2025-07-12,Stock-out
C01252,2026-02-10,Late delivery
C01252,2026-05-07,Late delivery
C01252,2026-08-09,Late delivery
C01252,2026-09-19,Stock-out
C01254,2025-01-28,Stock-out
C01254,2025-02-26,Stock-out
C01254,2025-05-13,Late delivery
C01257,2025-02-03,Late delivery
C01257,2025-02-24,Late delivery
C01257,2025-02-27,Late delivery
C01257,2025-05-04,Stock-out
C01257,2025-05-16,Late delivery
C01257,2025-06-13,Stock-out
C01257,2025-07-10,Late delivery
C01257,2025-08-10,Late delivery
C01257,2025-08-12,Late delivery
C01257,2025-08-21,Late delivery
C01257,2025-09-10,Late delivery
C01257,2025-09-10,Late delivery
C01257,2025-12-09,Stock-out
C01257,2025-12-18,Late delivery
C01257,2026-02-18,Stock-out
C01257,2026-03-05,Stock-out
C01257,2026-03-16,Late delivery
C01257,2026-05-18,Late delivery
C01258,2025-01-12,Late delivery
C01258,2025-09-06,Late delivery
C01258,2025-09-28,Stock-out
C01258,2025-10-10,Stock-out
C01259,2025-02-08,Late delivery
C01259,2025-02-17,Stock-out
C01259,2025-07-26,Stock-out
C01259,2025-11-28,Late delivery
C01259,2026-05-15,Pricing
C01259,2026-07-26,Stock-out
C01259,2026-09-19,Late delivery
C01260,2026-02-10,Stock-out
C01261,2025-05-06,Late delivery
C01262,2025-01-24,Stock-out
C01262,2025-05-15,Stock-out
C01262,2025-09-16,Late delivery
C01263,2025-02-21,Late delivery
C01264,2026-02-04,Stock-out
C01265,2025-05-10,Stock-out
C01265,2025-07-28,Stock-out
C01266,2025-05-26,Late delivery
C01266,2025-06-26,Late delivery
C01266,2026-02-09,Late delivery
C01266,2026-04-19,Late delivery
C01267,2025-09-21,Late delivery
C01268,2025-06-16,Stock-out
C01268,2026-03-18,Stock-out
C01268,2026-09-07,Stock-out
C01269,2025-01-16,Late delivery
C01269,2025-05-16,Late delivery
C01269,2025-05-19,Stock-out
C01269,2025-06-23,Late delivery
C01269,2026-09-13,Late delivery
C01270,2025-05-23,Stock-out
C01270,2025-06-18,Late delivery
C01270,2025-11-17,Late delivery
C01270,2026-01-11,Late delivery
C01270,2026-03-08,Late delivery
C01270,2026-04-18,Late delivery
C01271,2025-09-16,Stock-out
C01271,2025-10-10,Stock-out
C01271,2026-02-05,Late delivery
C01271,2026-03-19,Stock-out
C01271,2026-04-09,Late delivery
C01271,2026-06-22,Late delivery
C01271,2026-06-28,Stock-out
C01271,2026-07-12,Stock-out
C01271,2026-09-19,Late delivery
C01274,2026-08-27,Late delivery
C01275,2025-07-20,Late delivery
C01275,2025-07-21,Late delivery
C01275,2025-08-14,Late delivery
C01275,2025-10-25,Late delivery
C01275,2026-07-26,Late delivery
C01275,2026-08-18,Stock-out
C01275,2026-09-13,Stock-out
C01275,2026-09-23,Late delivery
C01275,2026-09-26,Late delivery
C01277,2026-04-15,Pricing
C01279,2025-01-09,Stock-out
C01279,2025-01-26,Late delivery
C01279,2025-06-12,Late delivery
C01279,2025-07-16,Stock-out
C01279,2025-07-21,Stock-out
C01279,2025-08-13,Late delivery
C01279,2025-09-07,Stock-out
C01279,2025-10-24,Late delivery
C01279,2025-10-28,Late delivery
C01279,2025-11-15,Late delivery
C01279,2026-06-04,Late delivery
C01279,2026-07-28,Late delivery
C01280,2025-01-28,Late delivery
C01280,2025-09-28,Late delivery
C01280,2026-04-09,Late delivery
C01281,2025-05-19,Late delivery
C01281,2026-01-12,Late delivery
C01281,2026-07-10,Late delivery
C01282,2025-03-22,Late delivery
C01282,2025-06-12,Late delivery
C01282,2025-07-14,Late delivery
C01282,2025-07-19,Late delivery
C01282,2026-04-19,Late delivery
C01282,2026-05-26,Late delivery
C01282,2026-06-07,Late delivery
C01283,2025-05-15,Late delivery
C01283,2025-08-18,Late delivery
C01284,2025-05-08,Stock-out
C01285,2026-02-10,Late delivery
C01286,2025-06-07,Late delivery
C01287,2025-02-22,Late delivery
C01288,2025-02-28,Late delivery
C01289,2025-11-09,Late delivery
C01289,2025-12-04,Late delivery
C01289,2026-02-22,Stock-out
C01291,2025-01-11,Stock-out
C01291,2025-02-06,Late delivery
C01291,2025-02-13,Late delivery
C01291,2025-07-16,Late delivery
C01291,2025-09-23,Late delivery
C01291,2025-10-20,Late delivery
C01291,2025-11-14,Late delivery
C01291,2025-12-16,Stock-out
C01291,2026-04-07,Late delivery
C01292,2025-05-26,Late delivery
C01292,2025-07-20,Stock-out
C01292,2025-07-21,Stock-out
C01292,2025-07-22,Late delivery
C01292,2025-09-10,Stock-out
C01294,2025-04-07,Stock-out
C01294,2025-05-28,Stock-out
C01294,2025-08-11,Late delivery
C01294,2025-09-19,Late delivery
C01294,2025-10-19,Late delivery
C01294,2026-03-03,Stock-out
C01295,2025-01-07,Late delivery
C01295,2025-04-17,Late delivery
C01295,2025-06-22,Late delivery
C01295,2025-07-04,Late delivery
C01295,2025-08-03,Late delivery
C01295,2025-09-07,Stock-out
C01295,2025-11-13,Late delivery
C01295,2026-02-28,Late delivery
C01296,2025-03-04,Stock-out
C01296,2025-07-05,Stock-out
C01296,2025-11-28,Late delivery
C01296,2025-12-11,Stock-out
C01296,2026-06-04,Stock-out
C01296,2026-08-24,Late delivery
C01297,2025-02-12,Stock-out
C01297,2025-03-15,Product quality
C01297,2025-04-15,Product quality
C01297,2025-11-28,Late delivery
C01297,2026-09-11,Late delivery
C01298,2025-06-26,Stock-out
C01298,2025-07-12,Late delivery
C01298,2025-08-21,Stock-out
C01298,2026-02-08,Stock-out
C01298,2026-02-21,Late delivery
C01298,2026-06-28,Stock-out
C01298,2026-08-07,Late delivery
C01299,2025-09-12,Stock-out
C01300,2025-03-05,Stock-out
C01300,2025-06-22,Late delivery
C01300,2025-06-23,Stock-out
C01300,2025-09-05,Late delivery
C01300,2025-10-06,Late delivery
C01300,2025-10-25,Late delivery
C01300,2026-03-10,Late delivery
C01300,2026-03-27,Stock-out
C01300,2026-04-18,Stock-out
C01300,2026-08-17,Late delivery
C01300,2026-09-03,Late delivery
C01301,2025-07-25,Late delivery
C01301,2025-08-19,Late delivery
C01301,2026-08-09,Stock-out
C01302,2025-02-14,Stock-out
C01302,2025-08-27,Late delivery
C01302,2025-09-09,Late delivery
C01302,2025-10-09,Late delivery
C01302,2026-08-04,Stock-out
C01302,2026-08-07,Late delivery
C01302,2026-08-10,Stock-out
C01302,2026-09-14,Late delivery
C01303,2025-02-09,Late delivery
C01303,2025-02-11,Late delivery
C01303,2025-02-17,Late delivery
C01303,2025-06-08,Stock-out
C01303,2025-07-22,Stock-out
C01304,2025-01-04,Late delivery
C01304,2025-01-14,Stock-out
C01304,2026-08-07,Stock-out
C01305,2025-03-22,Stock-out
C01305,2025-04-03,Stock-out
C01305,2025-04-17,Late delivery
C01305,2025-05-21,Late delivery
C01305,2025-12-15,Stock-out
C01305,2026-05-03,Late delivery
C01305,2026-07-13,Late delivery
C01305,2026-08-07,Late delivery
C01308,2025-06-14,Late delivery
C01308,2025-09-04,Stock-out
C01308,2026-02-06,Stock-out
C01309,2025-03-16,Stock-out
C01309,2025-05-13,Stock-out
C01309,2025-07-07,Stock-out
C01309,2025-07-16,Late delivery
C01309,2025-11-21,Late delivery
C01310,2026-06-23,Late delivery
C01311,2025-03-21,Stock-out
C01311,2025-06-08,Late delivery
C01311,2026-01-06,Late delivery
C01311,2026-03-09,Late delivery
C01311,2026-03-18,Late delivery
C01311,2026-03-26,Late delivery
C01311,2026-04-14,Late delivery
C01311,2026-06-23,Late delivery
C01311,2026-09-20,Late delivery
C01311,2026-09-27,Late delivery
C01312,2025-04-17,Stock-out
C01312,2025-07-25,Late delivery
C01312,2025-11-04,Stock-out
C01312,2026-06-25,Late delivery
C01312,2026-09-15,Late delivery
C01313,2025-03-03,Late delivery
C01313,2025-06-20,Late delivery
C01315,2025-02-11,Stock-out
C01316,2025-02-28,Late delivery
C01317,2025-05-18,Late delivery
C01318,2025-02-28,Late delivery
C01318,2025-07-15,Pricing
C01319,2025-01-12,Stock-out
C01319,2025-04-10,Late delivery
C01319,2025-04-11,Late delivery
C01319,2025-04-25,Stock-out
C01319,2025-05-18,Late delivery
C01320,2025-03-16,Late delivery
C01320,2026-01-19,Late delivery
C01321,2025-06-05,Stock-out
C01321,2025-09-04,Stock-out
C01321,2026-06-28,Late delivery
C01322,2025-01-05,Late delivery
C01322,2025-01-10,Late delivery
C01322,2025-02-28,Late delivery
C01322,2025-03-24,Late delivery
C01322,2025-04-09,Stock-out
C01322,2025-05-16,Late delivery
C01323,2025-01-25,Late delivery
C01323,2025-05-07,Stock-out
C01324,2025-09-21,Late delivery
C01325,2025-10-12,Late delivery
C01325,2025-11-09,Late delivery
C01325,2026-01-28,Late delivery
C01325,2026-02-26,Late delivery
C01325,2026-03-05,Stock-out
C01325,2026-03-16,Late delivery
C01326,2025-05-04,Late delivery
C01326,2025-12-03,Late delivery
C01327,2026-07-28,Stock-out
C01328,2026-04-05,Stock-out
C01329,2025-02-19,Late delivery
C01329,2025-04-12,Late delivery
C01329,2025-06-07,Late delivery
C01329,2026-03-10,Late delivery
C01329,2026-03-24,Stock-out
C01329,2026-05-11,Late delivery
C01329,2026-06-28,Late delivery
C01329,2026-07-07,Stock-out
C01329,2026-07-24,Stock-out
C01329,2026-08-08,Late delivery
C01329,2026-08-27,Late delivery
C01330,2025-01-15,Product quality
C01330,2025-02-28,Late delivery
C01332,2025-11-26,Late delivery
C01333,2025-01-15,Product quality
C01333,2025-03-18,Stock-out
C01334,2025-02-06,Late delivery
C01334,2025-02-10,Late delivery
C01334,2025-02-16,Late delivery
C01334,2025-02-20,Late delivery
C01336,2025-12-21,Late delivery
C01336,2026-01-15,Pricing
C01336,2026-04-19,Late delivery
C01336,2026-07-24,Late delivery
C01337,2025-01-12,Stock-out
C01337,2025-02-14,Stock-out
C01337,2025-02-20,Late delivery
C01337,2025-02-21,Late delivery
C01337,2025-03-15,Stock-out
C01337,2025-05-19,Late delivery
C01337,2025-05-22,Late delivery
C01337,2025-06-23,Late delivery
C01338,2025-11-04,Late delivery
C01339,2025-03-19,Stock-out
C01339,2025-04-15,Pricing
C01339,2025-05-28,Stock-out
C01339,2025-08-13,Late delivery
C01340,2025-04-19,Stock-out
C01341,2025-10-12,Late delivery
C01342,2025-02-24,Stock-out
C01342,2025-05-06,Late delivery
C01343,2025-10-06,Late delivery
C01343,2025-10-10,Stock-out
C01343,2026-09-27,Late delivery
C01344,2026-03-18,Late delivery
C01344,2026-06-16,Stock-out
C01345,2025-08-28,Late delivery
C01345,2026-02-04,Stock-out
C01345,2026-02-15,Pricing
C01345,2026-09-24,Late delivery
C01346,2025-01-09,Stock-out
C01346,2025-02-19,Late delivery
C01346,2025-06-11,Late delivery
C01346,2026-05-14,Late delivery
C01347,2026-08-20,Late delivery
C01347,2026-08-21,Late delivery
C01348,2025-01-20,Late delivery
C01348,2025-03-05,Stock-out
C01348,2025-05-21,Stock-out
C01348,2025-07-10,Late delivery
C01348,2025-09-07,Late delivery
C01348,2025-10-03,Late delivery
C01348,2025-11-15,Late delivery
C01348,2025-11-16,Stock-out
C01348,2025-12-06,Stock-out
C01348,2025-12-16,Late delivery
C01348,2026-03-09,Stock-out
C01350,2025-01-20,Late delivery
C01350,2025-06-15,Stock-out
C01350,2025-06-18,Stock-out
C01350,2025-08-16,Late delivery
C01350,2025-12-26,Late delivery
C01351,2025-01-04,Stock-out
C01352,2025-01-10,Late delivery
C01352,2026-04-15,Product quality
C01353,2025-07-03,Late delivery
C01353,2025-09-26,Late delivery
C01354,2025-02-27,Late delivery
C01354,2025-03-27,Stock-out
C01354,2025-06-11,Stock-out
C01354,2025-09-24,Stock-out
C01354,2026-05-12,Stock-out
C01355,2025-01-09,Late delivery
C01357,2026-02-03,Stock-out
C01358,2025-02-11,Late delivery
C01361,2025-01-23,Stock-out
C01361,2025-03-07,Stock-out
C01361,2025-08-06,Stock-out
C01361,2026-03-26,Stock-out
C01361,2026-05-15,Pricing
C01361,2026-06-05,Stock-out
C01362,2025-01-22,Stock-out
C01364,2025-02-21,Late delivery
C01364,2025-10-19,Late delivery
C01364,2025-11-15,Product quality
C01365,2025-01-28,Stock-out
C01365,2025-02-15,Product quality
C01365,2025-05-06,Stock-out
C01366,2026-09-07,Stock-out
C01366,2026-09-19,Late delivery
C01368,2025-06-15,Pricing
C01368,2026-03-09,Stock-out
C01368,2026-04-07,Late delivery
C01370,2025-04-13,Late delivery
C01370,2025-06-27,Late delivery
C01371,2025-01-03,Late delivery
C01371,2025-02-12,Late delivery
C01371,2025-02-21,Stock-out
C01371,2025-03-28,Stock-out
C01371,2025-04-18,Stock-out
C01371,2025-05-08,Late delivery
C01371,2025-06-23,Stock-out
C01371,2025-08-27,Late delivery
C01371,2025-11-17,Late delivery
C01371,2026-06-15,Pricing
C01372,2026-08-24,Late delivery
C01373,2025-10-24,Late delivery
C01374,2025-02-22,Late delivery
C01374,2025-03-04,Late delivery
C01374,2025-04-14,Late delivery
C01374,2025-05-06,Stock-out
C01374,2025-05-21,Late delivery
C01374,2025-05-26,Late delivery
C01374,2025-08-14,Late delivery
C01374,2025-09-17,Late delivery
C01374,2026-01-24,Stock-out
C01374,2026-01-24,Late delivery
C01374,2026-02-20,Stock-out
C01374,2026-05-07,Late delivery
C01374,2026-05-07,Late delivery
C01374,2026-08-15,Late delivery
C01374,2026-09-21,Stock-out
C01375,2025-07-23,Stock-out
C01375,2026-03-22,Stock-out
C01375,2026-06-15,Product quality
C01375,2026-07-06,Stock-out
C01375,2026-09-18,Stock-out
C01376,2025-06-25,Late delivery
C01376,2026-02-15,Late delivery
C01376,2026-05-10,Late delivery
C01376,2026-07-24,Late delivery
C01376,2026-07-26,Late delivery
C01377,2025-02-16,Late delivery
C01377,2025-07-06,Late delivery
C01377,2025-08-10,Late delivery
C01377,2025-08-25,Late delivery
C01378,2026-09-06,Late delivery
C01381,2026-01-10,Late delivery
C01382,2026-01-15,Late delivery
C01382,2026-08-15,Pricing
C01382,2026-09-28,Late delivery
C01383,2025-04-10,Stock-out
C01383,2025-06-05,Late delivery
C01383,2025-08-11,Stock-out
C01383,2025-11-24,Late delivery
C01384,2025-03-15,Product quality
C01385,2026-09-26,Late delivery
C01386,2026-03-03,Stock-out
C01386,2026-03-15,Pricing
C01387,2025-01-04,Stock-out
C01387,2025-01-26,Late delivery
C01388,2026-02-08,Late delivery
C01389,2025-02-19,Late delivery
C01389,2025-04-14,Stock-out
C01390,2025-03-04,Late delivery
C01390,2025-03-24,Late delivery
C01390,2025-05-03,Late delivery
C01390,2025-05-21,Late delivery
C01390,2025-05-22,Late delivery
C01390,2025-07-18,Stock-out
C01390,2025-08-16,Late delivery
C01390,2025-08-18,Late delivery
C01390,2025-09-09,Late delivery
C01390,2025-09-22,Stock-out
C01390,2026-02-13,Late delivery
C01390,2026-03-19,Late delivery
C01390,2026-04-06,Late delivery
C01390,2026-05-19,Late delivery
C01390,2026-07-23,Late delivery
C01390,2026-08-28,Late delivery
C01390,2026-09-13,Late delivery
C01391,2026-01-23,Late delivery
C01391,2026-02-11,Late delivery
C01391,2026-04-06,Late delivery
C01391,2026-04-22,Stock-out
C01392,2025-11-22,Late delivery
C01392,2026-01-15,Late delivery
C01392,2026-04-15,Pricing
C01393,2026-03-10,Late delivery
C01393,2026-08-24,Late delivery
C01394,2025-02-15,Pricing
C01394,2025-03-09,Late delivery
C01394,2025-08-12,Late delivery
C01396,2025-05-11,Late delivery
C01396,2025-10-15,Pricing
C01396,2026-09-07,Late delivery
C01397,2025-03-03,Late delivery
C01397,2025-05-06,Late delivery
C01398,2025-01-26,Stock-out
C01398,2025-05-19,Late delivery
C01398,2025-05-28,Stock-out
C01399,2025-03-11,Late delivery
C01399,2025-04-14,Late delivery
C01399,2025-04-28,Late delivery
C01399,2025-05-17,Stock-out
C01399,2025-06-03,Stock-out
C01399,2025-07-22,Late delivery
C01399,2026-05-03,Stock-out
C01399,2026-06-09,Late delivery
C01399,2026-08-06,Late delivery
C01399,2026-09-16,Late delivery
C01400,2026-03-26,Stock-out
C01400,2026-04-15,Product quality
C01400,2026-04-18,Late delivery
C01401,2025-01-03,Late delivery
C01401,2025-03-14,Late delivery
C01401,2025-06-10,Late delivery
C01401,2025-07-12,Late delivery
C01402,2025-10-27,Late delivery
C01402,2025-11-23,Stock-out
C01402,2025-12-16,Stock-out
C01403,2025-07-05,Late delivery
C01403,2025-07-18,Late delivery
C01405,2025-02-13,Late delivery
C01405,2025-09-09,Late delivery
C01405,2025-10-14,Late delivery
C01405,2025-11-25,Late delivery
C01405,2026-09-28,Late delivery
C01407,2026-03-08,Late delivery
C01407,2026-08-27,Late delivery
C01408,2025-05-07,Late delivery
C01408,2025-09-19,Stock-out
C01409,2026-05-21,Late delivery
C01409,2026-09-04,Stock-out
C01410,2025-01-24,Late delivery
C01410,2025-06-13,Late delivery
C01411,2025-03-23,Late delivery
C01412,2025-01-17,Stock-out
C01412,2025-06-05,Stock-out
C01412,2025-07-27,Stock-out
C01412,2025-12-19,Late delivery
C01412,2026-07-23,Stock-out
C01412,2026-07-28,Late delivery
C01413,2025-02-11,Stock-out
C01413,2025-07-22,Stock-out
C01413,2025-09-15,Stock-out
C01413,2025-10-17,Late delivery
C01413,2026-05-23,Late delivery
C01413,2026-06-18,Late delivery
C01414,2025-01-21,Stock-out
C01414,2025-01-24,Late delivery
C01414,2025-04-23,Late delivery
C01414,2025-05-06,Late delivery
C01414,2025-09-04,Stock-out
C01414,2025-09-15,Stock-out
C01415,2025-01-25,Late delivery
C01415,2025-05-14,Stock-out
C01415,2025-07-24,Stock-out
C01415,2025-11-16,Late delivery
C01415,2026-01-12,Late delivery
C01415,2026-03-28,Stock-out
C01415,2026-06-17,Late delivery
C01415,2026-07-25,Late delivery
C01415,2026-08-23,Late delivery
C01415,2026-09-27,Stock-out
C01416,2025-04-17,Late delivery
C01416,2025-05-12,Stock-out
C01416,2025-08-26,Late delivery
C01416,2025-10-05,Late delivery
C01416,2026-01-26,Stock-out
C01418,2025-02-22,Late delivery
C01418,2025-04-07,Stock-out
C01418,2025-06-27,Late delivery
C01418,2025-09-28,Late delivery
C01418,2025-09-28,Late delivery
C01418,2025-10-13,Stock-out
C01418,2025-11-28,Stock-out
C01418,2026-04-20,Stock-out
C01418,2026-08-07,Stock-out
C01418,2026-08-12,Late delivery
C01418,2026-09-26,Late delivery
C01420,2025-08-06,Stock-out
C01420,2025-08-21,Late delivery
C01420,2025-11-15,Pricing
C01423,2025-08-24,Late delivery
C01424,2025-02-11,Late delivery
C01424,2025-02-24,Stock-out
C01424,2025-03-07,Late delivery
C01424,2025-04-16,Late delivery
C01424,2025-05-13,Stock-out
C01424,2025-07-14,Late delivery
C01424,2025-08-25,Late delivery
C01424,2025-09-06,Stock-out
C01425,2025-02-06,Late delivery
C01425,2025-06-23,Stock-out
C01425,2025-08-19,Late delivery
C01425,2026-02-28,Late delivery
C01425,2026-07-08,Stock-out
C01425,2026-08-13,Late delivery
C01425,2026-09-12,Late delivery
C01426,2025-03-04,Late delivery
C01427,2025-02-18,Late delivery
C01427,2025-04-03,Stock-out
C01429,2025-03-05,Late delivery
C01429,2025-08-08,Stock-out
C01430,2025-04-23,Late delivery
C01430,2025-05-10,Stock-out
C01430,2025-06-26,Stock-out
C01431,2025-07-03,Stock-out
C01431,2026-03-03,Late delivery
C01431,2026-04-07,Stock-out
C01432,2025-08-15,Product quality
C01433,2025-04-03,Late delivery
C01433,2025-04-11,Stock-out
C01433,2026-01-06,Late delivery
C01433,2026-07-23,Late delivery
C01435,2026-03-26,Stock-out
C01435,2026-04-27,Stock-out
C01435,2026-05-09,Stock-out
C01435,2026-05-11,Late delivery
C01435,2026-05-15,Stock-out
C01435,2026-06-04,Late delivery
C01435,2026-06-20,Late delivery
C01435,2026-09-11,Late delivery
C01437,2025-01-11,Late delivery
C01437,2025-10-08,Stock-out
C01437,2026-03-15,Late delivery
C01437,2026-04-19,Late delivery
C01437,2026-05-15,Pricing
C01439,2025-02-13,Stock-out
C01439,2025-08-07,Late delivery
C01440,2025-05-27,Late delivery
C01440,2025-12-08,Late delivery
C01440,2025-12-26,Late delivery
C01440,2026-07-17,Late delivery
C01440,2026-08-08,Late delivery
C01441,2025-01-03,Late delivery
C01441,2025-08-22,Late delivery
C01441,2026-03-15,Stock-out
C01441,2026-07-08,Stock-out
C01442,2026-02-05,Stock-out
C01443,2025-05-17,Stock-out
C01443,2025-05-27,Late delivery
C01443,2025-06-22,Late delivery
C01443,2025-08-26,Late delivery
C01444,2025-12-24,Late delivery
C01444,2026-01-13,Late delivery
C01444,2026-02-18,Late delivery
C01444,2026-03-12,Late delivery
C01445,2025-09-26,Late delivery
C01445,2026-08-12,Stock-out
C01446,2025-01-04,Late delivery
C01448,2026-03-06,Late delivery
C01448,2026-06-17,Stock-out
C01448,2026-07-20,Stock-out
C01450,2025-03-10,Late delivery
C01450,2025-03-16,Stock-out
C01451,2025-08-12,Late delivery
C01451,2025-09-19,Late delivery
C01451,2026-06-23,Late delivery
C01452,2025-02-28,Late delivery
C01452,2025-07-08,Late delivery
C01453,2025-01-12,Stock-out
C01453,2025-10-27,Late delivery
C01455,2025-03-13,Late delivery
C01457,2026-05-16,Late delivery
C01458,2025-05-15,Pricing
C01458,2025-10-19,Late delivery
C01458,2026-02-25,Stock-out
C01459,2025-12-28,Stock-out
C01460,2025-02-15,Late delivery
C01461,2026-03-20,Stock-out
C01461,2026-05-06,Late delivery
C01461,2026-08-24,Late delivery
C01462,2025-07-05,Stock-out
C01462,2026-01-17,Late delivery
C01463,2025-03-05,Late delivery
C01463,2025-06-21,Late delivery
C01463,2025-08-15,Late delivery
C01463,2025-10-27,Late delivery
C01463,2025-11-28,Stock-out
C01463,2026-05-04,Stock-out
C01463,2026-08-08,Late delivery
C01464,2025-01-10,Late delivery
C01464,2025-01-15,Late delivery
C01465,2025-12-09,Late delivery
C01466,2025-04-20,Stock-out
C01467,2025-06-09,Stock-out
C01467,2025-07-21,Late delivery
C01467,2025-11-05,Late delivery
C01467,2025-12-23,Late delivery
C01467,2026-02-15,Late delivery
C01467,2026-02-18,Late delivery
C01467,2026-05-28,Stock-out
C01470,2025-05-28,Late delivery
C01471,2025-12-15,Pricing
C01472,2025-01-17,Late delivery
C01472,2025-09-15,Pricing
C01472,2025-09-28,Late delivery
C01472,2026-03-10,Late delivery
C01472,2026-05-09,Stock-out
C01473,2026-02-13,Late delivery
C01473,2026-02-13,Late delivery
C01473,2026-03-12,Late delivery
C01473,2026-04-09,Late delivery
C01474,2025-03-20,Late delivery
C01474,2025-05-20,Stock-out
C01475,2025-01-24,Late delivery
C01475,2025-08-26,Stock-out
C01475,2025-09-07,Stock-out
C01475,2025-12-10,Late delivery
C01475,2026-05-09,Late delivery
C01475,2026-06-27,Late delivery
C01476,2025-02-15,Stock-out
C01476,2025-03-17,Late delivery
C01476,2025-03-18,Stock-out
C01476,2026-03-06,Late delivery
C01476,2026-03-28,Stock-out
C01476,2026-04-13,Late delivery
C01476,2026-04-26,Late delivery
C01476,2026-05-25,Late delivery
C01476,2026-06-06,Late delivery
C01477,2025-02-25,Stock-out
C01477,2025-04-07,Stock-out
C01478,2025-03-11,Late delivery
C01478,2025-03-22,Late delivery
C01478,2025-04-24,Late delivery
C01478,2025-06-16,Late delivery
C01478,2025-07-18,Late delivery
C01478,2025-08-11,Late delivery
C01478,2025-09-14,Late delivery
C01478,2025-10-07,Stock-out
C01478,2025-10-16,Stock-out
C01478,2026-04-04,Late delivery
C01480,2025-10-21,Late delivery
C01480,2025-12-03,Late delivery
C01480,2026-01-11,Late delivery
C01481,2025-01-10,Late delivery
C01481,2025-08-27,Late delivery
C01482,2025-01-05,Late delivery
C01482,2025-07-21,Late delivery
C01483,2025-02-05,Late delivery
C01483,2025-03-28,Late delivery
C01483,2025-05-11,Late delivery
C01483,2025-08-14,Late delivery
C01483,2025-08-28,Late delivery
C01483,2025-11-07,Late delivery
C01483,2026-01-15,Stock-out
C01483,2026-02-14,Late delivery
C01483,2026-02-16,Late delivery
C01483,2026-03-28,Stock-out
C01483,2026-05-21,Late delivery
C01483,2026-07-07,Late delivery
C01483,2026-07-10,Stock-out
C01483,2026-07-20,Stock-out
C01483,2026-09-13,Stock-out
C01484,2026-01-09,Stock-out
C01484,2026-02-03,Stock-out
C01484,2026-02-16,Late delivery
C01484,2026-02-26,Stock-out
C01484,2026-04-18,Late delivery
C01484,2026-05-15,Product quality
C01485,2025-07-05,Stock-out
C01485,2025-07-06,Late delivery
C01485,2026-06-11,Stock-out
C01485,2026-08-28,Late delivery
C01488,2025-03-11,Late delivery
C01488,2025-03-18,Stock-out
C01488,2025-08-17,Late delivery
C01488,2025-09-26,Late delivery
C01488,2025-12-07,Late delivery
C01488,2026-01-03,Late delivery
C01488,2026-07-17,Late delivery
C01488,2026-08-15,Pricing
C01488,2026-09-18,Late delivery
C01489,2025-10-07,Late delivery
C01489,2025-11-12,Late delivery
C01489,2025-11-17,Late delivery
C01489,2025-12-19,Stock-out
C01489,2025-12-19,Late delivery
C01489,2025-12-28,Late delivery
C01489,2026-01-20,Stock-out
C01489,2026-02-23,Late delivery
C01489,2026-04-16,Late delivery
C01489,2026-05-06,Late delivery
C01489,2026-07-26,Late delivery
C01489,2026-08-26,Late delivery
C01490,2025-01-15,Late delivery
C01490,2025-01-26,Late delivery
C01490,2025-03-13,Stock-out
C01491,2025-12-07,Late delivery
C01491,2026-07-17,Late delivery
C01492,2025-09-17,Late delivery
C01492,2025-12-16,Late delivery
C01492,2026-03-28,Late delivery
C01492,2026-04-26,Late delivery
C01492,2026-06-28,Late delivery
C01492,2026-09-05,Late delivery
C01493,2025-02-04,Late delivery
C01493,2025-03-14,Late delivery
C01493,2025-03-17,Late delivery
C01494,2025-02-05,Stock-out
C01494,2025-11-04,Late delivery
C01494,2025-12-25,Late delivery
C01494,2026-01-07,Stock-out
C01494,2026-02-26,Late delivery
C01496,2025-01-11,Late delivery
C01496,2025-02-15,Pricing
C01496,2025-05-21,Stock-out
C01496,2025-06-28,Late delivery
C01496,2025-08-25,Stock-out
C01496,2025-09-07,Stock-out
C01496,2025-09-23,Late delivery
C01496,2025-12-20,Late delivery
C01496,2025-12-28,Late delivery
C01496,2026-02-14,Late delivery
C01496,2026-05-13,Stock-out
C01496,2026-05-13,Late delivery
C01496,2026-06-16,Stock-out
C01496,2026-06-16,Late delivery
C01496,2026-07-11,Stock-out
C01496,2026-07-15,Late delivery
C01496,2026-09-13,Stock-out
C01496,2026-09-23,Stock-out
C01496,2026-09-27,Late delivery
C01497,2025-02-11,Late delivery
C01497,2025-02-14,Late delivery
C01497,2026-06-18,Late delivery
C01497,2026-09-12,Late delivery
C01499,2025-11-15,Pricing
C01499,2026-06-28,Stock-out
C01499,2026-09-16,Stock-out
C01500,2025-03-15,Product quality
C01500,2025-06-03,Stock-out
C01500,2025-08-25,Stock-out
C01500,2026-08-18,Late delivery
C01501,2025-04-21,Stock-out
C01502,2025-01-03,Late delivery
C01502,2025-05-11,Late delivery
C01502,2025-07-17,Late delivery
C01502,2025-09-14,Late delivery
C01502,2026-01-06,Stock-out
C01502,2026-08-18,Late delivery
C01505,2025-06-04,Stock-out
C01505,2025-07-24,Late delivery
C01505,2025-09-25,Late delivery
C01506,2025-09-28,Stock-out
C01506,2026-03-26,Late delivery
C01506,2026-05-27,Stock-out
C01506,2026-06-11,Stock-out
C01506,2026-08-15,Product quality
C01506,2026-08-24,Stock-out
C01511,2026-08-15,Stock-out
C01511,2026-09-23,Late delivery
C01512,2025-01-05,Late delivery
C01512,2025-03-06,Late delivery
C01513,2025-02-24,Late delivery
C01515,2025-04-12,Late delivery
C01516,2025-05-07,Late delivery
C01516,2025-06-17,Stock-out
C01516,2025-12-20,Late delivery
C01517,2025-01-19,Late delivery
C01517,2025-12-10,Late delivery
C01517,2025-12-28,Late delivery
C01517,2026-03-04,Late delivery
C01517,2026-04-17,Stock-out
C01517,2026-07-15,Pricing
C01518,2026-04-16,Late delivery
C01518,2026-05-04,Stock-out
C01519,2025-01-06,Late delivery
C01520,2025-12-07,Stock-out
C01520,2026-02-11,Late delivery
C01520,2026-03-24,Late delivery
C01521,2025-03-07,Late delivery
C01522,2025-02-05,Late delivery
C01522,2025-03-10,Late delivery
C01522,2025-04-10,Late delivery
C01522,2025-07-03,Stock-out
C01524,2025-03-24,Stock-out
C01524,2025-03-27,Late delivery
C01524,2025-04-13,Stock-out
C01524,2025-11-03,Late delivery
C01524,2025-12-10,Stock-out
C01524,2026-08-09,Late delivery
C01525,2025-08-05,Stock-out
C01525,2025-09-26,Late delivery
C01525,2025-10-05,Stock-out
C01525,2025-11-07,Late delivery
C01525,2025-12-11,Stock-out
C01525,2026-01-17,Late delivery
C01525,2026-04-09,Late delivery
C01525,2026-05-13,Late delivery
C01525,2026-09-21,Stock-out
C01526,2025-07-06,Stock-out
C01526,2026-06-06,Stock-out
C01527,2025-01-08,Stock-out
C01527,2025-02-11,Late delivery
C01527,2025-05-21,Late delivery
C01527,2025-06-15,Pricing
C01527,2025-07-12,Late delivery
C01527,2025-10-05,Late delivery
C01529,2025-04-28,Late delivery
C01529,2025-10-15,Late delivery
C01529,2026-03-22,Stock-out
C01529,2026-08-07,Late delivery
C01530,2025-11-07,Late delivery
C01530,2025-12-28,Stock-out
C01531,2025-03-13,Late delivery
C01531,2025-04-22,Stock-out
C01531,2025-05-10,Stock-out
C01532,2025-12-14,Stock-out
C01532,2025-12-15,Pricing
C01532,2025-12-20,Late delivery
C01532,2026-02-15,Stock-out
C01532,2026-03-19,Late delivery
C01534,2025-04-11,Late delivery
C01535,2025-01-11,Stock-out
C01536,2025-02-15,Late delivery
C01536,2026-03-05,Late delivery
C01537,2025-09-09,Late delivery
C01537,2025-09-09,Late delivery
C01537,2025-10-26,Late delivery
C01537,2025-12-10,Late delivery
C01537,2026-03-19,Stock-out
C01538,2025-08-11,Late delivery
C01538,2025-09-07,Late delivery
C01538,2025-09-27,Stock-out
C01538,2025-12-27,Stock-out
C01538,2026-08-22,Late delivery
C01539,2025-09-15,Product quality
C01539,2025-10-07,Late delivery
C01539,2026-05-13,Late delivery
C01539,2026-05-20,Stock-out
C01540,2026-02-21,Late delivery
C01542,2025-10-16,Late delivery
C01543,2026-03-24,Late delivery
C01544,2025-04-15,Late delivery
C01544,2025-04-26,Late delivery
C01544,2025-07-15,Stock-out
C01544,2025-10-28,Late delivery
C01544,2025-12-09,Late delivery
C01544,2026-04-16,Late delivery
C01544,2026-07-15,Pricing
C01544,2026-07-20,Stock-out
C01546,2025-02-20,Late delivery
C01546,2025-03-09,Late delivery
C01546,2025-05-16,Stock-out
C01546,2025-05-21,Stock-out
C01546,2025-06-17,Late delivery
C01546,2025-09-28,Late delivery
C01546,2025-10-17,Late delivery
C01546,2026-01-11,Late delivery
C01546,2026-04-13,Late delivery
C01547,2026-02-10,Stock-out
C01549,2026-03-08,Late delivery
C01549,2026-07-23,Stock-out
C01549,2026-09-08,Stock-out
C01550,2025-01-05,Late delivery
C01552,2026-05-15,Product quality
C01553,2025-01-14,Late delivery
C01553,2025-01-17,Late delivery
C01553,2025-06-15,Product quality
C01553,2025-09-03,Late delivery
C01553,2025-12-10,Late delivery
C01553,2026-06-16,Stock-out
C01553,2026-07-10,Stock-out
C01553,2026-08-20,Late delivery
C01553,2026-08-28,Late delivery
C01554,2026-04-04,Stock-out
C01554,2026-04-08,Late delivery
C01555,2025-10-09,Late delivery
C01555,2025-10-15,Pricing
C01555,2026-06-03,Stock-out
C01556,2026-01-10,Stock-out
C01556,2026-02-16,Late delivery
C01556,2026-02-28,Late delivery
C01557,2025-08-11,Late delivery
C01559,2025-10-28,Late delivery
C01559,2026-05-18,Stock-out
C01560,2025-11-16,Stock-out
C01560,2026-05-04,Stock-out
C01560,2026-07-15,Pricing
C01561,2025-08-19,Late delivery
C01562,2026-07-26,Stock-out
C01566,2025-04-15,Late delivery
C01566,2026-04-08,Late delivery
C01566,2026-06-08,Late delivery
C01567,2025-01-10,Late delivery
C01567,2025-02-13,Late delivery
C01567,2026-04-25,Late delivery
C01569,2025-11-28,Late delivery
C01569,2025-12-28,Late delivery
C01569,2026-03-17,Stock-out
C01569,2026-05-03,Stock-out
C01569,2026-08-18,Late delivery
C01570,2025-08-26,Late delivery
C01570,2025-10-11,Stock-out
C01570,2025-10-15,Late delivery
C01570,2025-11-07,Late delivery
C01571,2025-08-25,Stock-out
C01571,2026-02-26,Stock-out
C01572,2025-03-03,Late delivery
C01572,2025-04-03,Stock-out
C01572,2025-05-19,Late delivery
C01572,2025-06-24,Late delivery
C01572,2025-09-09,Stock-out
C01572,2025-12-08,Late delivery
C01572,2026-05-27,Late delivery
C01572,2026-09-28,Late delivery
C01573,2026-06-22,Late delivery
C01574,2025-01-05,Stock-out
C01574,2025-02-28,Late delivery
C01574,2026-04-04,Stock-out
C01574,2026-07-06,Late delivery
C01574,2026-08-11,Stock-out
C01576,2026-06-27,Late delivery
C01577,2025-01-07,Late delivery
C01577,2025-04-04,Stock-out
C01577,2025-04-23,Late delivery
C01577,2025-04-28,Stock-out
C01577,2025-05-26,Late delivery
C01577,2025-06-25,Stock-out
C01577,2025-11-25,Late delivery
C01577,2026-02-12,Stock-out
C01577,2026-03-07,Stock-out
C01578,2025-01-13,Late delivery
C01578,2025-02-15,Pricing
C01579,2025-04-15,Product quality
C01579,2026-08-15,Late delivery
C01580,2025-02-21,Late delivery
C01580,2025-07-24,Late delivery
C01581,2025-02-04,Late delivery
C01581,2025-04-13,Late delivery
C01581,2025-05-03,Late delivery
C01581,2025-05-21,Late delivery
C01581,2025-11-26,Late delivery
C01581,2026-02-05,Stock-out
C01582,2025-03-13,Late delivery
C01582,2025-05-13,Stock-out
C01582,2025-06-25,Stock-out
C01582,2026-01-10,Stock-out
C01582,2026-07-21,Late delivery
C01582,2026-09-22,Stock-out
C01583,2025-02-22,Late delivery
C01583,2025-03-07,Stock-out
C01583,2025-03-19,Late delivery
C01583,2025-04-03,Late delivery
C01583,2025-05-03,Late delivery
C01583,2025-05-06,Stock-out
C01583,2025-05-17,Late delivery
C01583,2025-05-24,Late delivery
C01583,2025-05-26,Late delivery
C01583,2025-07-17,Late delivery
C01583,2025-07-28,Stock-out
C01583,2025-08-17,Stock-out
C01583,2025-08-25,Late delivery
C01583,2025-10-22,Stock-out
C01583,2025-11-10,Late delivery
C01583,2025-11-15,Late delivery
C01583,2025-12-07,Stock-out
C01583,2026-01-16,Late delivery
C01583,2026-03-14,Late delivery
C01583,2026-03-14,Stock-out
C01583,2026-05-19,Late delivery
C01583,2026-07-14,Late delivery
C01583,2026-09-16,Late delivery
C01584,2026-01-07,Late delivery
C01584,2026-02-19,Stock-out
C01584,2026-04-14,Late delivery
C01584,2026-04-18,Stock-out
C01584,2026-05-27,Stock-out
C01584,2026-06-09,Late delivery
C01584,2026-08-22,Late delivery
C01584,2026-09-15,Late delivery
C01585,2025-07-15,Product quality
C01585,2025-08-04,Stock-out
C01585,2025-09-18,Stock-out
C01585,2025-09-19,Late delivery
C01585,2026-02-19,Late delivery
C01586,2025-03-03,Late delivery
C01586,2025-11-24,Late delivery
C01586,2026-09-15,Product quality
C01587,2025-02-28,Stock-out
C01587,2025-11-16,Stock-out
C01587,2026-01-19,Stock-out
C01587,2026-02-28,Stock-out
C01587,2026-06-28,Late delivery
C01588,2025-01-16,Late delivery
C01590,2025-03-23,Stock-out
C01590,2025-09-10,Late delivery
C01590,2025-11-03,Stock-out
C01591,2025-03-13,Stock-out
C01591,2025-03-18,Late delivery
C01591,2025-04-09,Late delivery
C01591,2025-04-12,Late delivery
C01591,2025-04-25,Late delivery
C01591,2025-06-08,Late delivery
C01591,2025-08-26,Stock-out
C01591,2025-09-05,Late delivery
C01591,2025-11-03,Late delivery
C01591,2025-11-17,Late delivery
C01591,2026-03-11,Late delivery
C01591,2026-08-14,Late delivery
C01592,2025-02-03,Late delivery
C01593,2025-01-24,Late delivery
C01593,2025-05-18,Late delivery
C01593,2025-07-13,Stock-out
C01593,2025-11-12,Late delivery
C01593,2025-12-13,Late delivery
C01593,2025-12-26,Late delivery
C01593,2026-03-03,Stock-out
C01593,2026-03-14,Stock-out
C01593,2026-07-12,Late delivery
C01594,2025-05-15,Pricing
C01595,2025-02-03,Stock-out
C01595,2025-03-09,Stock-out
C01597,2025-03-17,Late delivery
C01599,2025-11-05,Stock-out
C01599,2026-08-08,Stock-out
C01600,2026-05-15,Late delivery
C01602,2025-02-13,Late delivery
C01602,2025-04-13,Stock-out
C01603,2025-03-07,Late delivery
C01603,2025-04-14,Stock-out
C01603,2025-05-26,Late delivery
C01603,2025-06-07,Late delivery
C01603,2025-07-18,Stock-out
C01603,2025-08-09,Stock-out
C01603,2025-10-15,Late delivery
C01603,2026-02-08,Stock-out
C01603,2026-05-04,Stock-out
C01603,2026-07-08,Stock-out
C01603,2026-08-05,Late delivery
C01605,2025-04-27,Late delivery
C01605,2025-05-24,Late delivery
C01605,2025-06-26,Late delivery
C01605,2025-09-11,Late delivery
C01605,2026-01-04,Late delivery
C01605,2026-02-09,Late delivery
C01605,2026-03-10,Late delivery
C01605,2026-04-17,Late delivery
C01606,2025-04-05,Late delivery
C01606,2025-04-20,Stock-out
C01606,2025-04-23,Stock-out
C01606,2025-08-19,Late delivery
C01607,2025-01-25,Late delivery
C01607,2025-04-05,Late delivery
C01609,2025-01-15,Late delivery
C01610,2025-02-28,Late delivery
C01610,2025-03-11,Stock-out
C01610,2025-03-28,Late delivery
C01610,2025-05-14,Late delivery
C01610,2025-05-15,Pricing
C01610,2025-06-06,Late delivery
C01610,2025-07-08,Late delivery
C01610,2025-08-06,Late delivery
C01610,2025-12-18,Stock-out
C01611,2025-12-12,Late delivery
C01612,2025-07-10,Late delivery
C01612,2025-10-28,Stock-out
C01612,2025-12-13,Stock-out
C01612,2026-01-24,Late delivery
C01612,2026-03-07,Late delivery
C01613,2025-04-24,Late delivery
C01613,2025-05-20,Late delivery
C01613,2026-02-17,Late delivery
C01614,2025-02-04,Stock-out
C01614,2025-02-24,Late delivery
C01615,2025-02-05,Stock-out
C01616,2025-01-07,Late delivery
C01616,2025-08-09,Late delivery
C01616,2025-11-10,Late delivery
C01616,2026-03-16,Late delivery
C01617,2025-12-06,Late delivery
C01617,2026-07-17,Late delivery
C01617,2026-09-17,Late delivery
C01619,2025-06-13,Stock-out
C01619,2025-09-04,Late delivery
C01619,2025-12-11,Late delivery
C01619,2026-04-12,Late delivery
C01620,2025-03-17,Late delivery
C01620,2025-10-14,Stock-out
C01620,2025-11-15,Product quality
C01620,2026-01-05,Late delivery
C01622,2025-01-21,Stock-out
C01622,2025-01-26,Late delivery
C01622,2025-03-27,Stock-out
C01622,2025-04-15,Stock-out
C01622,2025-04-18,Stock-out
C01622,2025-04-23,Late delivery
C01622,2025-05-10,Late delivery
C01622,2025-05-19,Late delivery
C01622,2025-07-11,Late delivery
C01622,2025-08-23,Stock-out
C01622,2025-08-28,Late delivery
C01622,2025-09-06,Stock-out
C01622,2025-10-14,Late delivery
C01622,2025-10-25,Late delivery
C01622,2025-11-05,Late delivery
C01622,2025-11-07,Late delivery
C01622,2025-11-14,Stock-out
C01622,2026-02-12,Stock-out
C01622,2026-02-17,Late delivery
C01622,2026-03-13,Late delivery
C01622,2026-03-14,Late delivery
C01622,2026-03-15,Stock-out
C01622,2026-05-20,Stock-out
C01622,2026-05-28,Late delivery
C01622,2026-06-05,Late delivery
C01622,2026-06-21,Stock-out
C01622,2026-06-23,Late delivery
C01622,2026-07-07,Late delivery
C01622,2026-07-12,Stock-out
C01622,2026-09-17,Stock-out
C01622,2026-09-23,Late delivery
C01623,2025-07-23,Stock-out
C01623,2026-07-10,Late delivery
C01623,2026-08-16,Late delivery
C01624,2025-01-16,Late delivery
C01624,2025-02-15,Pricing
C01624,2025-04-18,Stock-out
C01624,2025-12-22,Late delivery
C01624,2026-04-14,Stock-out
C01625,2026-03-15,Pricing
C01626,2025-10-28,Stock-out
C01626,2026-02-03,Stock-out
C01626,2026-04-04,Late delivery
C01626,2026-05-05,Late delivery
C01626,2026-05-09,Late delivery
C01626,2026-07-08,Stock-out
C01627,2026-06-03,Late delivery
C01628,2025-01-27,Late delivery
C01628,2025-06-12,Stock-out
C01628,2025-09-06,Stock-out
C01628,2025-11-20,Stock-out
C01628,2025-12-25,Late delivery
C01628,2026-01-22,Late delivery
C01628,2026-02-14,Stock-out
C01628,2026-05-15,Product quality
C01628,2026-08-25,Stock-out
C01629,2025-01-06,Late delivery
C01629,2025-02-07,Late delivery
C01629,2025-02-24,Stock-out
C01629,2025-04-15,Pricing
C01630,2025-04-25,Stock-out
C01630,2025-08-13,Late delivery
C01630,2025-08-18,Late delivery
C01631,2025-05-21,Late delivery
C01631,2025-06-28,Late delivery
C01631,2025-07-26,Late delivery
C01631,2025-12-26,Late delivery
C01631,2026-01-27,Stock-out
C01631,2026-06-21,Late delivery
C01631,2026-07-09,Late delivery
C01632,2025-09-03,Stock-out
C01632,2026-02-21,Late delivery
C01632,2026-07-15,Late delivery
C01633,2025-11-15,Stock-out
C01633,2025-12-14,Stock-out
C01633,2026-02-08,Stock-out
C01633,2026-02-22,Stock-out
C01637,2025-04-03,Stock-out
C01638,2025-01-10,Late delivery
C01638,2025-01-18,Stock-out
C01638,2025-04-16,Stock-out
C01641,2025-09-13,Late delivery
C01641,2025-09-16,Late delivery
C01641,2025-11-26,Late delivery
C01641,2025-12-13,Late delivery
C01641,2025-12-25,Late delivery
C01641,2025-12-25,Stock-out
C01641,2025-12-28,Late delivery
C01641,2026-01-15,Stock-out
C01641,2026-02-22,Late delivery
C01641,2026-03-07,Stock-out
C01641,2026-04-17,Late delivery
C01641,2026-06-10,Stock-out
C01641,2026-06-22,Stock-out
C01641,2026-06-23,Late delivery
C01642,2026-09-05,Late delivery
C01643,2025-03-10,Stock-out
C01643,2025-04-15,Late delivery
C01643,2025-06-07,Late delivery
C01643,2025-06-24,Late delivery
C01643,2025-08-17,Stock-out
C01643,2025-11-03,Stock-out
C01643,2025-11-09,Stock-out
C01644,2026-02-21,Late delivery
C01645,2026-09-05,Late delivery
C01646,2025-02-08,Stock-out
C01647,2025-05-06,Late delivery
C01647,2025-05-20,Stock-out
C01648,2025-04-28,Stock-out
C01648,2025-05-26,Stock-out
C01648,2025-06-08,Late delivery
C01648,2025-12-10,Stock-out
C01648,2025-12-15,Product quality
C01648,2026-03-10,Stock-out
C01648,2026-07-15,Product quality
C01649,2025-10-23,Late delivery
C01651,2025-07-15,Pricing
C01651,2026-05-12,Late delivery
C01653,2026-09-13,Stock-out
C01654,2025-05-07,Late delivery
C01654,2026-03-15,Pricing
C01654,2026-04-18,Late delivery
C01655,2025-04-12,Late delivery
C01655,2025-04-26,Stock-out
C01655,2025-06-12,Late delivery
C01655,2025-10-17,Stock-out
C01655,2026-02-22,Late delivery
C01655,2026-06-25,Late delivery
C01655,2026-06-25,Late delivery
C01655,2026-06-27,Late delivery
C01655,2026-07-27,Late delivery
C01655,2026-08-06,Late delivery
C01656,2025-11-21,Late delivery
C01658,2025-01-06,Stock-out
C01658,2025-05-15,Product quality
C01661,2025-02-18,Late delivery
C01661,2025-07-18,Stock-out
C01661,2025-10-12,Stock-out
C01661,2026-01-28,Stock-out
C01662,2025-05-11,Late delivery
C01662,2025-05-23,Late delivery
C01662,2025-06-18,Late delivery
C01662,2025-06-26,Late delivery
C01662,2025-08-28,Late delivery
C01662,2025-11-05,Stock-out
C01662,2026-02-28,Late delivery
C01662,2026-03-05,Stock-out
C01662,2026-05-16,Stock-out
C01662,2026-06-10,Stock-out
C01662,2026-07-15,Late delivery
C01662,2026-08-07,Stock-out
C01663,2025-04-15,Late delivery
C01663,2025-06-19,Late delivery
C01663,2025-08-15,Late delivery
C01663,2025-09-14,Stock-out
C01663,2025-10-07,Late delivery
C01663,2025-10-22,Late delivery
C01663,2026-01-13,Late delivery
C01663,2026-01-22,Stock-out
C01663,2026-04-09,Stock-out
C01663,2026-06-08,Stock-out
C01663,2026-09-09,Stock-out
C01663,2026-09-11,Late delivery
C01663,2026-09-21,Late delivery
C01665,2026-05-10,Late delivery
C01666,2025-01-04,Stock-out
C01666,2025-01-16,Stock-out
C01666,2025-03-16,Stock-out
C01666,2025-04-23,Stock-out
C01666,2026-06-27,Late delivery
C01666,2026-08-15,Product quality
C01668,2025-01-12,Stock-out
C01668,2025-12-13,Stock-out
C01669,2025-11-07,Late delivery
C01670,2025-01-09,Stock-out
C01670,2025-03-16,Stock-out
C01670,2025-04-24,Late delivery
C01670,2025-08-18,Stock-out
C01670,2025-10-19,Late delivery
C01670,2025-12-18,Stock-out
C01670,2026-09-20,Stock-out
C01671,2025-01-11,Late delivery
C01671,2025-01-27,Stock-out
C01672,2025-04-21,Late delivery
C01673,2026-08-03,Stock-out
C01675,2026-01-20,Late delivery
C01675,2026-06-03,Late delivery
C01677,2026-06-09,Stock-out
C01678,2025-02-14,Late delivery
C01678,2025-12-08,Stock-out
C01678,2026-05-10,Stock-out
C01678,2026-05-13,Stock-out
C01678,2026-06-15,Late delivery
C01679,2026-09-09,Late delivery
C01680,2025-07-10,Late delivery
C01680,2025-08-03,Late delivery
C01681,2025-01-16,Stock-out
C01681,2025-05-12,Late delivery
C01681,2025-05-23,Late delivery
C01681,2025-09-24,Late delivery
C01681,2026-02-06,Late delivery
C01681,2026-05-10,Stock-out
C01681,2026-05-18,Late delivery
C01682,2025-02-03,Late delivery
C01682,2025-02-18,Late delivery
C01682,2025-04-03,Stock-out
C01682,2025-07-23,Late delivery
C01683,2025-02-18,Stock-out
C01686,2025-02-24,Late delivery
C01686,2025-06-15,Stock-out
C01687,2025-09-21,Stock-out
C01688,2025-01-05,Late delivery
C01688,2025-01-07,Late delivery
C01688,2025-01-22,Late delivery
C01688,2025-02-14,Stock-out
C01689,2025-03-23,Late delivery
C01689,2025-08-05,Late delivery
C01689,2025-11-17,Stock-out
C01690,2026-03-12,Late delivery
C01692,2025-02-09,Stock-out
C01693,2026-01-09,Stock-out
C01693,2026-03-25,Stock-out
C01694,2026-03-25,Late delivery
C01696,2025-02-26,Late delivery
C01696,2025-09-18,Late delivery
C01697,2025-06-03,Stock-out
C01697,2025-08-03,Late delivery
C01697,2025-12-09,Stock-out
C01697,2026-02-13,Late delivery
C01697,2026-02-18,Stock-out
C01697,2026-05-21,Late delivery
C01697,2026-08-11,Late delivery
C01698,2025-01-19,Late delivery
C01698,2025-05-13,Late delivery
C01698,2025-05-27,Stock-out
C01698,2025-06-06,Late delivery
C01698,2025-06-26,Late delivery
C01698,2025-08-26,Late delivery
C01699,2025-04-27,Late delivery
C01699,2025-09-16,Late delivery
C01700,2025-01-03,Stock-out
C01700,2025-02-05,Late delivery
C01702,2025-06-20,Stock-out
C01702,2025-07-08,Late delivery
C01702,2025-09-16,Late delivery
C01702,2025-10-19,Late delivery
C01702,2026-04-18,Late delivery
C01703,2025-01-24,Late delivery
C01703,2025-01-25,Stock-out
C01704,2025-05-19,Late delivery
C01704,2025-09-27,Late delivery
C01705,2025-07-10,Stock-out
C01706,2026-07-05,Late delivery
C01707,2025-01-23,Late delivery
C01707,2025-02-20,Stock-out
C01707,2025-02-28,Stock-out
C01707,2025-05-05,Late delivery
C01707,2025-05-23,Late delivery
C01707,2025-08-21,Stock-out
C01707,2025-08-24,Late delivery
C01707,2025-09-20,Late delivery
C01707,2025-10-10,Late delivery
C01707,2025-10-11,Late delivery
C01707,2025-10-17,Stock-out
C01707,2026-03-19,Late delivery
C01710,2025-04-26,Late delivery
C01711,2025-03-26,Stock-out
C01712,2026-09-09,Stock-out
C01713,2025-08-27,Stock-out
C01713,2026-01-15,Pricing
C01713,2026-04-22,Stock-out
C01714,2026-01-21,Late delivery
C01714,2026-02-22,Late delivery
C01715,2025-01-04,Stock-out
C01715,2025-02-04,Late delivery
C01715,2025-02-06,Stock-out
C01715,2025-08-25,Late delivery
C01715,2025-12-20,Stock-out
C01715,2026-05-16,Stock-out
C01715,2026-06-06,Stock-out
C01716,2025-10-24,Late delivery
C01716,2026-03-15,Product quality
C01717,2025-03-20,Late delivery
C01717,2025-07-14,Late delivery
C01717,2025-09-06,Stock-out
C01717,2025-10-17,Late delivery
C01717,2026-02-19,Late delivery
C01717,2026-02-20,Stock-out
C01719,2026-05-26,Late delivery
C01719,2026-09-09,Late delivery
C01720,2025-02-03,Late delivery
C01720,2025-03-05,Late delivery
C01720,2025-07-14,Late delivery
C01720,2025-11-17,Stock-out
C01720,2025-11-23,Late delivery
C01720,2026-01-17,Late delivery
C01721,2025-01-05,Stock-out
C01721,2025-02-05,Stock-out
C01721,2025-04-19,Late delivery
C01722,2025-02-06,Stock-out
C01722,2025-02-09,Late delivery
C01722,2025-06-05,Late delivery
C01722,2025-07-21,Stock-out
C01722,2025-07-24,Late delivery
C01722,2025-09-17,Late delivery
C01722,2025-11-24,Late delivery
C01722,2025-12-20,Stock-out
C01722,2026-01-09,Stock-out
C01723,2025-02-19,Late delivery
C01723,2026-01-13,Stock-out
C01723,2026-04-12,Late delivery
C01724,2025-02-17,Stock-out
C01726,2025-04-28,Late delivery
C01726,2025-06-04,Stock-out
C01726,2025-10-20,Stock-out
C01726,2025-11-10,Late delivery
C01726,2025-11-22,Late delivery
C01726,2026-04-24,Late delivery
C01726,2026-05-15,Late delivery
C01726,2026-06-20,Stock-out
C01726,2026-06-27,Late delivery
C01726,2026-08-06,Stock-out
C01727,2025-03-27,Late delivery
C01727,2025-05-06,Late delivery
C01727,2025-07-03,Stock-out
C01727,2025-08-13,Stock-out
C01727,2025-09-08,Late delivery
C01727,2025-09-16,Stock-out
C01729,2025-08-03,Late delivery
C01729,2026-05-16,Late delivery
C01730,2025-04-28,Late delivery
C01730,2025-09-04,Late delivery
C01730,2025-11-07,Late delivery
C01730,2026-07-24,Late delivery
C01732,2025-11-12,Late delivery
C01732,2026-01-15,Product quality
C01732,2026-03-26,Stock-out
C01732,2026-08-22,Late delivery
C01734,2025-05-07,Late delivery
C01734,2025-05-17,Late delivery
C01734,2026-06-15,Late delivery
C01734,2026-08-08,Late delivery
C01735,2025-08-22,Stock-out
C01736,2025-01-24,Stock-out
C01737,2025-08-03,Stock-out
C01737,2025-10-04,Stock-out
C01737,2025-11-13,Late delivery
C01740,2025-08-16,Late delivery
C01740,2025-10-07,Stock-out
C01740,2025-11-22,Stock-out
C01740,2026-03-11,Late delivery
C01742,2025-02-04,Late delivery
C01742,2025-03-28,Late delivery
C01742,2025-08-17,Late delivery
C01743,2025-02-19,Stock-out
C01743,2025-10-19,Stock-out
C01743,2025-11-10,Late delivery
C01743,2025-11-25,Late delivery
C01743,2026-02-24,Late delivery
C01743,2026-04-15,Pricing
C01743,2026-09-28,Late delivery
C01744,2025-05-06,Stock-out
C01744,2025-11-07,Late delivery
C01745,2025-01-20,Stock-out
C01745,2025-01-20,Stock-out
C01745,2025-02-07,Late delivery
C01745,2025-04-23,Late delivery
C01745,2025-07-07,Late delivery
C01745,2025-07-21,Stock-out
C01745,2025-10-04,Late delivery
C01745,2025-12-14,Late delivery
C01745,2025-12-27,Late delivery
C01745,2026-01-10,Late delivery
C01745,2026-02-04,Late delivery
C01745,2026-05-10,Late delivery
C01745,2026-07-10,Stock-out
C01745,2026-07-15,Stock-out
C01745,2026-07-27,Late delivery
C01747,2026-01-17,Late delivery
C01747,2026-08-15,Stock-out
C01748,2025-03-07,Stock-out
C01748,2025-07-10,Stock-out
C01748,2025-09-14,Late delivery
C01748,2025-11-26,Late delivery
C01748,2026-01-11,Stock-out
C01748,2026-02-05,Late delivery
C01748,2026-03-25,Stock-out
C01748,2026-04-08,Stock-out
C01748,2026-06-13,Late delivery
C01750,2025-02-15,Product quality
C01750,2025-02-17,Stock-out
C01750,2025-04-06,Stock-out
C01750,2025-07-13,Late delivery
C01751,2025-01-27,Late delivery
C01751,2025-02-26,Late delivery
C01751,2025-05-22,Stock-out
C01751,2025-08-07,Late delivery
C01751,2026-08-20,Late delivery
C01752,2025-04-14,Late delivery
C01753,2025-01-06,Late delivery
C01753,2025-02-05,Late delivery
C01754,2026-07-26,Stock-out
C01756,2026-03-25,Late delivery
C01757,2025-01-13,Late delivery
C01757,2025-02-14,Late delivery
C01757,2025-03-12,Late delivery
C01757,2025-04-20,Late delivery
C01757,2025-05-17,Stock-out
C01757,2025-07-07,Late delivery
C01757,2025-11-24,Late delivery
C01757,2026-03-20,Stock-out
C01757,2026-05-05,Late delivery
C01758,2026-01-11,Late delivery
C01758,2026-04-15,Product quality
C01758,2026-07-27,Stock-out
C01759,2025-09-11,Late delivery
C01759,2025-11-05,Late delivery
C01759,2026-01-03,Late delivery
C01760,2025-04-15,Late delivery
C01761,2025-12-28,Stock-out
C01762,2025-08-17,Late delivery
C01762,2025-09-15,Product quality
C01762,2025-09-22,Stock-out
C01762,2026-02-18,Late delivery
C01762,2026-06-28,Stock-out
C01762,2026-07-15,Product quality
C01763,2025-10-15,Late delivery
C01764,2025-06-07,Late delivery
C01764,2026-06-06,Stock-out
C01765,2026-03-21,Late delivery
C01765,2026-05-17,Late delivery
C01765,2026-06-25,Late delivery
C01766,2025-03-27,Stock-out
C01766,2026-01-27,Stock-out
C01766,2026-05-28,Stock-out
C01766,2026-07-23,Stock-out
C01768,2025-10-26,Late delivery
C01768,2026-01-28,Stock-out
C01769,2025-04-18,Late delivery
C01769,2025-06-18,Late delivery
C01770,2025-05-25,Late delivery
C01770,2025-07-15,Product quality
C01771,2025-08-10,Late delivery
C01771,2025-09-15,Late delivery
C01771,2026-03-24,Stock-out
C01771,2026-04-06,Late delivery
C01771,2026-05-17,Late delivery
C01772,2026-03-14,Stock-out
C01772,2026-08-12,Late delivery
C01773,2025-04-28,Stock-out
C01773,2025-11-17,Stock-out
C01773,2026-04-20,Stock-out
C01775,2025-04-28,Stock-out
C01775,2025-09-27,Stock-out
C01775,2025-09-27,Late delivery
C01775,2026-05-06,Stock-out
C01775,2026-06-03,Late delivery
C01776,2025-01-09,Late delivery
C01776,2025-05-08,Stock-out
C01776,2025-06-05,Stock-out
C01777,2025-03-04,Late delivery
C01777,2025-05-27,Stock-out
C01777,2025-06-27,Late delivery
C01779,2025-01-28,Late delivery
C01781,2025-03-20,Stock-out
C01781,2025-04-22,Late delivery
C01781,2025-06-15,Pricing
C01782,2025-09-19,Stock-out
C01782,2025-11-26,Stock-out
C01782,2025-12-20,Late delivery
C01783,2025-02-28,Late delivery
C01783,2025-03-10,Stock-out
C01783,2025-04-09,Stock-out
C01783,2025-04-12,Late delivery
C01783,2025-08-28,Late delivery
C01783,2025-11-28,Late delivery
C01783,2026-02-25,Late delivery
C01783,2026-05-16,Late delivery
C01783,2026-05-18,Late delivery
C01784,2025-01-11,Late delivery
C01784,2025-01-12,Late delivery
C01784,2025-03-16,Late delivery
C01784,2025-05-25,Late delivery
C01784,2025-06-12,Late delivery
C01785,2026-07-15,Pricing
C01786,2025-04-06,Late delivery
C01786,2025-04-27,Stock-out
C01786,2025-09-03,Late delivery
C01786,2025-09-28,Late delivery
C01787,2025-06-19,Stock-out
C01787,2025-07-10,Stock-out
C01789,2025-08-12,Late delivery
C01789,2025-09-20,Late delivery
C01789,2025-12-06,Late delivery
C01789,2026-04-07,Late delivery
C01789,2026-08-04,Late delivery
C01790,2025-02-28,Stock-out
C01790,2025-03-18,Late delivery
C01791,2025-02-07,Stock-out
C01791,2025-08-09,Late delivery
C01791,2025-10-04,Late delivery
C01791,2025-12-15,Late delivery
C01791,2026-04-05,Stock-out
C01791,2026-06-13,Stock-out
C01791,2026-07-20,Late delivery
C01792,2025-02-25,Stock-out
C01794,2025-02-07,Late delivery
C01794,2025-03-25,Late delivery
C01795,2026-05-14,Late delivery
C01795,2026-08-17,Late delivery
C01795,2026-08-21,Late delivery
C01796,2025-08-23,Stock-out
C01796,2025-09-08,Late delivery
C01796,2025-09-10,Stock-out
C01796,2025-11-13,Late delivery
C01796,2025-11-23,Late delivery
C01797,2026-01-18,Late delivery
C01798,2025-09-17,Late delivery
C01798,2026-03-07,Stock-out
C01798,2026-09-23,Stock-out
C01798,2026-09-24,Stock-out
C01799,2025-02-12,Stock-out
C01799,2025-04-17,Late delivery
C01799,2025-08-21,Late delivery
C01799,2025-10-28,Late delivery
C01801,2025-03-24,Late delivery
C01801,2025-09-25,Late delivery
C01801,2026-01-07,Late delivery
C01802,2025-12-09,Late delivery
C01802,2026-02-22,Late delivery
C01802,2026-02-26,Late delivery
C01802,2026-03-11,Late delivery
C01802,2026-08-23,Late delivery
C01802,2026-08-24,Stock-out
C01802,2026-09-28,Stock-out
C01804,2025-01-03,Stock-out
C01804,2025-01-23,Stock-out
C01805,2025-01-21,Late delivery
C01805,2025-06-12,Late delivery
C01805,2025-07-28,Late delivery
C01805,2026-01-11,Late delivery
C01805,2026-01-15,Product quality
C01806,2025-10-17,Late delivery
C01807,2025-04-03,Late delivery
C01807,2025-05-28,Late delivery
C01807,2025-08-10,Late delivery
C01807,2025-11-07,Late delivery
C01808,2025-01-20,Late delivery
C01808,2025-01-25,Late delivery
C01808,2025-07-15,Late delivery
C01808,2025-08-18,Late delivery
C01808,2026-06-03,Late delivery
C01808,2026-06-19,Stock-out
C01808,2026-08-04,Late delivery
C01808,2026-08-06,Late delivery
C01809,2026-01-22,Stock-out
C01809,2026-02-19,Late delivery
C01810,2025-02-19,Late delivery
C01811,2025-01-14,Late delivery
C01811,2025-04-22,Late delivery
C01811,2025-06-11,Late delivery
C01811,2025-06-17,Late delivery
C01811,2025-07-12,Stock-out
C01811,2025-07-26,Stock-out
C01811,2025-09-17,Late delivery
C01811,2025-11-16,Stock-out
C01811,2025-11-26,Late delivery
C01811,2025-12-05,Late delivery
C01811,2025-12-06,Late delivery
C01811,2025-12-13,Late delivery
C01811,2025-12-23,Stock-out
C01811,2026-01-09,Late delivery
C01811,2026-02-16,Stock-out
C01811,2026-04-28,Late delivery
C01812,2025-02-15,Late delivery
C01812,2025-10-24,Late delivery
C01812,2025-10-24,Late delivery
C01812,2025-12-09,Late delivery
C01812,2026-05-28,Late delivery
C01812,2026-09-05,Late delivery
C01813,2025-10-04,Late delivery
C01813,2025-10-22,Late delivery
C01814,2026-08-27,Late delivery
C01815,2025-02-10,Stock-out
C01815,2026-03-11,Late delivery
C01815,2026-08-14,Late delivery
C01817,2025-03-12,Late delivery
C01817,2025-04-19,Late delivery
C01817,2025-08-13,Stock-out
C01817,2025-12-12,Stock-out
C01817,2026-04-06,Late delivery
C01817,2026-05-28,Late delivery
C01817,2026-09-05,Late delivery
C01818,2025-01-22,Late delivery
C01818,2025-01-28,Stock-out
C01818,2025-02-07,Late delivery
C01818,2025-06-10,Late delivery
C01818,2026-04-15,Product quality
C01818,2026-05-27,Stock-out
C01818,2026-06-28,Stock-out
C01819,2025-03-19,Stock-out
C01819,2025-08-08,Stock-out
C01819,2026-03-24,Late delivery
C01819,2026-05-27,Stock-out
C01820,2026-04-10,Late delivery
C01821,2026-05-22,Late delivery
C01821,2026-08-13,Stock-out
C01822,2025-04-26,Stock-out
C01822,2025-10-18,Late delivery
C01822,2025-12-24,Late delivery
C01823,2026-02-22,Late delivery
C01824,2026-04-09,Stock-out
C01824,2026-05-06,Stock-out
C01825,2025-11-23,Stock-out
C01825,2025-12-27,Late delivery
C01826,2026-04-21,Late delivery
C01827,2025-05-11,Late delivery
C01827,2025-08-08,Late delivery
C01827,2025-08-11,Late delivery
C01827,2025-09-19,Stock-out
C01827,2025-09-24,Late delivery
C01827,2025-11-08,Stock-out
C01827,2026-03-05,Stock-out
C01827,2026-03-09,Late delivery
C01827,2026-04-05,Late delivery
C01827,2026-04-27,Late delivery
C01827,2026-04-28,Late delivery
C01827,2026-09-27,Stock-out
C01830,2025-05-06,Late delivery
C01830,2026-03-28,Late delivery
C01832,2025-03-26,Stock-out
C01833,2025-08-08,Late delivery
C01833,2025-10-17,Late delivery
C01833,2025-11-15,Stock-out
C01833,2025-12-03,Stock-out
C01833,2026-01-10,Stock-out
C01833,2026-03-05,Late delivery
C01834,2025-03-10,Late delivery
C01834,2025-06-13,Late delivery
C01835,2025-07-26,Late delivery
C01835,2026-06-27,Stock-out
C01836,2026-04-18,Late delivery
C01837,2025-01-26,Late delivery
C01838,2025-04-15,Product quality
C01839,2025-02-12,Late delivery
C01839,2025-03-24,Late delivery
C01839,2025-09-10,Late delivery
C01839,2025-09-18,Late delivery
C01839,2025-12-03,Late delivery
C01839,2026-01-16,Late delivery
C01839,2026-02-10,Late delivery
C01839,2026-03-12,Late delivery
C01839,2026-06-27,Late delivery
C01839,2026-07-14,Late delivery
C01839,2026-09-15,Stock-out
C01840,2026-04-11,Late delivery
C01841,2025-02-27,Stock-out
C01841,2025-03-20,Late delivery
C01841,2025-08-15,Late delivery
C01841,2025-12-07,Stock-out
C01841,2026-03-14,Stock-out
C01841,2026-03-14,Late delivery
C01841,2026-03-17,Late delivery
C01842,2025-03-16,Stock-out
C01842,2025-06-11,Stock-out
C01842,2025-07-19,Late delivery
C01845,2025-02-25,Stock-out
C01845,2025-08-06,Late delivery
C01845,2026-03-27,Stock-out
C01846,2025-04-04,Late delivery
C01846,2025-05-10,Late delivery
C01846,2025-07-10,Late delivery
C01846,2025-08-12,Late delivery
C01846,2025-09-10,Late delivery
C01847,2025-03-27,Late delivery
C01847,2025-07-06,Late delivery
C01848,2025-01-20,Stock-out
C01849,2025-02-17,Late delivery
C01849,2025-02-26,Late delivery
C01849,2025-03-26,Late delivery
C01849,2025-05-08,Late delivery
C01849,2025-07-10,Late delivery
C01849,2025-09-04,Late delivery
C01849,2025-09-14,Stock-out
C01849,2025-10-25,Late delivery
C01850,2025-07-09,Stock-out
C01852,2025-08-14,Stock-out
C01852,2025-09-24,Stock-out
C01852,2026-05-15,Pricing
C01853,2025-02-13,Late delivery
C01853,2025-02-14,Stock-out
C01853,2025-03-26,Late delivery
C01853,2025-05-26,Late delivery
C01853,2025-06-16,Stock-out
C01853,2025-07-04,Late delivery
C01853,2025-07-13,Stock-out
C01853,2025-08-27,Stock-out
C01853,2025-12-04,Stock-out
C01853,2026-01-26,Stock-out
C01854,2025-01-10,Late delivery
C01854,2025-06-06,Late delivery
C01854,2025-08-15,Stock-out
C01854,2026-03-08,Late delivery
C01854,2026-07-20,Late delivery
C01855,2025-07-25,Late delivery
C01855,2026-04-18,Stock-out
C01856,2025-12-05,Late delivery
C01856,2026-01-04,Late delivery
C01856,2026-03-27,Stock-out
C01857,2025-11-19,Stock-out
C01857,2026-09-05,Stock-out
C01859,2026-08-24,Stock-out
C01860,2025-07-13,Late delivery
C01860,2025-08-15,Stock-out
C01860,2025-08-28,Late delivery
C01861,2026-03-04,Late delivery
C01862,2026-02-03,Late delivery
C01862,2026-02-09,Late delivery
C01863,2025-01-07,Stock-out
C01863,2025-01-15,Stock-out
C01863,2025-01-22,Late delivery
C01863,2025-02-06,Stock-out
C01863,2025-03-25,Late delivery
C01863,2025-05-23,Stock-out
C01863,2025-06-18,Late delivery
C01863,2025-06-21,Late delivery
C01863,2025-07-28,Late delivery
C01864,2025-12-15,Product quality
C01865,2025-06-08,Late delivery
C01865,2026-05-23,Late delivery
C01866,2025-09-15,Late delivery
C01866,2025-12-17,Stock-out
C01866,2026-03-14,Stock-out
C01866,2026-06-24,Late delivery
C01868,2025-09-12,Late delivery
C01868,2025-09-28,Stock-out
C01868,2025-10-17,Late delivery
C01868,2025-11-16,Late delivery
C01868,2025-11-27,Late delivery
C01868,2025-12-11,Stock-out
C01868,2025-12-19,Late delivery
C01868,2026-01-28,Stock-out
C01868,2026-02-18,Late delivery
C01868,2026-03-04,Late delivery
C01868,2026-03-14,Late delivery
C01868,2026-04-03,Stock-out
C01868,2026-04-09,Stock-out
C01868,2026-05-13,Late delivery
C01868,2026-05-23,Late delivery
C01868,2026-06-14,Stock-out
C01868,2026-06-25,Late delivery
C01868,2026-06-26,Late delivery
C01868,2026-06-26,Late delivery
C01868,2026-07-28,Stock-out
C01868,2026-08-05,Late delivery
C01868,2026-08-08,Late delivery
C01868,2026-08-18,Late delivery
C01868,2026-09-19,Late delivery
C01869,2025-01-25,Late delivery
C01869,2025-04-12,Late delivery
C01869,2025-11-24,Late delivery
C01869,2026-01-24,Stock-out
C01869,2026-02-07,Late delivery
C01869,2026-04-28,Late delivery
C01870,2025-05-07,Stock-out
C01870,2025-08-22,Late delivery
C01870,2025-09-15,Product quality
C01870,2026-03-14,Stock-out
C01871,2026-08-10,Stock-out
C01873,2025-07-23,Late delivery
C01873,2025-10-14,Late delivery
C01874,2025-11-03,Stock-out
C01878,2026-05-10,Stock-out
C01879,2025-03-15,Late delivery
C01879,2025-04-06,Late delivery
C01879,2025-05-09,Late delivery
C01879,2025-05-11,Stock-out
C01879,2025-08-25,Late delivery
C01879,2025-09-20,Late delivery
C01879,2025-11-24,Late delivery
C01879,2026-01-11,Late delivery
C01879,2026-05-09,Late delivery
C01879,2026-06-25,Late delivery
C01879,2026-07-03,Late delivery
C01879,2026-09-06,Late delivery
C01879,2026-09-06,Late delivery
C01880,2025-01-28,Stock-out
C01880,2025-01-28,Late delivery
C01880,2025-03-12,Late delivery
C01880,2025-04-09,Late delivery
C01880,2025-05-13,Late delivery
C01880,2025-05-28,Late delivery
C01880,2026-02-06,Stock-out
C01880,2026-04-12,Stock-out
C01880,2026-06-08,Late delivery
C01880,2026-06-15,Product quality
C01882,2025-08-07,Stock-out
C01883,2025-02-25,Late delivery
C01884,2025-04-25,Late delivery
C01884,2025-06-12,Stock-out
C01884,2025-07-12,Late delivery
C01885,2025-06-18,Late delivery
C01885,2025-09-12,Late delivery
C01885,2026-02-03,Stock-out
C01885,2026-03-24,Late delivery
C01885,2026-06-11,Late delivery
C01885,2026-08-26,Late delivery
C01888,2025-07-15,Product quality
C01888,2025-07-21,Late delivery
C01889,2026-06-15,Late delivery
C01890,2025-06-26,Stock-out
C01890,2026-05-09,Late delivery
C01890,2026-07-23,Stock-out
C01890,2026-08-23,Late delivery
C01891,2025-11-28,Stock-out
C01893,2025-11-05,Stock-out
C01893,2025-11-28,Late delivery
C01893,2026-02-18,Late delivery
C01893,2026-04-05,Late delivery
C01894,2025-03-08,Late delivery
C01894,2025-04-08,Late delivery
C01894,2026-05-15,Product quality
C01894,2026-06-16,Late delivery
C01894,2026-07-11,Late delivery
C01895,2025-01-28,Late delivery
C01895,2025-02-24,Late delivery
C01896,2025-11-03,Late delivery
C01896,2026-01-26,Stock-out
C01896,2026-02-07,Late delivery
C01896,2026-04-27,Stock-out
C01896,2026-08-21,Late delivery
C01896,2026-09-25,Late delivery
C01897,2025-02-15,Product quality
C01898,2025-01-13,Late delivery
C01898,2025-01-28,Late delivery
C01898,2025-02-04,Stock-out
C01898,2025-02-10,Late delivery
C01898,2025-02-28,Late delivery
C01898,2025-03-21,Stock-out
C01898,2025-05-15,Late delivery
C01898,2025-06-25,Late delivery
C01898,2025-06-28,Late delivery
C01898,2025-07-23,Stock-out
C01898,2025-08-04,Late delivery
C01898,2025-08-05,Stock-out
C01898,2025-08-27,Late delivery
C01900,2025-05-24,Late delivery
C01900,2025-06-24,Stock-out
C01900,2025-07-26,Stock-out
C01900,2025-10-08,Stock-out
C01901,2025-05-21,Late delivery
C01901,2025-07-05,Late delivery
C01901,2025-10-15,Product quality
C01902,2025-05-06,Stock-out
C01902,2025-10-04,Stock-out
C01904,2025-10-24,Late delivery
C01904,2025-10-26,Late delivery
C01904,2025-11-15,Late delivery
C01904,2026-02-25,Late delivery
C01904,2026-03-06,Late delivery
C01904,2026-03-22,Late delivery
C01905,2025-10-18,Stock-out
C01905,2026-01-25,Late delivery
C01905,2026-07-28,Stock-out
C01906,2025-09-04,Late delivery
C01907,2025-01-09,Late delivery
C01907,2025-03-08,Late delivery
C01907,2025-11-03,Late delivery
C01907,2025-12-22,Late delivery
C01907,2026-01-03,Late delivery
C01907,2026-01-23,Stock-out
C01907,2026-05-15,Stock-out
C01907,2026-06-18,Stock-out
C01907,2026-08-19,Stock-out
C01907,2026-09-08,Late delivery
C01908,2025-02-05,Late delivery
C01908,2025-02-18,Late delivery
C01908,2025-02-25,Stock-out
C01908,2025-02-26,Stock-out
C01908,2025-03-18,Stock-out
C01908,2025-04-22,Late delivery
C01908,2025-04-27,Stock-out
C01908,2025-05-07,Late delivery
C01908,2025-05-11,Late delivery
C01908,2025-05-22,Late delivery
C01908,2025-08-23,Late delivery
C01908,2025-08-28,Late delivery
C01908,2025-09-21,Stock-out
C01908,2025-10-22,Stock-out
C01908,2025-10-27,Late delivery
C01908,2025-11-05,Late delivery
C01908,2025-11-09,Late delivery
C01908,2026-01-26,Stock-out
C01908,2026-02-19,Stock-out
C01908,2026-05-03,Late delivery
C01908,2026-07-28,Late delivery
C01908,2026-09-05,Late delivery
C01909,2025-08-17,Late delivery
C01910,2025-01-10,Stock-out
C01910,2025-01-13,Late delivery
C01910,2025-01-22,Stock-out
C01910,2025-07-14,Late delivery
C01912,2026-02-28,Late delivery
C01913,2025-10-22,Stock-out
C01913,2025-12-22,Late delivery
C01913,2026-06-07,Late delivery
C01914,2025-01-26,Late delivery
C01914,2026-08-14,Late delivery
C01915,2025-03-25,Stock-out
C01915,2025-04-04,Stock-out
C01916,2025-02-15,Late delivery
C01918,2025-02-10,Late delivery
C01918,2025-10-21,Late delivery
C01918,2025-11-18,Late delivery
C01918,2026-01-15,Late delivery
C01921,2025-11-11,Stock-out
C01922,2025-08-25,Late delivery
C01925,2025-01-09,Late delivery
C01925,2025-06-16,Late delivery
C01925,2025-08-09,Stock-out
C01925,2025-11-11,Late delivery
C01925,2025-11-25,Stock-out
C01925,2026-05-11,Late delivery
C01925,2026-07-22,Late delivery
C01926,2025-08-15,Late delivery
C01926,2026-02-07,Late delivery
C01926,2026-02-09,Late delivery
C01926,2026-02-17,Late delivery
C01926,2026-04-28,Late delivery
C01926,2026-05-23,Late delivery
C01927,2025-08-05,Stock-out
C01927,2025-08-16,Late delivery
C01927,2026-08-04,Stock-out
C01928,2026-02-11,Stock-out
C01928,2026-07-21,Late delivery
C01929,2025-01-18,Late delivery
C01929,2025-01-19,Stock-out
C01929,2025-01-20,Late delivery
C01929,2025-02-20,Stock-out
C01929,2025-03-12,Late delivery
C01929,2025-06-27,Late delivery
C01929,2025-07-11,Stock-out
C01929,2025-07-13,Late delivery
C01929,2025-09-21,Stock-out
C01929,2025-10-11,Stock-out
C01929,2025-10-13,Stock-out
C01929,2025-12-09,Stock-out
C01929,2025-12-22,Late delivery
C01929,2026-02-03,Stock-out
C01929,2026-04-06,Stock-out
C01929,2026-04-17,Late delivery
C01929,2026-04-18,Late delivery
C01929,2026-07-10,Late delivery
C01929,2026-08-24,Late delivery
C01930,2025-07-15,Stock-out
C01930,2026-09-08,Late delivery
C01933,2025-08-10,Late delivery
C01933,2025-08-25,Stock-out
C01933,2025-09-20,Stock-out
C01933,2026-01-26,Stock-out
C01933,2026-03-25,Late delivery
C01933,2026-08-15,Pricing
C01933,2026-09-03,Stock-out
C01934,2026-01-15,Stock-out
C01934,2026-05-15,Stock-out
C01935,2025-05-28,Late delivery
C01935,2025-07-04,Late delivery
C01935,2025-09-20,Late delivery
C01936,2026-01-09,Late delivery
C01936,2026-05-15,Stock-out
C01936,2026-06-27,Late delivery
C01937,2025-07-06,Late delivery
C01937,2025-07-15,Late delivery
C01937,2025-11-03,Stock-out
C01937,2026-01-17,Late delivery
C01937,2026-06-24,Stock-out
C01939,2025-03-07,Late delivery
C01939,2025-03-15,Late delivery
C01939,2025-03-18,Late delivery
C01940,2025-01-06,Late delivery
C01940,2025-01-08,Late delivery
C01940,2025-01-15,Product quality
C01940,2025-02-03,Late delivery
C01940,2025-03-19,Late delivery
C01940,2025-03-22,Late delivery
C01940,2025-04-17,Late delivery
C01940,2025-08-20,Late delivery
C01940,2025-11-04,Stock-out
C01940,2025-12-03,Late delivery
C01940,2026-01-08,Late delivery
C01940,2026-02-15,Product quality
C01940,2026-03-24,Late delivery
C01940,2026-05-08,Late delivery
C01940,2026-05-28,Late delivery
C01940,2026-07-28,Late delivery
C01940,2026-08-27,Stock-out
C01941,2025-03-15,Product quality
C01942,2025-03-07,Late delivery
C01942,2025-03-15,Pricing
C01942,2025-03-23,Late delivery
C01942,2025-05-10,Late delivery
C01942,2025-07-28,Stock-out
C01943,2025-03-23,Late delivery
C01943,2025-07-08,Late delivery
C01944,2025-04-23,Stock-out
C01944,2025-07-03,Late delivery
C01944,2025-12-03,Late delivery
C01944,2025-12-26,Stock-out
C01944,2026-02-23,Late delivery
C01945,2025-01-16,Late delivery
C01945,2025-06-13,Late delivery
C01945,2025-06-19,Late delivery
C01945,2025-10-28,Stock-out
C01946,2025-04-26,Late delivery
C01946,2025-05-09,Stock-out
C01946,2025-10-26,Stock-out
C01946,2026-09-16,Late delivery
C01947,2025-12-28,Late delivery
C01948,2025-04-03,Late delivery
C01949,2025-02-28,Late delivery
C01949,2025-09-16,Stock-out
C01949,2026-01-18,Stock-out
C01949,2026-02-18,Stock-out
C01950,2025-10-04,Late delivery
C01950,2026-01-28,Late delivery
C01950,2026-04-23,Late delivery
C01951,2025-11-23,Stock-out
C01951,2026-08-15,Pricing
C01952,2026-09-28,Stock-out
C01953,2025-12-22,Late delivery
C01953,2026-03-15,Product quality
C01954,2025-01-10,Stock-out
C01954,2025-06-05,Late delivery
C01954,2025-07-26,Stock-out
C01954,2025-09-17,Late delivery
C01954,2025-12-17,Stock-out
C01954,2026-03-04,Late delivery
C01954,2026-03-06,Late delivery
C01954,2026-06-11,Late delivery
C01954,2026-06-19,Late delivery
C01955,2025-11-15,Late delivery
C01955,2025-11-15,Stock-out
C01955,2026-09-04,Stock-out
C01955,2026-09-09,Stock-out
C01956,2025-11-13,Stock-out
C01956,2026-04-13,Stock-out
C01957,2025-12-20,Late delivery
C01957,2026-01-12,Late delivery
C01957,2026-04-06,Stock-out
C01958,2025-04-11,Late delivery
C01959,2025-01-25,Stock-out
C01959,2025-02-11,Late delivery
C01959,2025-05-18,Stock-out
C01959,2025-05-20,Stock-out
C01959,2025-05-27,Late delivery
C01959,2025-12-04,Late delivery
C01959,2026-03-26,Stock-out
C01959,2026-06-07,Late delivery
C01960,2025-01-19,Late delivery
C01960,2025-01-28,Stock-out
C01960,2025-04-03,Late delivery
C01960,2025-11-08,Stock-out
C01960,2025-11-27,Late delivery
C01960,2026-04-12,Late delivery
C01960,2026-04-21,Stock-out
C01960,2026-06-19,Late delivery
C01960,2026-08-19,Late delivery
C01960,2026-08-27,Late delivery
C01962,2025-03-06,Late delivery
C01962,2025-03-28,Stock-out
C01963,2025-03-27,Stock-out
C01964,2025-07-15,Product quality
C01966,2025-02-07,Late delivery
C01966,2025-08-16,Stock-out
C01966,2025-10-19,Late delivery
C01966,2026-06-25,Late delivery
C01966,2026-07-20,Late delivery
C01966,2026-08-21,Stock-out
C01967,2026-07-15,Stock-out
C01969,2025-06-15,Pricing
C01970,2026-02-23,Late delivery
C01970,2026-03-24,Stock-out
C01971,2025-07-22,Late delivery
C01971,2025-10-22,Stock-out
C01971,2026-03-05,Stock-out
C01971,2026-06-28,Stock-out
C01972,2025-01-10,Stock-out
C01972,2025-01-17,Late delivery
C01972,2025-02-05,Late delivery
C01972,2025-04-11,Late delivery
C01972,2025-06-10,Late delivery
C01972,2025-06-12,Stock-out
C01972,2025-07-17,Stock-out
C01972,2025-12-12,Stock-out
C01972,2026-03-12,Late delivery
C01972,2026-08-11,Late delivery
C01972,2026-08-14,Stock-out
C01972,2026-09-07,Late delivery
C01973,2025-02-18,Stock-out
C01973,2025-06-05,Late delivery
C01973,2025-07-15,Stock-out
C01973,2025-08-28,Late delivery
C01973,2025-09-18,Stock-out
C01974,2025-01-03,Late delivery
C01974,2025-09-04,Stock-out
C01974,2026-01-28,Late delivery
C01975,2025-05-22,Late delivery
C01975,2025-07-17,Late delivery
C01975,2025-07-28,Stock-out
C01975,2026-01-03,Late delivery
C01975,2026-03-28,Late delivery
C01975,2026-06-06,Late delivery
C01975,2026-06-26,Late delivery
C01976,2025-04-07,Late delivery
C01976,2025-05-15,Product quality
C01976,2025-10-18,Stock-out
C01977,2025-02-28,Late delivery
C01977,2025-03-07,Late delivery
C01977,2025-03-19,Late delivery
C01977,2025-04-08,Late delivery
C01977,2025-04-26,Late delivery
C01977,2025-06-06,Late delivery
C01977,2025-06-10,Late delivery
C01977,2025-09-07,Late delivery
C01977,2025-11-25,Late delivery
C01977,2026-01-05,Late delivery
C01977,2026-03-04,Late delivery
C01977,2026-03-21,Stock-out
C01977,2026-04-07,Stock-out
C01978,2026-02-09,Late delivery
C01979,2025-01-18,Late delivery
C01979,2025-02-20,Late delivery
C01979,2025-12-05,Late delivery
C01979,2025-12-20,Stock-out
C01979,2026-01-09,Late delivery
C01979,2026-01-24,Stock-out
C01979,2026-03-18,Stock-out
C01979,2026-03-19,Late delivery
C01981,2025-01-05,Stock-out
C01981,2025-04-11,Late delivery
C01981,2025-06-25,Stock-out
C01981,2025-10-15,Stock-out
C01985,2025-01-11,Stock-out
C01986,2025-04-10,Late delivery
C01986,2025-10-15,Product quality
C01987,2026-07-06,Late delivery
C01989,2025-05-11,Stock-out
C01990,2025-05-13,Stock-out
C01990,2025-07-15,Product quality
C01991,2025-02-23,Late delivery
C01991,2025-05-07,Late delivery
C01991,2025-07-09,Late delivery
C01991,2025-07-18,Late delivery
C01991,2025-10-25,Late delivery
C01991,2026-02-20,Late delivery
C01991,2026-03-28,Late delivery
C01991,2026-05-16,Late delivery
C01993,2025-08-10,Late delivery
C01993,2025-12-05,Stock-out
C01993,2025-12-07,Late delivery
C01993,2025-12-11,Late delivery
C01993,2026-01-28,Late delivery
C01993,2026-02-03,Stock-out
C01993,2026-02-21,Late delivery
C01993,2026-03-25,Late delivery
C01993,2026-06-08,Stock-out
C01993,2026-08-03,Late delivery
C01993,2026-08-06,Late delivery
C01993,2026-08-14,Stock-out
C01993,2026-09-05,Late delivery
C01993,2026-09-05,Stock-out
C01995,2025-01-03,Late delivery
C01995,2025-01-28,Late delivery
C01995,2025-02-04,Late delivery
C01995,2025-04-09,Stock-out
C01996,2025-10-15,Late delivery
C01997,2026-02-19,Stock-out
C01997,2026-05-08,Stock-out
C01999,2025-01-11,Late delivery
C01999,2025-03-23,Late delivery
C02001,2026-07-27,Late delivery
C02001,2026-09-14,Late delivery
C02002,2025-02-19,Stock-out
C02002,2025-03-03,Late delivery
C02002,2025-09-10,Stock-out
C02002,2025-09-21,Late delivery
C02002,2025-10-16,Stock-out
C02002,2026-02-15,Stock-out
C02002,2026-03-16,Stock-out
C02002,2026-05-09,Late delivery
C02002,2026-07-21,Stock-out
C02003,2025-09-17,Late delivery
C02003,2025-12-19,Late delivery
C02004,2025-01-25,Late delivery
C02004,2025-04-11,Stock-out
C02004,2025-05-16,Late delivery
C02004,2025-06-07,Late delivery
C02004,2025-06-28,Late delivery
C02004,2026-01-15,Pricing
C02004,2026-08-17,Late delivery
C02005,2026-02-15,Pricing
C02005,2026-03-22,Stock-out
C02005,2026-04-15,Late delivery
C02006,2025-12-24,Stock-out
C02006,2026-01-07,Stock-out
C02006,2026-04-14,Late delivery
C02006,2026-05-17,Stock-out
C02006,2026-08-11,Late delivery
C02006,2026-09-28,Late delivery
C02007,2025-07-09,Late delivery
C02009,2025-03-25,Stock-out
C02009,2025-04-28,Stock-out
C02009,2025-09-15,Product quality
C02010,2025-06-07,Late delivery
C02010,2026-02-09,Late delivery
C02010,2026-03-28,Late delivery
C02010,2026-04-28,Late delivery
C02010,2026-05-10,Stock-out
C02010,2026-07-05,Late delivery
C02011,2025-08-28,Late delivery
C02011,2025-09-13,Late delivery
C02011,2026-04-23,Late delivery
C02012,2025-09-16,Late delivery
C02012,2026-01-09,Stock-out
C02013,2025-07-22,Stock-out
C02013,2026-03-13,Stock-out
C02013,2026-03-24,Late delivery
C02017,2025-09-27,Stock-out
C02018,2025-03-20,Stock-out
C02018,2025-06-20,Late delivery
C02019,2025-12-21,Late delivery
C02019,2026-01-26,Late delivery
C02019,2026-05-15,Stock-out
C02020,2025-04-26,Late delivery
C02020,2025-10-06,Stock-out
C02020,2026-07-15,Pricing
C02022,2025-01-07,Stock-out
C02022,2025-02-23,Stock-out
C02022,2025-03-11,Late delivery
C02022,2025-05-27,Stock-out
C02022,2025-06-17,Stock-out
C02022,2025-07-17,Late delivery
C02022,2025-08-14,Late delivery
C02023,2025-12-26,Late delivery
C02023,2026-02-06,Late delivery
C02023,2026-03-09,Late delivery
C02023,2026-05-06,Stock-out
C02023,2026-06-08,Stock-out
C02023,2026-06-13,Late delivery
C02023,2026-07-21,Late delivery
C02023,2026-08-25,Stock-out
C02024,2025-01-03,Late delivery
C02025,2025-11-25,Stock-out
C02025,2026-01-16,Late delivery
C02025,2026-02-15,Product quality
C02025,2026-04-27,Late delivery
C02025,2026-07-09,Late delivery
C02025,2026-08-04,Late delivery
C02025,2026-09-03,Stock-out
C02027,2025-10-17,Stock-out
C02029,2025-02-15,Pricing
C02029,2025-05-25,Late delivery
C02029,2025-06-11,Stock-out
C02029,2026-02-03,Late delivery
C02030,2025-08-11,Stock-out
C02030,2025-11-21,Late delivery
C02030,2025-12-03,Stock-out
C02031,2025-08-05,Stock-out
C02031,2026-05-05,Stock-out
C02033,2025-07-08,Late delivery
C02033,2025-07-28,Late delivery
C02033,2025-08-28,Stock-out
C02033,2025-09-08,Late delivery
C02033,2025-09-08,Stock-out
C02033,2025-11-23,Late delivery
C02033,2025-11-28,Late delivery
C02033,2025-12-18,Late delivery
C02033,2026-01-03,Late delivery
C02033,2026-01-05,Late delivery
C02034,2025-04-15,Late delivery
C02034,2025-04-19,Stock-out
C02035,2025-03-17,Stock-out
C02035,2025-04-16,Stock-out
C02035,2025-07-20,Stock-out
C02035,2025-12-27,Late delivery
C02036,2025-01-04,Late delivery
C02036,2026-01-05,Late delivery
C02036,2026-06-28,Late delivery
C02037,2025-01-28,Late delivery
C02037,2025-03-28,Late delivery
C02037,2025-05-14,Stock-out
C02039,2026-09-27,Late delivery
C02040,2025-01-14,Stock-out
C02040,2025-01-16,Stock-out
C02040,2025-01-21,Stock-out
C02040,2025-01-28,Late delivery
C02040,2025-04-05,Stock-out
C02040,2025-04-28,Late delivery
C02040,2025-08-16,Late delivery
C02040,2025-08-17,Late delivery
C02040,2025-08-26,Stock-out
C02040,2025-09-06,Stock-out
C02040,2025-10-07,Late delivery
C02040,2025-12-26,Late delivery
C02040,2026-01-03,Late delivery
C02040,2026-01-22,Late delivery
C02040,2026-02-18,Late delivery
C02040,2026-03-10,Late delivery
C02040,2026-04-26,Late delivery
C02040,2026-05-21,Stock-out
C02040,2026-07-08,Late delivery
C02040,2026-07-12,Late delivery
C02040,2026-07-12,Stock-out
C02040,2026-07-16,Stock-out
C02040,2026-07-27,Late delivery
C02042,2025-03-23,Late delivery
C02042,2025-08-14,Stock-out
C02042,2026-02-28,Late delivery
C02042,2026-04-04,Stock-out
C02042,2026-07-20,Stock-out
C02043,2025-05-09,Late delivery
C02043,2026-07-28,Late delivery
C02045,2025-06-07,Late delivery
C02045,2025-11-21,Stock-out
C02045,2026-09-15,Product quality
C02046,2025-02-19,Late delivery
C02046,2025-08-14,Stock-out
C02047,2025-05-05,Late delivery
C02047,2025-06-07,Late delivery
C02047,2025-06-10,Late delivery
C02047,2025-08-22,Stock-out
C02047,2025-12-14,Late delivery
C02047,2026-06-28,Late delivery
C02048,2025-11-19,Stock-out
C02048,2026-07-18,Stock-out
C02049,2025-01-11,Late delivery
C02049,2025-02-27,Stock-out
C02049,2025-03-19,Late delivery
C02050,2025-02-06,Late delivery
C02050,2025-06-28,Late delivery
C02052,2025-04-06,Late delivery
C02052,2025-09-05,Stock-out
C02052,2026-03-12,Late delivery
C02053,2026-03-28,Late delivery
C02053,2026-04-07,Stock-out
C02053,2026-04-14,Late delivery
C02053,2026-06-21,Stock-out
C02053,2026-07-09,Stock-out
C02053,2026-08-15,Stock-out
C02054,2025-12-18,Late delivery
C02054,2026-08-26,Stock-out
C02056,2025-02-08,Stock-out
C02057,2025-01-23,Late delivery
C02057,2025-06-05,Late delivery
C02058,2025-02-19,Late delivery
C02058,2025-03-21,Late delivery
C02058,2025-04-10,Late delivery
C02058,2025-04-22,Late delivery
C02058,2025-05-19,Stock-out
C02058,2025-06-20,Stock-out
C02058,2025-06-21,Late delivery
C02058,2025-07-06,Stock-out
C02058,2025-07-17,Late delivery
C02058,2025-11-23,Late delivery
C02058,2026-02-15,Stock-out
C02058,2026-04-03,Stock-out
C02058,2026-06-26,Late delivery
C02058,2026-07-11,Late delivery
C02059,2025-09-27,Late delivery
C02059,2025-10-28,Late delivery
C02060,2025-04-26,Stock-out
C02060,2025-07-15,Stock-out
C02060,2025-08-18,Late delivery
C02060,2025-10-03,Late delivery
C02060,2025-12-21,Stock-out
C02060,2026-01-04,Stock-out
C02060,2026-08-20,Late delivery
C02061,2025-01-09,Late delivery
C02061,2025-06-10,Stock-out
C02061,2025-07-10,Stock-out
C02061,2025-11-15,Late delivery
C02061,2026-01-12,Stock-out
C02061,2026-03-20,Late delivery
C02061,2026-04-18,Late delivery
C02061,2026-06-05,Stock-out
C02063,2025-04-28,Late delivery
C02063,2025-05-11,Late delivery
C02064,2025-10-15,Pricing
C02064,2026-01-16,Late delivery
C02064,2026-02-15,Late delivery
C02064,2026-03-09,Late delivery
C02064,2026-06-28,Late delivery
C02065,2025-07-06,Stock-out
C02065,2025-08-22,Stock-out
C02065,2025-09-12,Late delivery
C02065,2025-09-28,Late delivery
C02068,2025-01-24,Late delivery
C02068,2025-04-18,Stock-out
C02068,2025-06-14,Late delivery
C02068,2025-10-05,Late delivery
C02068,2026-01-07,Late delivery
C02068,2026-01-27,Stock-out
C02068,2026-03-14,Stock-out
C02068,2026-06-12,Late delivery
C02068,2026-07-16,Late delivery
C02068,2026-09-18,Late delivery
C02068,2026-09-28,Stock-out
C02069,2025-02-03,Late delivery
C02069,2025-04-15,Product quality
C02070,2025-03-15,Product quality
C02072,2025-12-28,Late delivery
C02073,2025-05-13,Late delivery
C02073,2026-07-15,Pricing
C02074,2025-08-21,Stock-out
C02074,2025-09-14,Late delivery
C02074,2026-03-09,Stock-out
C02074,2026-03-22,Late delivery
C02074,2026-04-03,Late delivery
C02074,2026-05-15,Pricing
C02076,2026-01-10,Late delivery
C02077,2025-01-16,Stock-out
C02077,2025-04-22,Late delivery
C02077,2025-12-08,Late delivery
C02077,2026-02-16,Late delivery
C02078,2025-02-20,Late delivery
C02078,2025-03-14,Late delivery
C02078,2025-05-28,Late delivery
C02078,2025-07-11,Late delivery
C02078,2025-11-18,Stock-out
C02078,2025-12-06,Stock-out
C02078,2026-01-16,Stock-out
C02078,2026-04-05,Late delivery
C02078,2026-04-08,Stock-out
C02078,2026-04-28,Stock-out
C02078,2026-05-09,Late delivery
C02078,2026-07-16,Stock-out
C02078,2026-09-21,Stock-out
C02079,2025-03-18,Late delivery
C02079,2025-11-21,Late delivery
C02080,2025-02-23,Late delivery
C02080,2025-07-14,Late delivery
C02080,2026-04-21,Late delivery
C02081,2025-09-08,Late delivery
C02081,2026-02-07,Late delivery
C02083,2025-08-15,Late delivery
C02083,2025-08-15,Product quality
C02083,2025-12-23,Late delivery
C02083,2026-03-15,Product quality
C02083,2026-04-21,Late delivery
C02083,2026-04-27,Late delivery
C02083,2026-04-28,Late delivery
C02083,2026-07-10,Stock-out
C02084,2025-01-13,Stock-out
C02085,2025-04-23,Stock-out
C02085,2025-07-19,Stock-out
C02085,2025-07-23,Stock-out
C02085,2025-09-08,Stock-out
C02085,2025-10-03,Late delivery
C02085,2025-10-13,Late delivery
C02085,2025-11-09,Late delivery
C02085,2025-12-15,Late delivery
C02085,2026-03-28,Late delivery
C02085,2026-05-20,Late delivery
C02086,2025-01-18,Stock-out
C02086,2025-07-21,Stock-out
C02086,2025-11-25,Late delivery
C02086,2026-03-23,Late delivery
C02086,2026-04-20,Late delivery
C02086,2026-04-21,Stock-out
C02086,2026-06-18,Late delivery
C02087,2025-11-18,Late delivery
C02087,2026-02-03,Late delivery
C02087,2026-06-15,Late delivery
C02089,2025-04-15,Product quality
C02089,2026-04-15,Stock-out
C02090,2025-02-10,Late delivery
C02090,2025-03-15,Pricing
C02090,2025-03-24,Late delivery
C02090,2026-03-03,Late delivery
C02090,2026-04-14,Stock-out
C02090,2026-06-17,Late delivery
C02090,2026-08-11,Late delivery
C02091,2025-04-16,Late delivery
C02091,2025-06-09,Late delivery
C02091,2025-07-27,Late delivery
C02092,2025-05-28,Late delivery
C02092,2025-07-28,Late delivery
C02092,2025-08-10,Late delivery
C02092,2025-08-28,Stock-out
C02092,2025-09-27,Late delivery
C02092,2025-10-19,Stock-out
C02092,2025-11-21,Stock-out
C02092,2025-12-26,Stock-out
C02092,2026-05-15,Pricing
C02092,2026-05-24,Late delivery
C02092,2026-06-08,Late delivery
C02092,2026-08-03,Stock-out
C02092,2026-08-17,Stock-out
C02092,2026-09-15,Stock-out
C02093,2025-09-18,Late delivery
C02093,2025-12-06,Late delivery
C02093,2026-03-08,Stock-out
C02094,2025-06-16,Stock-out
C02094,2025-07-26,Late delivery
C02094,2025-10-17,Stock-out
C02094,2025-10-22,Late delivery
C02094,2025-12-12,Stock-out
C02094,2026-02-05,Late delivery
C02094,2026-03-28,Late delivery
C02094,2026-04-07,Late delivery
C02094,2026-05-20,Late delivery
C02094,2026-05-22,Stock-out
C02094,2026-05-22,Stock-out
C02094,2026-06-10,Late delivery
C02094,2026-06-11,Stock-out
C02094,2026-06-25,Late delivery
C02094,2026-06-28,Late delivery
C02094,2026-07-20,Late delivery
C02094,2026-07-20,Stock-out
C02094,2026-07-22,Stock-out
C02094,2026-08-12,Stock-out
C02095,2025-06-14,Late delivery
C02096,2025-01-20,Late delivery
C02096,2025-01-23,Late delivery
C02096,2025-02-08,Late delivery
C02096,2025-02-13,Stock-out
C02096,2025-02-27,Late delivery
C02096,2025-02-27,Late delivery
C02096,2025-03-09,Late delivery
C02096,2025-04-17,Stock-out
C02096,2025-07-17,Late delivery
C02096,2025-08-06,Stock-out
C02096,2025-08-28,Late delivery
C02096,2025-12-21,Late delivery
C02096,2026-01-21,Late delivery
C02096,2026-01-22,Late delivery
C02096,2026-03-17,Stock-out
C02096,2026-04-04,Late delivery
C02096,2026-04-20,Late delivery
C02097,2025-07-13,Stock-out
C02099,2025-04-04,Stock-out
C02099,2025-06-15,Product quality
C02099,2025-08-10,Late delivery
C02099,2025-10-13,Late delivery
C02099,2026-04-17,Late delivery
C02102,2025-03-25,Stock-out
C02102,2025-09-18,Late delivery
C02102,2025-11-17,Late delivery
C02102,2025-11-20,Late delivery
C02102,2026-05-06,Late delivery
C02102,2026-06-14,Late delivery
C02102,2026-08-08,Late delivery
C02103,2025-03-04,Late delivery
C02105,2025-05-07,Stock-out
C02105,2025-07-18,Late delivery
C02106,2026-01-06,Stock-out
C02106,2026-06-06,Late delivery
C02106,2026-09-28,Stock-out
C02107,2025-07-19,Late delivery
C02107,2025-10-08,Late delivery
C02107,2026-09-08,Late delivery
C02108,2025-02-22,Late delivery
C02108,2025-03-10,Stock-out
C02108,2025-05-15,Late delivery
C02108,2025-06-28,Stock-out
C02108,2025-07-28,Stock-out
C02108,2025-08-15,Late delivery
C02108,2025-08-25,Late delivery
C02108,2025-10-16,Stock-out
C02108,2026-01-16,Stock-out
C02108,2026-02-04,Stock-out
C02108,2026-02-27,Stock-out
C02108,2026-03-27,Late delivery
C02108,2026-04-20,Late delivery
C02108,2026-04-20,Late delivery
C02108,2026-04-24,Late delivery
C02108,2026-06-28,Stock-out
C02108,2026-09-19,Late delivery
C02110,2025-03-12,Late delivery
C02110,2025-10-14,Stock-out
C02110,2026-01-15,Product quality
C02110,2026-06-16,Stock-out
C02111,2025-11-17,Late delivery
C02111,2026-05-12,Stock-out
C02111,2026-05-16,Late delivery
C02112,2025-01-20,Late delivery
C02112,2025-01-24,Late delivery
C02112,2025-02-13,Stock-out
C02112,2025-02-19,Late delivery
C02112,2025-02-20,Stock-out
C02112,2025-02-26,Stock-out
C02112,2025-04-17,Late delivery
C02113,2025-11-21,Stock-out
C02113,2026-01-13,Stock-out
C02114,2026-08-07,Late delivery
C02115,2025-06-13,Late delivery
C02115,2025-06-16,Late delivery
C02115,2026-08-09,Stock-out
C02115,2026-08-14,Late delivery
C02116,2025-05-14,Stock-out
C02116,2025-05-28,Late delivery
C02116,2025-06-09,Late delivery
C02116,2025-06-24,Late delivery
C02117,2025-01-18,Stock-out
C02117,2025-02-28,Late delivery
C02120,2025-06-15,Late delivery
C02120,2025-07-18,Late delivery
C02120,2025-08-09,Late delivery
C02120,2025-11-09,Stock-out
C02120,2025-11-26,Late delivery
C02120,2025-12-27,Late delivery
C02120,2026-07-18,Late delivery
C02120,2026-09-14,Late delivery
C02124,2025-01-08,Late delivery
C02124,2025-04-24,Late delivery
C02126,2025-02-20,Late delivery
C02127,2025-01-12,Stock-out
C02127,2025-01-23,Stock-out
C02129,2025-01-19,Late delivery
C02129,2025-02-04,Stock-out
C02129,2025-02-22,Stock-out
C02130,2026-02-13,Late delivery
C02130,2026-07-24,Late delivery
C02132,2025-01-05,Stock-out
C02132,2025-01-23,Late delivery
C02132,2025-01-26,Stock-out
C02132,2025-04-17,Late delivery
C02132,2025-05-13,Stock-out
C02132,2025-06-14,Late delivery
C02132,2025-07-10,Late delivery
C02132,2025-10-18,Stock-out
C02132,2026-05-28,Stock-out
C02133,2025-09-28,Late delivery
C02134,2025-01-25,Late delivery
C02134,2025-02-17,Late delivery
C02135,2025-02-27,Late delivery
C02135,2025-04-06,Late delivery
C02135,2025-12-07,Late delivery
C02135,2025-12-27,Stock-out
C02135,2026-03-05,Stock-out
C02135,2026-06-23,Stock-out
C02136,2025-05-13,Late delivery
C02136,2025-07-03,Late delivery
C02136,2025-08-23,Stock-out
C02136,2026-02-25,Stock-out
C02137,2025-03-06,Late delivery
C02137,2025-03-12,Stock-out
C02137,2025-03-19,Late delivery
C02137,2025-04-09,Late delivery
C02137,2025-04-12,Late delivery
C02137,2025-04-16,Late delivery
C02137,2025-05-10,Stock-out
C02137,2025-06-28,Stock-out
C02137,2025-07-12,Late delivery
C02137,2025-09-09,Late delivery
C02137,2025-09-12,Late delivery
C02137,2025-10-12,Late delivery
C02137,2025-11-28,Stock-out
C02137,2025-12-11,Late delivery
C02137,2026-01-15,Late delivery
C02137,2026-01-27,Late delivery
C02137,2026-02-05,Late delivery
C02137,2026-02-17,Stock-out
C02137,2026-03-13,Late delivery
C02137,2026-04-05,Stock-out
C02137,2026-04-24,Late delivery
C02137,2026-05-05,Late delivery
C02137,2026-06-28,Late delivery
C02137,2026-08-10,Stock-out
C02137,2026-08-12,Late delivery
C02137,2026-08-21,Stock-out
C02137,2026-08-23,Late delivery
C02137,2026-08-28,Late delivery
C02137,2026-09-27,Late delivery
C02138,2025-11-17,Late delivery
C02138,2026-03-07,Stock-out
C02138,2026-09-24,Late delivery
C02139,2025-09-07,Late delivery
C02139,2025-09-19,Stock-out
C02139,2025-12-11,Stock-out
C02139,2026-02-21,Stock-out
C02139,2026-05-05,Late delivery
C02139,2026-05-18,Late delivery
C02139,2026-06-28,Late delivery
C02139,2026-07-22,Stock-out
C02140,2026-01-10,Late delivery
C02141,2025-02-19,Late delivery
C02141,2025-04-28,Stock-out
C02141,2025-05-23,Stock-out
C02141,2026-03-15,Product quality
C02141,2026-07-23,Late delivery
C02142,2025-01-21,Late delivery
C02142,2025-07-28,Stock-out
C02142,2025-12-21,Late delivery
C02143,2025-02-12,Late delivery
C02143,2025-03-18,Late delivery
C02144,2025-06-23,Late delivery
C02144,2025-09-15,Product quality
C02144,2025-12-24,Late delivery
C02144,2026-02-14,Late delivery
C02144,2026-03-12,Late delivery
C02146,2025-02-14,Stock-out
C02146,2025-05-14,Late delivery
C02146,2025-08-12,Stock-out
C02146,2025-10-08,Late delivery
C02146,2025-11-14,Late delivery
C02146,2026-03-28,Late delivery
C02146,2026-06-09,Late delivery
C02146,2026-07-04,Late delivery
C02146,2026-09-17,Late delivery
C02148,2025-02-03,Late delivery
C02148,2025-04-12,Stock-out
C02148,2025-09-22,Late delivery
C02148,2025-09-28,Late delivery
C02149,2026-03-16,Stock-out
C02149,2026-04-12,Stock-out
C02149,2026-06-11,Stock-out
C02150,2025-02-03,Late delivery
C02150,2025-04-25,Late delivery
C02150,2025-07-28,Late delivery
C02150,2025-07-28,Late delivery
C02151,2025-02-07,Stock-out
C02151,2025-05-13,Late delivery
C02151,2025-05-22,Stock-out
C02151,2025-09-22,Late delivery
C02151,2025-09-26,Late delivery
C02151,2026-06-06,Late delivery
C02151,2026-06-12,Late delivery
C02151,2026-07-13,Stock-out
C02152,2025-01-08,Late delivery
C02152,2025-07-21,Stock-out
C02152,2025-10-06,Stock-out
C02152,2026-01-28,Late delivery
C02152,2026-02-25,Late delivery
C02153,2025-03-20,Stock-out
C02153,2026-03-28,Late delivery
C02153,2026-04-09,Late delivery
C02153,2026-05-04,Late delivery
C02153,2026-06-13,Stock-out
C02154,2025-01-05,Late delivery
C02154,2025-03-15,Late delivery
C02154,2025-04-17,Late delivery
C02154,2025-06-22,Late delivery
C02154,2025-08-18,Late delivery
C02155,2025-04-26,Late delivery
C02155,2025-06-21,Stock-out
C02155,2025-09-09,Late delivery
C02155,2025-11-25,Late delivery
C02155,2026-01-23,Stock-out
C02155,2026-02-22,Late delivery
C02155,2026-05-20,Stock-out
C02155,2026-07-10,Late delivery
C02155,2026-07-28,Late delivery
C02156,2025-04-15,Product quality
C02157,2025-02-13,Stock-out
C02157,2025-02-25,Late delivery
C02157,2025-06-24,Stock-out
C02157,2025-08-03,Late delivery
C02157,2025-12-14,Late delivery
C02157,2026-01-11,Late delivery
C02157,2026-06-24,Stock-out
C02157,2026-09-25,Late delivery
C02158,2025-07-28,Late delivery
C02159,2025-02-11,Late delivery
C02159,2025-03-14,Stock-out
C02159,2025-10-09,Late delivery
C02159,2025-10-23,Stock-out
C02159,2025-11-06,Stock-out
C02159,2025-11-11,Late delivery
C02159,2026-02-23,Late delivery
C02159,2026-08-27,Late delivery
C02160,2025-05-15,Pricing
C02160,2025-05-26,Late delivery
C02160,2025-12-22,Late delivery
C02161,2025-02-06,Late delivery
C02161,2025-02-07,Late delivery
C02161,2025-08-23,Stock-out
C02162,2025-02-15,Pricing
C02162,2025-09-06,Late delivery
C02162,2025-09-23,Late delivery
C02162,2025-11-24,Stock-out
C02162,2026-05-04,Stock-out
C02163,2025-03-03,Late delivery
C02164,2025-08-19,Late delivery
C02165,2025-04-07,Late delivery
C02165,2025-07-03,Late delivery
C02165,2025-07-26,Late delivery
C02165,2026-04-06,Stock-out
C02165,2026-06-10,Late delivery
C02165,2026-08-14,Late delivery
C02166,2025-02-27,Late delivery
C02167,2025-02-05,Late delivery
C02167,2025-05-28,Stock-out
C02167,2026-02-16,Late delivery
C02169,2026-07-08,Late delivery
C02169,2026-08-06,Late delivery
C02170,2025-01-03,Late delivery
C02171,2026-08-15,Pricing
C02172,2025-07-14,Late delivery
C02173,2025-02-15,Pricing
C02174,2025-03-11,Late delivery
C02174,2025-03-19,Late delivery
C02174,2025-05-06,Stock-out
C02174,2025-05-09,Late delivery
C02174,2025-06-07,Late delivery
C02174,2025-06-15,Late delivery
C02174,2025-09-05,Late delivery
C02174,2025-10-19,Late delivery
C02174,2025-11-08,Late delivery
C02174,2025-11-20,Late delivery
C02174,2025-12-03,Stock-out
C02174,2025-12-15,Late delivery
C02174,2026-01-23,Late delivery
C02174,2026-01-27,Late delivery
C02174,2026-04-26,Stock-out
C02174,2026-08-08,Late delivery
C02174,2026-08-20,Stock-out
C02174,2026-09-09,Late delivery
C02174,2026-09-22,Late delivery
C02175,2025-07-28,Stock-out
C02175,2025-09-11,Late delivery
C02175,2026-03-12,Stock-out
C02175,2026-03-16,Late delivery
C02175,2026-05-21,Late delivery
C02175,2026-07-12,Late delivery
C02177,2025-03-20,Late delivery
C02177,2025-11-23,Late delivery
C02177,2025-12-10,Late delivery
C02177,2026-05-14,Late delivery
C02177,2026-06-13,Stock-out
C02177,2026-09-25,Late delivery
C02178,2025-12-14,Late delivery
C02178,2026-03-12,Late delivery
C02179,2025-05-28,Stock-out
C02179,2026-03-06,Stock-out
C02179,2026-04-20,Late delivery
C02179,2026-04-25,Late delivery
C02180,2025-08-10,Stock-out
C02180,2026-04-15,Pricing
C02181,2025-05-15,Product quality
C02181,2025-06-14,Stock-out
C02181,2026-01-24,Late delivery
C02181,2026-04-09,Late delivery
C02182,2025-10-24,Stock-out
C02182,2026-04-14,Late delivery
C02182,2026-06-18,Late delivery
C02183,2025-05-24,Stock-out
C02183,2025-10-18,Stock-out
C02183,2026-07-20,Late delivery
C02184,2025-03-10,Stock-out
C02184,2025-04-08,Stock-out
C02185,2025-08-14,Stock-out
C02185,2026-02-09,Late delivery
C02185,2026-06-07,Late delivery
C02185,2026-08-20,Late delivery
C02186,2025-04-14,Late delivery
C02186,2025-05-16,Late delivery
C02186,2025-06-03,Stock-out
C02186,2025-07-10,Stock-out
C02186,2025-07-12,Stock-out
C02186,2025-07-18,Late delivery
C02186,2025-08-06,Stock-out
C02186,2025-10-06,Stock-out
C02186,2026-01-27,Late delivery
C02186,2026-04-09,Late delivery
C02186,2026-04-26,Late delivery
C02186,2026-06-09,Late delivery
C02186,2026-07-08,Late delivery
C02186,2026-07-11,Late delivery
C02186,2026-07-16,Late delivery
C02186,2026-08-15,Late delivery
C02186,2026-09-05,Late delivery
C02187,2025-10-15,Stock-out
C02187,2026-02-20,Late delivery
C02187,2026-03-11,Stock-out
C02187,2026-06-13,Late delivery
C02187,2026-06-19,Stock-out
C02187,2026-09-23,Late delivery
C02188,2025-05-14,Late delivery
C02190,2025-06-23,Stock-out
C02191,2025-06-25,Stock-out
C02191,2026-01-23,Late delivery
C02191,2026-06-28,Stock-out
C02192,2026-05-25,Late delivery
C02192,2026-06-10,Stock-out
C02193,2026-07-16,Late delivery
C02193,2026-09-12,Late delivery
C02193,2026-09-22,Late delivery
C02194,2025-11-24,Late delivery
C02194,2026-04-21,Late delivery
C02195,2025-09-15,Product quality
C02195,2026-05-08,Stock-out
C02195,2026-07-27,Late delivery
C02196,2025-12-27,Late delivery
C02196,2026-05-12,Stock-out
C02197,2025-03-14,Late delivery
C02197,2025-07-03,Stock-out
C02197,2025-08-23,Late delivery
C02197,2025-08-24,Late delivery
C02197,2025-10-22,Stock-out
C02197,2026-02-12,Stock-out
C02197,2026-03-08,Late delivery
C02197,2026-03-10,Late delivery
C02197,2026-04-21,Late delivery
C02197,2026-05-06,Stock-out
C02197,2026-05-09,Late delivery
C02197,2026-08-24,Late delivery
C02199,2025-07-15,Late delivery
C02200,2026-02-15,Pricing
C02200,2026-05-07,Late delivery
C02201,2026-07-10,Stock-out
C02203,2025-02-27,Stock-out
C02206,2025-04-08,Late delivery
C02206,2025-04-23,Late delivery
C02206,2025-06-15,Stock-out
C02206,2025-10-28,Stock-out
C02206,2025-11-07,Late delivery
C02206,2025-11-28,Stock-out
C02207,2026-01-11,Late delivery
C02207,2026-01-23,Late delivery
C02207,2026-02-04,Stock-out
C02207,2026-02-08,Late delivery
C02207,2026-03-18,Stock-out
C02207,2026-04-03,Stock-out
C02207,2026-04-05,Stock-out
C02207,2026-04-11,Late delivery
C02207,2026-05-14,Late delivery
C02207,2026-06-10,Late delivery
C02207,2026-07-19,Late delivery
C02208,2025-01-21,Stock-out
C02209,2026-02-07,Late delivery
C02210,2025-01-15,Pricing
C02210,2025-01-25,Late delivery
C02210,2025-02-20,Late delivery
C02210,2025-03-04,Late delivery
C02210,2025-03-09,Stock-out
C02210,2025-05-08,Stock-out
C02210,2025-05-09,Late delivery
C02210,2025-06-24,Stock-out
C02210,2025-09-08,Stock-out
C02210,2025-09-10,Late delivery
C02210,2025-10-08,Late delivery
C02210,2025-11-27,Late delivery
C02210,2025-12-03,Late delivery
C02210,2026-02-13,Late delivery
C02210,2026-02-28,Late delivery
C02210,2026-03-26,Late delivery
C02210,2026-04-15,Late delivery
C02210,2026-05-11,Stock-out
C02210,2026-05-18,Stock-out
C02210,2026-06-28,Late delivery
C02210,2026-07-03,Late delivery
C02210,2026-09-06,Stock-out
C02211,2025-07-24,Late delivery
C02211,2026-04-08,Stock-out
C02212,2025-04-25,Stock-out
C02213,2026-02-21,Late delivery
C02214,2025-03-06,Stock-out
C02215,2025-01-20,Stock-out
C02217,2025-03-04,Late delivery
C02217,2025-07-16,Stock-out
C02217,2025-11-15,Late delivery
C02217,2025-12-13,Late delivery
C02217,2026-03-15,Product quality
C02217,2026-03-16,Late delivery
C02219,2025-12-09,Late delivery
C02219,2026-09-14,Late delivery
C02222,2025-03-25,Stock-out
C02222,2025-08-20,Stock-out
C02223,2025-02-15,Product quality
C02223,2025-07-13,Stock-out
C02224,2026-09-19,Late delivery
C02225,2026-09-27,Stock-out
C02227,2025-06-07,Stock-out
C02227,2025-07-11,Stock-out
C02227,2025-08-20,Stock-out
C02227,2025-09-15,Stock-out
C02227,2026-01-07,Late delivery
C02228,2025-04-08,Late delivery
C02228,2025-05-04,Stock-out
C02229,2026-04-16,Late delivery
C02229,2026-05-11,Stock-out
C02229,2026-06-28,Stock-out
C02229,2026-07-19,Late delivery
C02231,2025-01-17,Late delivery
C02231,2025-03-18,Late delivery
C02231,2025-08-13,Stock-out
C02231,2025-09-24,Late delivery
C02231,2025-11-15,Stock-out
C02231,2025-12-10,Late delivery
C02231,2025-12-24,Stock-out
C02231,2026-01-11,Late delivery
C02231,2026-03-12,Stock-out
C02231,2026-06-06,Late delivery
C02231,2026-07-21,Late delivery
C02231,2026-08-15,Late delivery
C02232,2025-05-04,Stock-out
C02232,2025-11-24,Late delivery
C02232,2025-12-05,Stock-out
C02232,2026-09-15,Pricing
C02233,2025-01-22,Stock-out
C02233,2025-03-19,Late delivery
C02233,2025-05-09,Late delivery
C02233,2026-09-26,Late delivery
C02234,2026-05-19,Late delivery
C02235,2025-08-19,Late delivery
C02235,2025-11-15,Late delivery
C02236,2025-08-13,Late delivery
C02237,2025-01-17,Stock-out
C02237,2025-12-07,Stock-out
C02237,2025-12-15,Late delivery
C02237,2026-09-16,Late delivery
C02238,2025-01-23,Late delivery
C02238,2025-09-18,Late delivery
C02238,2026-05-11,Late delivery
C02238,2026-06-18,Late delivery
C02238,2026-09-12,Stock-out
C02239,2025-03-21,Late delivery
C02240,2025-06-05,Late delivery
C02240,2025-08-15,Late delivery
C02240,2026-06-18,Stock-out
C02241,2025-05-04,Late delivery
C02241,2025-06-16,Stock-out
C02241,2025-09-28,Stock-out
C02241,2025-12-16,Stock-out
C02241,2026-05-19,Late delivery
C02241,2026-05-21,Late delivery
C02242,2025-01-20,Late delivery
C02242,2025-03-12,Stock-out
C02242,2025-03-26,Late delivery
C02242,2025-05-04,Late delivery
C02242,2025-06-05,Late delivery
C02242,2025-07-11,Stock-out
C02242,2025-10-05,Late delivery
C02242,2025-10-19,Late delivery
C02242,2025-11-14,Stock-out
C02242,2025-12-12,Late delivery
C02242,2025-12-14,Late delivery
C02242,2025-12-19,Stock-out
C02242,2025-12-22,Late delivery
C02243,2025-01-13,Stock-out
C02243,2025-01-15,Pricing
C02244,2025-08-28,Late delivery
C02244,2026-01-22,Late delivery
C02244,2026-07-19,Stock-out
C02246,2025-09-06,Late delivery
C02248,2025-01-14,Late delivery
C02248,2025-04-10,Stock-out
C02248,2025-06-14,Late delivery
C02248,2025-10-18,Stock-out
C02248,2025-11-22,Late delivery
C02248,2026-01-04,Stock-out
C02248,2026-02-07,Late delivery
C02248,2026-04-25,Late delivery
C02248,2026-09-17,Late delivery
C02249,2025-03-28,Late delivery
C02249,2025-04-28,Stock-out
C02250,2025-01-05,Late delivery
C02250,2025-05-15,Product quality
C02250,2025-06-03,Late delivery
C02250,2025-06-11,Stock-out
C02250,2026-03-19,Late delivery
C02250,2026-04-19,Late delivery
C02250,2026-08-15,Late delivery
C02251,2025-05-08,Late delivery
C02251,2025-07-15,Stock-out
C02251,2025-09-05,Late delivery
C02251,2025-09-25,Late delivery
C02251,2025-10-15,Pricing
C02251,2025-11-03,Late delivery
C02251,2025-12-10,Late delivery
C02251,2025-12-12,Late delivery
C02251,2026-01-12,Late delivery
C02251,2026-01-22,Stock-out
C02251,2026-01-26,Stock-out
C02252,2025-01-28,Stock-out
C02252,2025-04-27,Late delivery
C02252,2025-05-15,Stock-out
C02252,2025-09-10,Late delivery
C02253,2025-04-04,Late delivery
C02253,2025-12-28,Stock-out
C02253,2026-07-19,Late delivery
C02254,2025-08-13,Late delivery
C02254,2025-11-25,Stock-out
C02255,2025-01-26,Late delivery
C02257,2025-03-03,Late delivery
C02257,2025-04-15,Pricing
C02257,2025-07-13,Late delivery
C02257,2025-08-15,Product quality
C02257,2025-08-25,Stock-out
C02257,2025-10-07,Late delivery
C02257,2025-12-03,Late delivery
C02257,2026-04-20,Late delivery
C02258,2025-03-04,Stock-out
C02261,2025-01-09,Stock-out
C02261,2025-03-28,Stock-out
C02261,2026-03-13,Late delivery
C02261,2026-04-13,Stock-out
C02264,2025-02-28,Stock-out
C02264,2025-03-06,Late delivery
C02264,2025-04-19,Stock-out
C02265,2025-04-22,Late delivery
C02266,2025-04-22,Late delivery
C02266,2025-06-03,Stock-out
C02266,2025-06-08,Stock-out
C02266,2025-06-16,Late delivery
C02266,2025-10-07,Stock-out
C02266,2025-10-09,Late delivery
C02266,2025-11-25,Late delivery
C02266,2025-11-25,Late delivery
C02266,2026-02-19,Late delivery
C02266,2026-03-09,Late delivery
C02266,2026-03-20,Late delivery
C02266,2026-04-12,Late delivery
C02266,2026-04-22,Late delivery
C02266,2026-05-10,Late delivery
C02266,2026-06-12,Stock-out
C02267,2025-03-07,Stock-out
C02267,2025-08-18,Late delivery
C02267,2025-09-18,Late delivery
C02269,2025-09-14,Late delivery
C02269,2025-09-19,Late delivery
C02269,2025-11-08,Late delivery
C02269,2025-12-28,Stock-out
C02269,2026-03-14,Late delivery
C02269,2026-04-16,Late delivery
C02269,2026-05-21,Late delivery
C02269,2026-08-21,Stock-out
C02270,2025-06-09,Late delivery
C02270,2025-06-13,Late delivery
C02270,2026-02-25,Late delivery
C02270,2026-08-27,Late delivery
C02271,2025-02-11,Stock-out
C02271,2025-05-24,Stock-out
C02271,2026-01-15,Late delivery
C02271,2026-03-21,Stock-out
C02271,2026-03-28,Late delivery
C02272,2026-03-14,Late delivery
C02272,2026-04-21,Stock-out
C02272,2026-04-26,Late delivery
C02272,2026-06-15,Stock-out
C02272,2026-06-22,Late delivery
C02272,2026-07-10,Stock-out
C02272,2026-07-17,Late delivery
C02272,2026-07-19,Stock-out
C02273,2025-04-14,Late delivery
C02274,2025-01-05,Late delivery
C02274,2025-01-22,Late delivery
C02274,2025-03-26,Late delivery
C02274,2025-05-25,Late delivery
C02274,2025-08-12,Stock-out
C02274,2025-11-18,Late delivery
C02276,2025-02-16,Late delivery
C02276,2025-03-10,Stock-out
C02276,2025-06-28,Late delivery
C02276,2025-10-19,Stock-out
C02276,2025-11-15,Pricing
C02276,2026-06-09,Late delivery
C02277,2026-01-21,Stock-out
C02278,2026-06-18,Late delivery
C02278,2026-07-28,Late delivery
C02279,2026-02-09,Stock-out
C02280,2025-02-17,Late delivery
C02280,2025-02-23,Stock-out
C02280,2025-04-22,Late delivery
C02281,2026-07-13,Late delivery
C02281,2026-09-09,Stock-out
C02284,2026-02-15,Pricing
C02285,2025-04-28,Stock-out
C02285,2025-09-15,Pricing
C02285,2025-11-23,Late delivery
C02285,2025-11-26,Stock-out
C02285,2026-02-11,Stock-out
C02285,2026-03-04,Late delivery
C02285,2026-05-21,Late delivery
C02285,2026-07-11,Late delivery
C02287,2025-01-09,Late delivery
C02287,2025-01-21,Stock-out
C02287,2025-02-24,Late delivery
C02287,2025-06-04,Late delivery
C02287,2025-06-09,Late delivery
C02287,2025-08-05,Stock-out
C02287,2025-08-06,Stock-out
C02287,2025-11-11,Stock-out
C02287,2025-11-14,Late delivery
C02287,2025-11-18,Stock-out
C02287,2025-11-22,Late delivery
C02287,2025-12-11,Late delivery
C02287,2025-12-12,Late delivery
C02287,2025-12-16,Stock-out
C02287,2025-12-19,Late delivery
C02287,2026-02-21,Stock-out
C02287,2026-04-17,Late delivery
C02287,2026-05-14,Late delivery
C02287,2026-08-11,Stock-out
C02287,2026-08-28,Late delivery
C02288,2025-01-06,Late delivery
C02288,2025-02-20,Late delivery
C02288,2025-03-13,Late delivery
C02289,2026-04-03,Late delivery
C02289,2026-07-23,Late delivery
C02290,2025-09-03,Late delivery
C02290,2026-04-06,Late delivery
C02290,2026-06-28,Stock-out
C02291,2025-03-15,Product quality
C02291,2025-09-16,Late delivery
C02291,2025-11-19,Stock-out
C02291,2026-01-04,Late delivery
C02291,2026-04-14,Stock-out
C02292,2026-01-09,Late delivery
C02293,2025-07-15,Pricing
C02293,2025-09-13,Late delivery
C02293,2026-02-04,Late delivery
C02295,2025-03-16,Late delivery
C02296,2025-05-11,Late delivery
C02299,2025-02-03,Stock-out
C02299,2025-02-25,Stock-out
C02299,2025-06-24,Stock-out
C02299,2026-04-08,Stock-out
C02299,2026-05-22,Late delivery
C02300,2025-08-07,Late delivery
C02301,2026-04-07,Stock-out
C02301,2026-07-20,Late delivery
C02301,2026-08-26,Late delivery
C02302,2025-04-08,Late delivery
C02302,2026-07-18,Late delivery
C02303,2025-01-22,Late delivery
C02303,2026-04-09,Stock-out
C02303,2026-05-15,Pricing
C02305,2025-04-24,Late delivery
C02305,2025-12-07,Stock-out
C02305,2026-02-26,Stock-out
C02306,2026-05-07,Stock-out
C02306,2026-08-15,Pricing
C02306,2026-09-24,Stock-out
C02307,2025-07-24,Late delivery
C02307,2025-09-12,Late delivery
C02308,2025-02-15,Product quality
C02308,2025-03-15,Late delivery
C02308,2025-09-24,Late delivery
C02308,2026-03-17,Stock-out
C02308,2026-04-13,Stock-out
C02308,2026-04-18,Stock-out
C02308,2026-06-16,Stock-out
C02309,2025-01-14,Stock-out
C02309,2025-02-28,Late delivery
C02309,2025-04-09,Late delivery
C02309,2025-04-22,Stock-out
C02309,2025-04-23,Late delivery
C02311,2025-02-19,Late delivery
C02311,2025-03-24,Late delivery
C02311,2025-04-15,Pricing
C02311,2025-07-09,Late delivery
C02311,2025-11-18,Stock-out
C02311,2026-02-09,Late delivery
C02311,2026-03-03,Late delivery
C02312,2025-02-05,Late delivery
C02312,2025-06-07,Late delivery
C02312,2025-07-06,Late delivery
C02312,2025-07-16,Stock-out
C02312,2025-09-10,Stock-out
C02312,2025-09-25,Late delivery
C02312,2026-03-24,Stock-out
C02312,2026-04-08,Late delivery
C02312,2026-04-28,Late delivery
C02313,2026-03-08,Late delivery
C02313,2026-04-11,Late delivery
C02313,2026-04-14,Stock-out
C02313,2026-04-28,Late delivery
C02313,2026-05-14,Late delivery
C02313,2026-08-14,Stock-out
C02316,2025-02-26,Late delivery
C02317,2025-10-15,Pricing
C02318,2025-09-27,Late delivery
C02318,2026-01-23,Stock-out
C02318,2026-06-16,Late delivery
C02318,2026-09-06,Late delivery
C02320,2025-05-26,Late delivery
C02320,2025-06-13,Late delivery
C02321,2025-01-21,Stock-out
C02321,2025-03-18,Late delivery
C02321,2025-05-23,Stock-out
C02321,2025-06-13,Late delivery
C02321,2025-07-11,Stock-out
C02321,2025-09-22,Late delivery
C02321,2026-02-28,Late delivery
C02321,2026-04-26,Late delivery
C02322,2025-05-18,Late delivery
C02323,2025-05-27,Late delivery
C02323,2025-12-25,Late delivery
C02324,2025-04-11,Late delivery
C02324,2025-09-15,Pricing
C02324,2026-02-10,Late delivery
C02325,2025-06-15,Late delivery
C02325,2025-09-12,Late delivery
C02326,2025-02-20,Late delivery
C02326,2025-04-26,Stock-out
C02326,2025-05-15,Late delivery
C02326,2025-05-28,Late delivery
C02326,2025-06-15,Pricing
C02326,2025-06-17,Late delivery
C02326,2025-07-08,Stock-out
C02326,2025-08-06,Late delivery
C02326,2025-10-05,Stock-out
C02326,2025-11-15,Late delivery
C02326,2026-02-20,Late delivery
C02326,2026-05-08,Stock-out
C02328,2025-01-20,Stock-out
C02328,2025-07-12,Late delivery
C02328,2026-03-21,Late delivery
C02328,2026-08-11,Stock-out
C02329,2025-04-06,Stock-out
C02329,2025-06-05,Late delivery
C02329,2026-05-22,Late delivery
C02332,2025-03-25,Late delivery
C02332,2025-06-13,Late delivery
C02332,2025-07-09,Late delivery
C02332,2025-12-03,Late delivery
C02332,2026-01-28,Late delivery
C02332,2026-03-27,Late delivery
C02332,2026-04-09,Late delivery
C02332,2026-04-28,Late delivery
C02334,2025-11-05,Late delivery
C02334,2025-11-13,Late delivery
C02334,2026-04-14,Late delivery
C02335,2025-03-14,Stock-out
C02335,2025-05-13,Late delivery
C02335,2026-04-27,Stock-out
C02336,2026-01-04,Stock-out
C02336,2026-02-11,Stock-out
C02336,2026-02-25,Late delivery
C02336,2026-03-27,Late delivery
C02336,2026-05-16,Late delivery
C02336,2026-06-06,Stock-out
C02336,2026-06-08,Stock-out
C02336,2026-09-14,Late delivery
C02337,2025-09-11,Late delivery
C02337,2025-10-20,Stock-out
C02337,2025-11-13,Stock-out
C02338,2025-02-06,Late delivery
C02339,2025-11-17,Stock-out
C02339,2026-03-15,Stock-out
C02341,2025-04-28,Late delivery
C02341,2025-12-18,Late delivery
C02344,2025-06-15,Late delivery
C02345,2025-03-25,Stock-out
C02345,2025-08-27,Late delivery
C02345,2025-11-17,Late delivery
C02347,2026-06-03,Late delivery
C02347,2026-09-15,Late delivery
C02348,2025-03-26,Stock-out
C02348,2025-04-15,Stock-out
C02348,2025-06-24,Late delivery
C02349,2025-03-03,Late delivery
C02349,2025-03-15,Pricing
C02349,2025-05-21,Late delivery
C02349,2026-06-13,Late delivery
C02352,2025-11-05,Late delivery
C02353,2025-02-11,Late delivery
C02353,2025-02-16,Late delivery
C02353,2025-02-23,Stock-out
C02353,2025-03-06,Late delivery
C02353,2025-03-14,Late delivery
C02353,2025-03-17,Late delivery
C02353,2025-03-22,Late delivery
C02353,2025-03-28,Stock-out
C02353,2025-05-12,Late delivery
C02353,2025-05-18,Late delivery
C02353,2025-06-04,Late delivery
C02353,2025-06-16,Late delivery
C02353,2025-06-28,Late delivery
C02353,2025-07-09,Late delivery
C02353,2025-08-15,Stock-out
C02353,2025-08-22,Late delivery
C02353,2025-08-26,Stock-out
C02353,2025-09-06,Stock-out
C02353,2025-09-08,Stock-out
C02353,2025-12-13,Stock-out
C02353,2026-01-03,Stock-out
C02353,2026-01-25,Late delivery
C02353,2026-02-14,Late delivery
C02353,2026-02-15,Late delivery
C02353,2026-02-26,Late delivery
C02353,2026-03-09,Late delivery
C02353,2026-04-05,Stock-out
C02353,2026-04-08,Stock-out
C02353,2026-04-11,Late delivery
C02353,2026-04-12,Late delivery
C02353,2026-04-26,Stock-out
C02353,2026-05-28,Late delivery
C02353,2026-06-24,Late delivery
C02353,2026-07-03,Late delivery
C02353,2026-07-16,Late delivery
C02353,2026-07-28,Late delivery
C02353,2026-08-09,Late delivery
C02353,2026-08-14,Stock-out
C02353,2026-08-16,Late delivery
C02353,2026-08-18,Stock-out
C02353,2026-09-17,Stock-out
C02353,2026-09-27,Late delivery
C02353,2026-09-28,Late delivery
C02354,2025-01-14,Stock-out
C02354,2025-03-26,Stock-out
C02354,2025-07-21,Late delivery
C02354,2025-08-22,Late delivery
C02354,2025-09-11,Stock-out
C02354,2025-09-21,Late delivery
C02354,2025-10-07,Stock-out
C02354,2025-10-09,Late delivery
C02355,2025-07-26,Stock-out
C02356,2025-03-07,Stock-out
C02356,2025-04-14,Late delivery
C02356,2025-04-20,Late delivery
C02356,2025-05-06,Late delivery
C02356,2025-09-07,Late delivery
C02356,2025-09-23,Stock-out
C02356,2026-01-21,Late delivery
C02356,2026-03-19,Late delivery
C02357,2025-05-24,Late delivery
C02358,2026-03-09,Late delivery
C02358,2026-03-26,Stock-out
C02358,2026-03-28,Late delivery
C02358,2026-05-13,Stock-out
C02358,2026-07-10,Stock-out
C02358,2026-08-08,Late delivery
C02358,2026-08-13,Late delivery
C02358,2026-09-03,Late delivery
C02358,2026-09-10,Stock-out
C02358,2026-09-13,Late delivery
C02358,2026-09-21,Late delivery
C02360,2025-01-15,Product quality
C02360,2025-06-13,Stock-out
C02363,2025-04-09,Late delivery
C02363,2025-06-21,Late delivery
C02363,2025-09-27,Stock-out
C02363,2025-12-03,Late delivery
C02364,2025-01-08,Late delivery
C02364,2025-01-14,Late delivery
C02365,2025-02-19,Late delivery
C02365,2025-04-15,Late delivery
C02365,2025-05-28,Stock-out
C02365,2025-08-13,Late delivery
C02365,2025-09-26,Stock-out
C02368,2025-02-16,Late delivery
C02368,2026-05-19,Late delivery
C02369,2025-02-06,Late delivery
C02369,2025-05-14,Stock-out
C02369,2025-12-15,Late delivery
C02369,2026-01-20,Late delivery
C02369,2026-08-23,Late delivery
C02370,2025-03-12,Stock-out
C02370,2025-09-22,Late delivery
C02371,2025-03-03,Stock-out
C02371,2025-03-12,Stock-out
C02371,2025-04-17,Late delivery
C02371,2026-01-05,Stock-out
C02371,2026-01-09,Late delivery
C02371,2026-01-16,Late delivery
C02371,2026-04-28,Late delivery
C02372,2025-02-06,Late delivery
C02372,2025-03-21,Late delivery
C02372,2025-07-04,Stock-out
C02372,2025-07-06,Late delivery
C02373,2025-01-25,Stock-out
C02373,2025-02-27,Late delivery
C02373,2025-03-28,Late delivery
C02373,2025-05-08,Late delivery
C02373,2025-07-27,Stock-out
C02373,2025-08-05,Late delivery
C02373,2025-09-18,Stock-out
C02373,2025-10-23,Stock-out
C02373,2025-10-27,Late delivery
C02373,2026-01-25,Stock-out
C02373,2026-07-07,Late delivery
C02373,2026-08-26,Stock-out
C02374,2026-02-05,Late delivery
C02377,2025-04-15,Late delivery
C02377,2025-10-11,Stock-out
C02377,2025-11-25,Late delivery
C02377,2026-04-25,Late delivery
C02378,2026-04-03,Late delivery
C02380,2025-07-16,Late delivery
C02380,2025-07-19,Stock-out
C02380,2025-09-28,Late delivery
C02381,2025-08-04,Late delivery
C02381,2025-10-07,Stock-out
C02381,2025-12-09,Stock-out
C02382,2025-05-06,Late delivery
C02383,2026-01-15,Late delivery
C02383,2026-03-16,Late delivery
C02383,2026-03-19,Late delivery
C02383,2026-04-13,Late delivery
C02383,2026-05-25,Stock-out
C02383,2026-06-06,Late delivery
C02383,2026-07-04,Stock-out
C02383,2026-07-25,Late delivery
C02383,2026-08-10,Late delivery
C02383,2026-09-22,Late delivery
C02383,2026-09-24,Late delivery
C02384,2025-05-18,Late delivery
C02385,2025-02-06,Late delivery
C02385,2025-03-19,Stock-out
C02385,2025-04-17,Late delivery
C02385,2025-05-08,Late delivery
C02385,2025-05-09,Late delivery
C02385,2026-03-27,Stock-out
C02385,2026-07-28,Late delivery
C02385,2026-08-10,Stock-out
C02385,2026-09-10,Stock-out
C02386,2025-02-03,Late delivery
C02387,2025-07-18,Stock-out
C02387,2026-02-22,Late delivery
C02387,2026-04-12,Late delivery
C02387,2026-09-20,Late delivery
C02388,2025-06-09,Late delivery
C02389,2025-09-08,Late delivery
C02389,2025-12-14,Stock-out
C02389,2025-12-18,Stock-out
C02389,2026-03-14,Late delivery
C02389,2026-04-28,Stock-out
C02389,2026-07-10,Stock-out
C02389,2026-08-08,Stock-out
C02391,2025-01-22,Late delivery
C02391,2025-02-13,Late delivery
C02391,2025-03-25,Late delivery
C02391,2025-09-19,Late delivery
C02391,2025-10-21,Late delivery
C02391,2025-12-15,Product quality
C02391,2026-04-21,Late delivery
C02391,2026-04-28,Stock-out
C02391,2026-05-14,Stock-out
C02391,2026-09-07,Late delivery
C02391,2026-09-13,Late delivery
C02392,2025-05-08,Stock-out
C02392,2025-05-22,Stock-out
C02392,2025-07-28,Stock-out
C02392,2025-08-11,Late delivery
C02392,2025-08-21,Late delivery
C02392,2025-09-19,Stock-out
C02392,2025-10-12,Late delivery
C02392,2025-10-14,Stock-out
C02392,2025-11-05,Late delivery
C02392,2025-12-27,Stock-out
C02392,2026-03-15,Late delivery
C02392,2026-04-22,Late delivery
C02392,2026-06-07,Late delivery
C02392,2026-06-22,Late delivery
C02392,2026-08-09,Stock-out
C02392,2026-08-28,Late delivery
C02392,2026-09-13,Late delivery
C02392,2026-09-16,Stock-out
C02393,2025-02-15,Stock-out
C02394,2025-01-15,Product quality
C02394,2025-02-23,Stock-out
C02395,2025-07-21,Late delivery
C02395,2026-09-15,Product quality
C02396,2025-03-10,Late delivery
C02396,2025-04-24,Stock-out
C02396,2025-05-04,Late delivery
C02396,2025-07-28,Late delivery
C02396,2025-11-16,Late delivery
C02396,2025-12-25,Stock-out
C02396,2026-01-27,Stock-out
C02396,2026-05-22,Late delivery
C02397,2025-03-28,Late delivery
C02398,2025-03-24,Late delivery
C02398,2025-09-13,Late delivery
C02398,2026-04-28,Stock-out
C02398,2026-09-28,Late delivery
C02399,2025-09-16,Late delivery
C02399,2025-10-25,Stock-out
C02399,2025-11-15,Product quality
C02399,2026-02-21,Late delivery
C02399,2026-03-17,Late delivery
C02399,2026-06-18,Late delivery
C02399,2026-07-15,Stock-out
C02399,2026-07-20,Late delivery
C02399,2026-09-05,Late delivery
C02400,2025-02-27,Stock-out
C02401,2026-02-28,Late delivery
C02401,2026-08-10,Late delivery
C02403,2025-03-13,Stock-out
C02403,2025-04-04,Late delivery
C02403,2025-05-05,Stock-out
C02404,2025-02-15,Late delivery
C02404,2025-05-09,Stock-out
C02404,2026-03-19,Late delivery
C02404,2026-08-16,Stock-out
C02405,2025-01-28,Late delivery
C02405,2025-03-08,Stock-out
C02405,2025-06-07,Late delivery
C02405,2025-07-15,Stock-out
C02405,2025-12-13,Late delivery
C02405,2025-12-25,Late delivery
C02405,2026-01-05,Late delivery
C02405,2026-01-27,Late delivery
C02405,2026-02-10,Late delivery
C02405,2026-02-14,Late delivery
C02405,2026-02-21,Stock-out
C02406,2025-03-06,Late delivery
C02406,2025-03-06,Late delivery
C02406,2025-04-14,Late delivery
C02406,2025-05-12,Stock-out
C02406,2026-02-28,Late delivery
C02406,2026-04-24,Late delivery
C02406,2026-06-10,Late delivery
C02406,2026-08-28,Stock-out
C02407,2025-01-11,Late delivery
C02407,2025-01-27,Late delivery
C02408,2025-12-09,Stock-out
C02408,2026-04-04,Late delivery
C02409,2026-02-03,Late delivery
C02409,2026-02-11,Late delivery
C02409,2026-02-18,Stock-out
C02409,2026-05-19,Late delivery
C02409,2026-07-12,Late delivery
C02409,2026-07-24,Late delivery
C02409,2026-08-26,Late delivery
C02409,2026-08-28,Stock-out
C02409,2026-09-04,Stock-out
C02409,2026-09-21,Late delivery
C02410,2026-03-15,Pricing
C02411,2025-05-05,Stock-out
C02411,2026-04-19,Stock-out
C02412,2025-02-15,Late delivery
C02412,2026-02-05,Late delivery
C02412,2026-05-15,Product quality
C02412,2026-06-16,Late delivery
C02412,2026-09-15,Stock-out
C02412,2026-09-16,Stock-out
C02412,2026-09-24,Late delivery
C02412,2026-09-27,Late delivery
C02412,2026-09-28,Stock-out
C02414,2025-08-15,Late delivery
C02414,2025-08-19,Late delivery
C02414,2025-09-05,Late delivery
C02414,2025-12-15,Late delivery
C02415,2026-04-20,Stock-out
C02416,2025-08-20,Late delivery
C02416,2025-09-11,Late delivery
C02416,2025-11-25,Stock-out
C02416,2025-11-26,Late delivery
C02416,2025-11-28,Late delivery
C02416,2025-12-09,Stock-out
C02416,2025-12-11,Stock-out
C02416,2025-12-23,Late delivery
C02416,2025-12-24,Late delivery
C02416,2025-12-24,Stock-out
C02416,2026-01-19,Late delivery
C02416,2026-02-07,Late delivery
C02416,2026-04-16,Late delivery
C02418,2025-08-21,Stock-out
C02418,2026-03-21,Stock-out
C02418,2026-06-06,Stock-out
C02418,2026-06-28,Stock-out
C02419,2025-02-19,Late delivery
C02419,2025-05-09,Stock-out
C02419,2026-03-22,Stock-out
C02419,2026-09-20,Late delivery
C02420,2025-07-15,Product quality
C02423,2025-07-15,Pricing
C02423,2025-08-28,Stock-out
C02423,2025-10-13,Stock-out
C02423,2025-11-03,Late delivery
C02423,2026-01-07,Stock-out
C02423,2026-01-18,Stock-out
C02423,2026-02-07,Late delivery
C02424,2025-11-19,Stock-out
C02424,2025-12-17,Late delivery
C02424,2026-01-17,Late delivery
C02424,2026-07-04,Late delivery
C02425,2025-05-18,Late delivery
C02425,2026-03-20,Late delivery
C02425,2026-05-06,Late delivery
C02425,2026-07-20,Late delivery
C02425,2026-09-24,Late delivery
C02426,2025-07-28,Late delivery
C02426,2025-08-08,Stock-out
C02427,2025-11-22,Late delivery
C02427,2025-12-16,Stock-out
C02428,2025-10-25,Late delivery
C02428,2026-07-06,Late delivery
C02429,2025-09-26,Stock-out
C02434,2025-04-05,Late delivery
C02434,2025-11-21,Late delivery
C02434,2026-04-08,Late delivery
C02434,2026-04-28,Stock-out
C02435,2025-08-25,Stock-out
C02436,2025-12-22,Stock-out
C02438,2025-05-17,Late delivery
C02438,2025-06-25,Late delivery
C02438,2026-08-15,Product quality
C02440,2025-11-05,Late delivery
C02440,2026-06-16,Late delivery
C02440,2026-07-12,Late delivery
C02441,2025-02-24,Late delivery
C02441,2025-05-27,Late delivery
C02441,2025-07-11,Late delivery
C02442,2025-01-18,Stock-out
C02442,2025-05-16,Late delivery
C02442,2025-09-07,Stock-out
C02442,2025-10-18,Late delivery
C02442,2025-12-22,Late delivery
C02444,2025-03-09,Late delivery
C02444,2025-03-14,Stock-out
C02444,2025-08-15,Pricing
C02444,2025-09-17,Late delivery
C02444,2025-10-17,Stock-out
C02444,2025-12-03,Stock-out
C02444,2025-12-20,Stock-out
C02444,2026-01-06,Late delivery
C02444,2026-02-23,Stock-out
C02444,2026-03-27,Late delivery
C02444,2026-08-11,Late delivery
C02447,2025-04-19,Late delivery
C02447,2025-05-12,Stock-out
C02447,2025-11-21,Stock-out
C02447,2026-01-20,Stock-out
C02447,2026-02-28,Late delivery
C02447,2026-03-15,Late delivery
C02448,2025-05-10,Late delivery
C02449,2025-07-14,Stock-out
C02449,2025-08-19,Late delivery
C02449,2025-11-10,Late delivery
C02450,2025-05-03,Stock-out
C02450,2025-07-22,Late delivery
C02450,2025-09-07,Late delivery
C02450,2025-09-26,Stock-out
C02450,2025-10-15,Stock-out
C02450,2025-10-27,Late delivery
C02450,2026-05-10,Late delivery
C02451,2025-12-28,Late delivery
C02452,2025-02-12,Stock-out
C02452,2025-07-03,Late delivery
C02452,2025-08-06,Late delivery
C02452,2025-08-20,Late delivery
C02452,2026-03-12,Stock-out
C02452,2026-04-16,Late delivery
C02452,2026-08-05,Late delivery
C02453,2025-11-14,Stock-out
C02453,2025-12-03,Stock-out
C02453,2025-12-18,Late delivery
C02453,2025-12-21,Late delivery
C02453,2026-01-08,Late delivery
C02453,2026-02-09,Late delivery
C02453,2026-04-13,Late delivery
C02453,2026-04-14,Stock-out
C02453,2026-04-15,Late delivery
C02453,2026-04-17,Late delivery
C02453,2026-05-11,Stock-out
C02453,2026-06-23,Stock-out
C02454,2026-02-17,Late delivery
C02457,2025-03-18,Late delivery
C02457,2025-03-26,Stock-out
C02457,2025-04-15,Late delivery
C02457,2025-04-19,Late delivery
C02457,2026-01-23,Late delivery
C02457,2026-04-23,Stock-out
C02458,2025-09-11,Late delivery
C02459,2025-02-19,Late delivery
C02459,2025-02-28,Late delivery
C02460,2025-02-15,Pricing
C02461,2025-03-23,Late delivery
C02461,2025-03-26,Stock-out
C02461,2025-09-06,Late delivery
C02461,2025-09-15,Late delivery
C02461,2025-10-20,Stock-out
C02461,2025-11-23,Late delivery
C02461,2025-11-24,Late delivery
C02461,2026-02-14,Stock-out
C02461,2026-03-23,Stock-out
C02462,2025-08-07,Stock-out
C02464,2025-01-08,Late delivery
C02464,2025-03-15,Pricing
C02464,2025-07-14,Late delivery
C02464,2025-08-17,Stock-out
C02465,2026-03-20,Stock-out
C02465,2026-09-06,Late delivery
C02469,2025-08-14,Late delivery
C02470,2026-06-17,Stock-out
C02471,2025-04-05,Stock-out
C02471,2025-07-14,Late delivery
C02471,2025-08-11,Late delivery
C02471,2025-08-15,Pricing
C02471,2025-09-15,Pricing
C02471,2025-11-05,Stock-out
C02471,2026-01-20,Late delivery
C02471,2026-03-13,Stock-out
C02471,2026-04-04,Late delivery
C02471,2026-04-12,Stock-out
C02471,2026-06-19,Late delivery
C02471,2026-07-03,Stock-out
C02471,2026-07-28,Late delivery
C02472,2025-11-03,Late delivery
C02472,2025-11-10,Stock-out
C02472,2026-02-06,Stock-out
C02472,2026-03-21,Late delivery
C02473,2025-03-11,Stock-out
C02473,2025-05-07,Late delivery
C02473,2025-05-12,Late delivery
C02474,2025-01-09,Stock-out
C02474,2025-06-08,Late delivery
C02474,2025-08-12,Late delivery
C02474,2025-08-15,Late delivery
C02475,2025-01-08,Stock-out
C02475,2025-01-18,Late delivery
C02475,2025-02-08,Late delivery
C02475,2025-03-07,Late delivery
C02475,2025-05-11,Stock-out
C02475,2025-05-28,Stock-out
C02478,2025-02-08,Late delivery
C02478,2025-02-10,Late delivery
C02478,2025-02-15,Late delivery
C02478,2025-03-11,Late delivery
C02479,2025-01-03,Late delivery
C02479,2025-09-03,Stock-out
C02479,2025-09-25,Stock-out
C02479,2026-01-16,Late delivery
C02479,2026-02-09,Late delivery
C02479,2026-03-24,Late delivery
C02480,2025-11-23,Late delivery
C02481,2025-07-19,Stock-out
C02481,2025-09-05,Stock-out
C02481,2026-02-15,Late delivery
C02481,2026-05-15,Stock-out
C02481,2026-06-13,Stock-out
C02482,2025-02-06,Late delivery
C02482,2025-04-10,Late delivery
C02483,2026-02-23,Late delivery
C02483,2026-04-28,Late delivery
C02483,2026-08-12,Late delivery
C02484,2025-04-15,Pricing
C02484,2025-04-23,Late delivery
C02486,2025-03-13,Stock-out
C02486,2025-08-07,Stock-out
C02486,2025-12-23,Stock-out
C02487,2025-01-11,Stock-out
C02489,2025-10-21,Late delivery
C02489,2025-11-10,Stock-out
C02489,2025-11-10,Stock-out
C02489,2025-11-22,Stock-out
C02489,2025-11-26,Late delivery
C02489,2026-01-26,Late delivery
C02489,2026-06-05,Late delivery
C02489,2026-06-12,Stock-out
C02489,2026-08-25,Stock-out
C02490,2025-10-23,Late delivery
C02490,2025-12-07,Stock-out
C02491,2025-04-10,Late delivery
C02492,2026-05-26,Late delivery
C02493,2025-09-05,Late delivery
C02493,2026-06-05,Stock-out
C02494,2026-03-03,Late delivery
C02494,2026-09-06,Stock-out
C02495,2025-09-28,Late delivery
C02496,2025-09-14,Late delivery
C02496,2026-02-16,Stock-out
C02498,2025-09-15,Product quality
C02499,2025-02-18,Stock-out
C02500,2025-11-06,Stock-out
C02500,2026-05-21,Stock-out
C02502,2025-01-14,Stock-out
C02502,2025-01-14,Stock-out
C02502,2025-04-28,Stock-out
C02503,2025-10-14,Late delivery
C02504,2025-02-27,Late delivery
C02504,2025-05-07,Stock-out
C02504,2025-06-15,Late delivery
C02504,2025-08-10,Late delivery
C02504,2025-08-28,Late delivery
C02504,2025-11-08,Late delivery
C02504,2025-12-09,Late delivery
C02504,2026-02-08,Late delivery
C02505,2025-11-26,Late delivery
C02505,2026-01-15,Stock-out
C02505,2026-02-18,Late delivery
C02505,2026-04-09,Late delivery
C02505,2026-05-12,Late delivery
C02505,2026-07-14,Stock-out
C02505,2026-07-19,Stock-out
C02505,2026-09-14,Late delivery
C02505,2026-09-16,Late delivery
C02506,2025-03-07,Stock-out
C02506,2026-03-15,Late delivery
C02508,2025-01-06,Late delivery
C02509,2025-01-17,Late delivery
C02509,2025-01-23,Late delivery
C02509,2025-03-20,Late delivery
C02509,2025-04-18,Stock-out
C02509,2025-11-04,Stock-out
C02509,2026-04-09,Stock-out
C02509,2026-06-24,Late delivery
C02510,2026-01-28,Late delivery
C02510,2026-02-14,Stock-out
C02510,2026-02-17,Late delivery
C02510,2026-03-06,Late delivery
C02510,2026-03-15,Product quality
C02510,2026-03-24,Late delivery
C02510,2026-04-04,Late delivery
C02510,2026-06-22,Late delivery
C02510,2026-07-19,Late delivery
C02510,2026-07-23,Late delivery
C02510,2026-08-04,Late delivery
C02510,2026-09-22,Late delivery
C02513,2025-01-04,Late delivery
C02513,2025-09-15,Product quality
C02513,2025-10-26,Late delivery
C02513,2025-11-27,Late delivery
C02513,2025-12-19,Late delivery
C02513,2026-02-15,Late delivery
C02513,2026-04-03,Late delivery
C02513,2026-06-28,Late delivery
C02514,2025-05-14,Stock-out
C02514,2025-05-21,Late delivery
C02514,2026-04-15,Pricing
C02514,2026-09-13,Late delivery
C02515,2025-07-13,Late delivery
C02515,2026-01-15,Late delivery
C02518,2025-06-21,Stock-out
C02518,2025-08-15,Late delivery
C02518,2025-11-25,Late delivery
C02521,2025-02-08,Late delivery
C02522,2025-04-04,Late delivery
C02522,2025-10-18,Stock-out
C02524,2025-01-10,Late delivery
C02524,2025-04-15,Late delivery
C02525,2025-01-24,Stock-out
C02525,2025-05-18,Stock-out
C02525,2025-08-06,Late delivery
C02525,2025-08-14,Late delivery
C02525,2025-08-26,Late delivery
C02525,2025-09-11,Stock-out
C02525,2025-11-16,Stock-out
C02525,2026-07-26,Stock-out
C02526,2026-05-16,Late delivery
C02526,2026-08-28,Stock-out
C02527,2025-09-17,Late delivery
C02527,2025-10-03,Late delivery
C02527,2026-01-16,Stock-out
C02527,2026-04-21,Stock-out
C02527,2026-08-05,Late delivery
C02528,2025-07-20,Late delivery
C02529,2025-12-20,Late delivery
C02530,2025-04-28,Late delivery
C02530,2025-06-18,Late delivery
C02530,2026-03-26,Late delivery
C02531,2025-01-12,Late delivery
C02531,2025-04-28,Stock-out
C02531,2025-06-13,Late delivery
C02531,2025-11-04,Stock-out
C02531,2025-11-19,Late delivery
C02531,2025-12-21,Stock-out
C02531,2026-05-16,Late delivery
C02533,2025-11-05,Late delivery
C02533,2025-12-10,Late delivery
C02533,2026-03-27,Late delivery
C02534,2025-06-03,Late delivery
C02535,2025-05-16,Late delivery
C02535,2025-11-28,Late delivery
C02535,2026-01-28,Late delivery
C02536,2025-03-11,Late delivery
C02536,2025-05-18,Late delivery
C02537,2025-05-16,Stock-out
C02537,2025-09-07,Late delivery
C02537,2026-06-03,Stock-out
C02538,2025-05-06,Stock-out
C02538,2025-06-10,Stock-out
C02538,2025-08-03,Stock-out
C02538,2026-02-23,Stock-out
C02539,2025-02-13,Late delivery
C02539,2025-05-13,Stock-out
C02539,2025-05-26,Late delivery
C02539,2025-09-09,Stock-out
C02539,2025-10-05,Late delivery
C02539,2025-12-11,Stock-out
C02539,2025-12-14,Late delivery
C02539,2026-01-04,Late delivery
C02539,2026-01-13,Late delivery
C02539,2026-03-25,Late delivery
C02539,2026-04-18,Late delivery
C02539,2026-04-28,Late delivery
C02539,2026-05-07,Late delivery
C02539,2026-06-11,Stock-out
C02539,2026-08-10,Late delivery
C02539,2026-08-25,Late delivery
C02540,2025-01-16,Stock-out
C02540,2025-01-22,Late delivery
C02540,2025-07-10,Late delivery
C02541,2025-01-03,Late delivery
C02541,2025-01-07,Stock-out
C02541,2025-02-25,Stock-out
C02541,2025-05-16,Stock-out
C02541,2025-06-10,Stock-out
C02541,2025-07-09,Late delivery
C02541,2025-07-12,Stock-out
C02541,2025-07-16,Late delivery
C02541,2025-07-16,Late delivery
C02541,2025-08-18,Stock-out
C02541,2025-08-22,Late delivery
C02541,2025-09-10,Late delivery
C02541,2026-02-15,Late delivery
C02541,2026-02-15,Product quality
C02541,2026-03-06,Late delivery
C02541,2026-03-23,Stock-out
C02541,2026-04-17,Stock-out
C02541,2026-06-24,Stock-out
C02541,2026-08-20,Stock-out
C02541,2026-09-26,Stock-out
C02542,2025-02-14,Late delivery
C02542,2025-04-13,Stock-out
C02542,2025-06-15,Product quality
C02542,2026-01-27,Stock-out
C02542,2026-02-09,Late delivery
C02542,2026-03-26,Stock-out
C02542,2026-06-11,Stock-out
C02542,2026-06-22,Late delivery
C02542,2026-08-08,Stock-out
C02543,2025-05-14,Stock-out
C02543,2025-09-13,Late delivery
C02543,2025-10-07,Late delivery
C02543,2025-10-28,Late delivery
C02543,2026-01-25,Late delivery
C02543,2026-02-11,Late delivery
C02543,2026-04-08,Late delivery
C02543,2026-06-12,Late delivery
C02544,2026-05-06,Late delivery
C02544,2026-05-15,Late delivery
C02544,2026-07-12,Late delivery
C02546,2025-06-10,Late delivery
C02546,2025-06-12,Stock-out
C02546,2025-12-19,Stock-out
C02546,2026-01-08,Stock-out
C02546,2026-07-05,Stock-out
C02547,2025-12-27,Late delivery
C02547,2026-07-15,Late delivery
C02548,2025-04-15,Pricing
C02548,2025-05-09,Stock-out
C02548,2026-05-04,Late delivery
C02549,2025-02-11,Late delivery
C02549,2025-05-10,Late delivery
C02549,2025-06-28,Late delivery
C02549,2025-07-09,Stock-out
C02549,2025-07-12,Stock-out
C02549,2025-08-26,Late delivery
C02550,2025-11-21,Late delivery
C02550,2026-09-03,Stock-out
C02552,2025-02-10,Stock-out
C02552,2025-02-11,Stock-out
C02552,2025-03-18,Stock-out
C02552,2025-03-19,Late delivery
C02552,2025-06-19,Late delivery
C02552,2025-11-19,Late delivery
C02552,2026-01-23,Late delivery
C02552,2026-04-10,Stock-out
C02552,2026-05-19,Late delivery
C02552,2026-06-11,Late delivery
C02552,2026-07-04,Stock-out
C02552,2026-07-19,Stock-out
C02552,2026-07-19,Late delivery
C02552,2026-08-06,Late delivery
C02552,2026-09-18,Late delivery
C02553,2025-12-03,Late delivery
C02555,2025-02-04,Stock-out
C02555,2025-06-22,Stock-out
C02555,2025-08-08,Late delivery
C02555,2025-09-22,Late delivery
C02557,2025-01-04,Stock-out
C02557,2025-01-28,Late delivery
C02557,2025-02-06,Stock-out
C02558,2025-06-16,Stock-out
C02558,2025-07-26,Late delivery
C02558,2025-08-18,Late delivery
C02558,2025-08-20,Stock-out
C02558,2025-09-26,Stock-out
C02558,2026-04-13,Late delivery
C02558,2026-05-13,Late delivery
C02559,2025-02-18,Late delivery
C02559,2025-02-20,Stock-out
C02559,2025-03-03,Stock-out
C02559,2025-03-25,Late delivery
C02559,2025-04-16,Stock-out
C02559,2025-04-22,Late delivery
C02559,2025-05-05,Late delivery
C02559,2025-05-05,Late delivery
C02559,2025-06-16,Stock-out
C02559,2025-09-09,Late delivery
C02559,2025-09-09,Late delivery
C02559,2025-12-15,Pricing
C02559,2026-01-07,Stock-out
C02559,2026-02-18,Late delivery
C02559,2026-03-11,Late delivery
C02559,2026-04-26,Late delivery
C02559,2026-05-20,Late delivery
C02559,2026-07-15,Stock-out
C02559,2026-07-18,Late delivery
C02559,2026-07-27,Stock-out
C02560,2025-02-11,Stock-out
C02560,2025-11-15,Pricing
C02560,2025-12-27,Late delivery
C02560,2026-01-06,Late delivery
C02560,2026-04-12,Late delivery
C02561,2025-04-27,Late delivery
C02561,2025-05-10,Late delivery
C02561,2025-10-03,Late delivery
C02561,2026-01-07,Stock-out
C02564,2025-03-07,Stock-out
C02564,2025-03-24,Stock-out
C02564,2025-04-27,Late delivery
C02564,2025-04-28,Stock-out
C02564,2025-06-04,Stock-out
C02564,2025-10-03,Late delivery
C02564,2025-10-12,Late delivery
C02564,2026-06-27,Stock-out
C02566,2025-01-08,Late delivery
C02567,2025-01-06,Late delivery
C02567,2025-06-15,Product quality
C02567,2025-07-11,Stock-out
C02567,2025-09-26,Stock-out
C02567,2025-10-11,Stock-out
C02567,2026-08-17,Late delivery
C02569,2025-02-15,Late delivery
C02571,2026-03-08,Late delivery
C02571,2026-08-11,Late delivery
C02572,2025-01-12,Late delivery
C02572,2025-02-05,Late delivery
C02572,2025-03-23,Late delivery
C02572,2025-03-26,Stock-out
C02572,2025-10-16,Stock-out
C02572,2025-11-11,Late delivery
C02572,2026-01-08,Stock-out
C02572,2026-01-19,Stock-out
C02572,2026-02-04,Stock-out
C02572,2026-02-20,Late delivery
C02572,2026-05-07,Late delivery
C02572,2026-05-25,Stock-out
C02572,2026-07-27,Stock-out
C02572,2026-08-11,Late delivery
C02572,2026-09-24,Late delivery
C02573,2025-10-28,Late delivery
C02573,2025-12-10,Late delivery
C02573,2025-12-13,Late delivery
C02573,2026-03-04,Late delivery
C02573,2026-03-23,Late delivery
C02573,2026-05-27,Late delivery
C02574,2026-02-24,Late delivery
C02574,2026-09-28,Late delivery
C02575,2025-01-27,Stock-out
C02575,2025-01-28,Stock-out
C02575,2025-02-16,Stock-out
C02575,2025-03-14,Late delivery
C02575,2025-03-20,Late delivery
C02575,2025-03-24,Stock-out
C02575,2025-04-09,Late delivery
C02575,2025-04-26,Late delivery
C02575,2025-05-15,Pricing
C02575,2025-05-26,Stock-out
C02575,2025-06-12,Late delivery
C02575,2025-06-16,Late delivery
C02575,2025-06-28,Late delivery
C02575,2025-07-25,Stock-out
C02575,2025-08-05,Stock-out
C02575,2025-08-11,Late delivery
C02575,2025-08-24,Late delivery
C02575,2025-09-12,Stock-out
C02575,2025-09-20,Stock-out
C02575,2025-09-28,Late delivery
C02575,2025-11-10,Stock-out
C02575,2025-11-17,Late delivery
C02575,2025-11-20,Stock-out
C02575,2025-11-22,Late delivery
C02575,2025-12-20,Late delivery
C02575,2026-01-09,Late delivery
C02575,2026-02-09,Stock-out
C02575,2026-02-10,Late delivery
C02577,2025-12-23,Stock-out
C02578,2026-05-22,Late delivery
C02580,2025-01-07,Late delivery
C02580,2025-06-09,Stock-out
C02580,2025-07-10,Stock-out
C02580,2025-09-20,Late delivery
C02580,2026-04-03,Stock-out
C02580,2026-04-05,Stock-out
C02580,2026-08-23,Stock-out
C02582,2025-03-20,Late delivery
C02582,2025-04-11,Stock-out
C02582,2025-04-13,Stock-out
C02582,2025-06-05,Late delivery
C02582,2025-08-07,Late delivery
C02582,2025-08-28,Late delivery
C02582,2025-09-19,Late delivery
C02582,2025-09-24,Stock-out
C02582,2025-10-14,Late delivery
C02582,2025-10-22,Late delivery
C02582,2025-11-23,Late delivery
C02582,2025-11-28,Late delivery
C02582,2026-02-13,Stock-out
C02582,2026-04-09,Late delivery
C02582,2026-04-24,Late delivery
C02582,2026-07-24,Stock-out
C02583,2025-01-06,Late delivery
C02583,2025-03-18,Late delivery
C02583,2025-05-04,Stock-out
C02583,2025-05-07,Stock-out
C02584,2025-01-15,Pricing
C02584,2025-02-17,Late delivery
C02584,2026-04-24,Stock-out
C02584,2026-05-10,Late delivery
C02585,2025-02-15,Product quality
C02585,2025-04-11,Stock-out
C02585,2025-07-03,Stock-out
C02585,2025-07-04,Stock-out
C02585,2025-07-26,Stock-out
C02585,2025-10-05,Late delivery
C02585,2025-10-14,Late delivery
C02585,2026-01-24,Stock-out
C02587,2025-07-08,Late delivery
C02589,2025-02-13,Late delivery
C02589,2025-03-20,Late delivery
C02591,2025-12-25,Late delivery
C02591,2026-05-06,Stock-out
C02592,2025-02-23,Stock-out
C02592,2025-03-16,Late delivery
C02593,2025-01-12,Stock-out
C02595,2025-02-20,Stock-out
C02595,2025-07-28,Late delivery
C02595,2025-09-06,Late delivery
C02595,2025-11-08,Late delivery
C02598,2025-01-05,Late delivery
C02598,2025-03-13,Stock-out
C02598,2025-03-28,Late delivery
C02598,2025-04-03,Late delivery
C02598,2025-05-21,Stock-out
C02598,2025-05-21,Stock-out
C02598,2025-06-08,Late delivery
C02598,2025-06-16,Late delivery
C02598,2025-07-06,Stock-out
C02598,2025-07-08,Late delivery
C02598,2025-07-08,Stock-out
C02598,2025-07-14,Late delivery
C02598,2025-08-16,Late delivery
C02598,2025-08-23,Stock-out
C02598,2025-08-24,Late delivery
C02598,2025-08-26,Late delivery
C02598,2025-09-20,Late delivery
C02598,2025-10-20,Late delivery
C02598,2025-11-07,Late delivery
C02598,2025-11-13,Late delivery
C02598,2026-01-07,Stock-out
C02598,2026-01-24,Late delivery
C02598,2026-01-26,Stock-out
C02598,2026-02-08,Stock-out
C02598,2026-02-09,Stock-out
C02598,2026-02-26,Stock-out
C02598,2026-02-28,Late delivery
C02598,2026-03-10,Late delivery
C02601,2025-02-18,Late delivery
C02601,2025-05-19,Late delivery
C02601,2025-10-15,Product quality
C02602,2025-06-15,Late delivery
C02602,2025-08-10,Late delivery
C02602,2025-12-12,Stock-out
C02602,2026-01-16,Late delivery
C02603,2025-02-24,Late delivery
C02603,2025-03-15,Stock-out
C02603,2025-04-06,Late delivery
C02603,2025-04-15,Product quality
C02603,2025-07-18,Late delivery
C02603,2025-08-05,Late delivery
C02603,2025-08-05,Late delivery
C02603,2025-09-06,Stock-out
C02603,2025-09-11,Late delivery
C02603,2025-09-28,Late delivery
C02603,2026-03-10,Stock-out
C02603,2026-03-28,Late delivery
C02603,2026-04-12,Stock-out
C02603,2026-04-12,Late delivery
C02603,2026-05-10,Late delivery
C02603,2026-07-13,Late delivery
C02604,2025-01-26,Late delivery
C02604,2025-01-26,Late delivery
C02604,2025-02-15,Product quality
C02605,2025-01-28,Late delivery
C02605,2025-11-16,Stock-out
C02606,2025-10-22,Late delivery
C02606,2026-04-15,Pricing
C02606,2026-07-24,Stock-out
C02606,2026-08-22,Stock-out
C02607,2025-02-28,Stock-out
C02607,2026-03-06,Late delivery
C02607,2026-09-11,Stock-out
C02608,2026-03-25,Late delivery
C02608,2026-05-06,Late delivery
C02610,2025-10-13,Late delivery
C02610,2026-05-20,Late delivery
C02611,2025-04-03,Late delivery
C02611,2025-04-07,Stock-out
C02613,2025-05-11,Late delivery
C02613,2025-05-20,Late delivery
C02614,2026-07-15,Product quality
C02615,2026-02-24,Late delivery
C02615,2026-03-19,Late delivery
C02615,2026-04-25,Late delivery
C02615,2026-07-10,Late delivery
C02615,2026-07-16,Late delivery
C02618,2025-01-11,Late delivery
C02618,2025-02-27,Stock-out
C02618,2025-03-10,Late delivery
C02618,2025-05-21,Late delivery
C02618,2025-10-03,Stock-out
C02618,2025-12-11,Late delivery
C02620,2026-05-13,Late delivery
C02620,2026-07-08,Stock-out
C02620,2026-08-18,Late delivery
C02621,2025-01-12,Stock-out
C02621,2025-07-15,Late delivery
C02621,2026-03-11,Late delivery
C02622,2025-01-13,Stock-out
C02622,2025-02-14,Late delivery
C02622,2025-04-25,Late delivery
C02622,2025-07-11,Late delivery
C02622,2025-10-16,Late delivery
C02622,2026-03-20,Stock-out
C02623,2025-12-24,Late delivery
C02623,2026-05-09,Late delivery
C02623,2026-05-26,Late delivery
C02624,2026-03-25,Stock-out
C02624,2026-05-21,Late delivery
C02625,2025-01-28,Late delivery
C02625,2025-02-05,Stock-out
C02625,2025-03-20,Late delivery
C02626,2025-01-09,Late delivery
C02626,2025-10-15,Product quality
C02627,2025-04-09,Late delivery
C02627,2026-04-15,Product quality
C02627,2026-06-16,Late delivery
C02628,2025-01-13,Late delivery
C02628,2025-11-27,Late delivery
C02628,2026-02-15,Pricing
C02629,2025-09-20,Stock-out
C02630,2025-01-13,Stock-out
C02631,2025-07-14,Stock-out
C02631,2025-09-14,Stock-out
C02631,2025-11-13,Late delivery
C02631,2026-03-28,Late delivery
C02632,2025-02-17,Stock-out
C02633,2025-08-13,Late delivery
C02633,2025-08-16,Late delivery
C02633,2025-09-06,Late delivery
C02633,2025-09-28,Stock-out
C02634,2025-07-08,Stock-out
C02634,2025-07-15,Stock-out
C02634,2025-08-19,Late delivery
C02634,2025-09-13,Late delivery
C02634,2025-09-15,Late delivery
C02634,2025-09-27,Late delivery
C02634,2025-11-19,Late delivery
C02634,2025-12-17,Late delivery
C02634,2026-01-06,Stock-out
C02634,2026-01-12,Stock-out
C02634,2026-01-27,Stock-out
C02634,2026-02-09,Stock-out
C02634,2026-03-13,Late delivery
C02634,2026-04-03,Late delivery
C02634,2026-09-10,Late delivery
C02634,2026-09-22,Late delivery
C02635,2025-09-23,Stock-out
C02637,2025-02-13,Late delivery
C02637,2025-04-18,Late delivery
C02637,2025-07-20,Late delivery
C02637,2025-11-28,Stock-out
C02637,2025-12-14,Stock-out
C02638,2025-01-20,Late delivery
C02638,2025-02-10,Stock-out
C02638,2025-02-15,Pricing
C02638,2025-04-10,Stock-out
C02638,2025-08-13,Late delivery
C02638,2025-09-03,Late delivery
C02638,2025-09-14,Late delivery
C02638,2025-12-27,Late delivery
C02640,2025-02-04,Stock-out
C02640,2025-03-19,Late delivery
C02640,2025-06-23,Late delivery
C02640,2025-11-03,Late delivery
C02640,2026-01-03,Late delivery
C02642,2025-05-26,Late delivery
C02642,2025-09-20,Late delivery
C02642,2026-01-15,Late delivery
C02642,2026-02-17,Stock-out
C02642,2026-06-18,Late delivery
C02643,2025-01-11,Late delivery
C02643,2025-01-17,Late delivery
C02643,2025-02-04,Late delivery
C02643,2025-03-24,Late delivery
C02643,2025-04-23,Late delivery
C02643,2025-05-04,Stock-out
C02643,2025-07-04,Stock-out
C02643,2025-07-08,Late delivery
C02643,2025-07-19,Late delivery
C02643,2025-09-11,Stock-out
C02643,2025-09-15,Late delivery
C02643,2025-10-05,Late delivery
C02643,2025-10-14,Late delivery
C02643,2025-10-20,Stock-out
C02643,2025-11-13,Late delivery
C02643,2025-11-20,Late delivery
C02643,2025-12-23,Stock-out
C02643,2026-01-24,Late delivery
C02643,2026-02-07,Late delivery
C02643,2026-02-14,Stock-out
C02643,2026-03-10,Stock-out
C02643,2026-03-18,Late delivery
C02643,2026-03-19,Late delivery
C02643,2026-03-20,Late delivery
C02643,2026-04-12,Stock-out
C02643,2026-04-14,Late delivery
C02643,2026-05-24,Late delivery
C02643,2026-05-26,Late delivery
C02643,2026-07-10,Late delivery
C02645,2025-01-10,Late delivery
C02645,2025-02-06,Late delivery
C02645,2025-02-17,Stock-out
C02645,2025-04-03,Late delivery
C02645,2025-04-03,Late delivery
C02645,2025-04-04,Late delivery
C02645,2025-04-16,Stock-out
C02645,2025-04-19,Late delivery
C02645,2025-04-23,Stock-out
C02645,2025-05-25,Late delivery
C02645,2025-06-27,Late delivery
C02645,2025-08-03,Late delivery
C02645,2025-08-09,Late delivery
C02645,2025-08-24,Late delivery
C02645,2025-09-21,Late delivery
C02645,2025-09-28,Stock-out
C02645,2026-01-25,Late delivery
C02645,2026-01-28,Stock-out
C02645,2026-03-09,Stock-out
C02645,2026-04-09,Stock-out
C02645,2026-05-11,Stock-out
C02645,2026-05-18,Stock-out
C02645,2026-05-19,Stock-out
C02645,2026-05-27,Late delivery
C02645,2026-06-07,Late delivery
C02645,2026-06-15,Late delivery
C02645,2026-06-20,Late delivery
C02645,2026-07-09,Late delivery
C02645,2026-09-23,Stock-out
C02646,2026-04-15,Pricing
C02647,2025-02-06,Late delivery
C02647,2025-08-04,Late delivery
C02647,2025-09-05,Late delivery
C02647,2025-09-27,Late delivery
C02647,2025-10-19,Stock-out
C02647,2025-12-24,Late delivery
C02647,2026-01-04,Stock-out
C02647,2026-01-11,Late delivery
C02647,2026-06-08,Late delivery
C02647,2026-09-27,Stock-out
C02648,2025-06-12,Stock-out
C02649,2025-09-22,Late delivery
C02649,2025-10-10,Late delivery
C02649,2025-10-10,Late delivery
C02649,2025-11-10,Stock-out
C02649,2026-01-05,Late delivery
C02649,2026-05-11,Late delivery
C02649,2026-05-11,Stock-out
C02649,2026-05-23,Late delivery
C02651,2025-11-07,Stock-out
C02652,2025-07-25,Late delivery
C02653,2025-08-06,Stock-out
C02653,2025-08-15,Product quality
C02653,2025-09-07,Late delivery
C02653,2025-12-23,Stock-out
C02653,2026-02-19,Stock-out
C02653,2026-04-17,Late delivery
C02654,2025-10-19,Late delivery
C02654,2026-04-06,Stock-out
C02654,2026-09-21,Stock-out
C02655,2025-08-19,Late delivery
C02655,2025-09-22,Late delivery
C02655,2026-03-24,Stock-out
C02656,2025-05-17,Late delivery
C02657,2025-05-11,Late delivery
C02657,2025-09-13,Late delivery
C02657,2025-09-25,Late delivery
C02657,2025-10-28,Stock-out
C02657,2026-01-14,Late delivery
C02657,2026-03-19,Stock-out
C02660,2025-01-11,Late delivery
C02660,2025-03-08,Late delivery
C02660,2025-05-04,Stock-out
C02660,2025-05-13,Stock-out
C02660,2025-10-27,Late delivery
C02660,2025-12-21,Late delivery
C02660,2026-04-26,Late delivery
C02660,2026-05-13,Late delivery
C02662,2025-12-18,Late delivery
C02662,2026-01-20,Late delivery
C02663,2025-08-27,Late delivery
C02663,2025-12-25,Stock-out
C02663,2026-02-16,Late delivery
C02664,2025-07-19,Late delivery
C02666,2025-09-23,Late delivery
C02666,2025-11-05,Stock-out
C02666,2025-12-15,Product quality
C02667,2025-07-11,Stock-out
C02668,2025-01-03,Late delivery
C02668,2025-04-07,Late delivery
C02668,2025-09-28,Late delivery
C02668,2025-12-24,Late delivery
C02669,2025-09-14,Late delivery
C02669,2025-10-15,Stock-out
C02669,2026-03-24,Late delivery
C02669,2026-04-11,Stock-out
C02669,2026-07-11,Late delivery
C02671,2025-02-07,Late delivery
C02671,2025-03-05,Stock-out
C02671,2025-03-05,Late delivery
C02671,2025-03-13,Stock-out
C02671,2025-08-25,Late delivery
C02671,2025-10-04,Late delivery
C02671,2026-08-05,Stock-out
C02672,2025-03-17,Late delivery
C02673,2025-01-15,Late delivery
C02673,2025-04-15,Late delivery
C02673,2025-06-26,Late delivery
C02673,2025-07-08,Late delivery
C02673,2025-07-16,Late delivery
C02673,2025-08-07,Late delivery
C02673,2025-11-07,Late delivery
C02673,2025-11-17,Stock-out
C02674,2025-01-21,Stock-out
C02674,2025-06-23,Late delivery
C02674,2026-02-05,Late delivery
C02674,2026-07-19,Late delivery
C02675,2025-05-11,Late delivery
C02675,2025-07-18,Stock-out
C02677,2025-07-15,Pricing
C02677,2025-10-18,Stock-out
C02678,2025-06-12,Late delivery
C02678,2025-06-25,Stock-out
C02679,2025-01-03,Late delivery
C02679,2025-01-15,Late delivery
C02679,2025-01-24,Stock-out
C02679,2025-07-26,Late delivery
C02679,2025-08-22,Late delivery
C02679,2025-10-24,Stock-out
C02679,2025-12-10,Late delivery
C02679,2026-05-08,Late delivery
C02679,2026-07-03,Stock-out
C02679,2026-07-19,Late delivery
C02680,2025-07-11,Late delivery
C02680,2026-08-19,Stock-out
C02680,2026-09-05,Late delivery
C02681,2025-06-24,Stock-out
C02681,2025-08-05,Late delivery
C02681,2025-12-13,Late delivery
C02682,2025-01-09,Late delivery
C02682,2025-04-04,Stock-out
C02682,2025-04-05,Stock-out
C02682,2025-04-17,Late delivery
C02682,2025-09-20,Stock-out
C02682,2025-11-25,Late delivery
C02682,2026-08-15,Product quality
C02685,2025-02-25,Late delivery
C02685,2025-06-26,Stock-out
C02685,2025-07-27,Late delivery
C02685,2026-02-16,Stock-out
C02685,2026-03-15,Product quality
C02685,2026-04-25,Late delivery
C02685,2026-04-28,Late delivery
C02685,2026-05-24,Late delivery
C02685,2026-07-08,Stock-out
C02685,2026-07-22,Stock-out
C02686,2026-09-25,Late delivery
C02687,2025-05-05,Stock-out
C02687,2025-06-13,Late delivery
C02687,2025-06-17,Stock-out
C02687,2025-08-07,Late delivery
C02687,2025-08-28,Stock-out
C02687,2025-09-05,Late delivery
C02687,2025-12-20,Stock-out
C02687,2025-12-26,Stock-out
C02687,2026-05-18,Late delivery
C02687,2026-05-18,Late delivery
C02687,2026-07-19,Stock-out
C02688,2026-05-12,Late delivery
C02689,2025-03-24,Late delivery
C02689,2025-04-09,Late delivery
C02689,2025-05-03,Stock-out
C02689,2025-05-28,Late delivery
C02689,2025-06-03,Late delivery
C02689,2025-07-11,Stock-out
C02689,2025-09-23,Stock-out
C02689,2026-01-20,Stock-out
C02689,2026-01-27,Late delivery
C02689,2026-02-07,Stock-out
C02689,2026-02-26,Late delivery
C02689,2026-03-14,Late delivery
C02689,2026-03-16,Stock-out
C02689,2026-08-08,Stock-out
C02690,2025-02-15,Product quality
C02691,2025-01-28,Late delivery
C02691,2025-02-25,Stock-out
C02691,2025-11-21,Late delivery
C02691,2026-02-08,Late delivery
C02691,2026-03-23,Stock-out
C02694,2025-02-05,Stock-out
C02694,2025-06-27,Late delivery
C02695,2025-10-15,Product quality
C02696,2026-01-16,Stock-out
C02697,2025-01-19,Late delivery
C02697,2025-05-28,Late delivery
C02697,2025-12-09,Late delivery
C02697,2026-03-24,Stock-out
C02697,2026-07-08,Late delivery
C02699,2025-06-15,Late delivery
C02699,2025-07-15,Stock-out
C02699,2025-10-13,Late delivery
C02699,2025-10-21,Stock-out
C02699,2025-11-10,Late delivery
C02699,2025-12-15,Pricing
C02699,2026-03-15,Late delivery
C02701,2025-10-15,Product quality
C02702,2025-02-12,Late delivery
C02702,2025-05-09,Late delivery
C02702,2025-06-13,Late delivery
C02702,2025-06-25,Late delivery
C02702,2025-10-08,Stock-out
C02702,2025-11-28,Late delivery
C02702,2025-12-19,Late delivery
C02702,2026-06-15,Pricing
C02703,2025-01-24,Late delivery
C02703,2025-02-24,Late delivery
C02704,2025-11-16,Late delivery
C02704,2026-05-04,Stock-out
C02704,2026-05-23,Late delivery
C02704,2026-07-23,Late delivery
C02704,2026-09-07,Late delivery
C02705,2025-01-14,Late delivery
C02708,2025-06-23,Late delivery
C02708,2025-06-25,Late delivery
C02709,2025-06-23,Late delivery
C02710,2025-03-10,Stock-out
C02710,2026-03-08,Late delivery
C02711,2026-07-18,Late delivery
C02711,2026-08-07,Late delivery
C02711,2026-09-05,Late delivery
C02712,2025-05-03,Stock-out
C02712,2026-02-10,Late delivery
C02712,2026-04-03,Late delivery
C02714,2025-01-15,Product quality
C02715,2025-04-14,Late delivery
C02715,2025-05-25,Stock-out
C02715,2025-07-20,Late delivery
C02716,2025-05-15,Product quality
C02716,2025-07-24,Late delivery
C02716,2025-08-14,Stock-out
C02716,2025-09-07,Stock-out
C02716,2025-12-28,Late delivery
C02716,2026-01-11,Late delivery
C02716,2026-03-06,Late delivery
C02716,2026-08-18,Stock-out
C02717,2025-02-14,Late delivery
C02717,2026-01-10,Late delivery
C02717,2026-05-08,Late delivery
C02717,2026-08-10,Late delivery
C02718,2026-06-07,Stock-out
C02719,2025-10-14,Late delivery
C02719,2025-12-26,Stock-out
C02719,2026-02-08,Late delivery
C02720,2026-05-15,Pricing
C02721,2026-01-28,Stock-out
C02721,2026-02-17,Late delivery
C02721,2026-06-17,Late delivery
C02721,2026-08-09,Stock-out
C02721,2026-09-15,Late delivery
C02722,2025-01-05,Stock-out
C02722,2025-01-19,Stock-out
C02722,2025-01-21,Late delivery
C02722,2025-01-23,Stock-out
C02722,2025-02-28,Late delivery
C02722,2025-03-07,Stock-out
C02722,2025-04-23,Late delivery
C02722,2025-04-28,Late delivery
C02722,2025-06-22,Stock-out
C02722,2025-06-25,Late delivery
C02722,2025-08-07,Late delivery
C02722,2025-08-18,Late delivery
C02722,2025-09-05,Stock-out
C02722,2025-09-06,Late delivery
C02722,2025-09-12,Stock-out
C02722,2025-10-03,Late delivery
C02722,2025-10-06,Late delivery
C02722,2025-10-28,Late delivery
C02722,2025-11-09,Late delivery
C02722,2025-11-21,Late delivery
C02722,2026-03-28,Late delivery
C02722,2026-04-09,Late delivery
C02722,2026-04-21,Late delivery
C02722,2026-06-20,Late delivery
C02722,2026-08-25,Late delivery
C02722,2026-09-09,Late delivery
C02722,2026-09-16,Late delivery
C02723,2025-06-19,Late delivery
C02724,2025-06-05,Late delivery
C02724,2025-08-27,Late delivery
C02726,2026-01-22,Late delivery
C02727,2025-04-14,Stock-out
C02727,2025-05-19,Late delivery
C02727,2025-10-14,Late delivery
C02727,2025-12-23,Stock-out
C02727,2026-01-19,Late delivery
C02727,2026-03-12,Stock-out
C02727,2026-04-28,Stock-out
C02727,2026-05-09,Stock-out
C02727,2026-05-13,Late delivery
C02727,2026-06-07,Late delivery
C02727,2026-08-18,Late delivery
C02727,2026-09-07,Late delivery
C02727,2026-09-19,Late delivery
C02728,2025-06-11,Late delivery
C02728,2025-10-22,Stock-out
C02728,2026-01-12,Late delivery
C02728,2026-01-19,Late delivery
C02730,2025-01-03,Late delivery
C02730,2026-09-19,Late delivery
C02731,2025-10-15,Product quality
C02732,2025-02-22,Late delivery
C02732,2025-06-03,Late delivery
C02732,2025-06-22,Late delivery
C02732,2025-07-15,Late delivery
C02732,2026-02-11,Stock-out
C02732,2026-05-19,Late delivery
C02732,2026-08-05,Stock-out
C02733,2025-03-04,Late delivery
C02733,2025-05-04,Late delivery
C02733,2025-07-19,Late delivery
C02733,2025-10-06,Late delivery
C02733,2026-01-27,Late delivery
C02733,2026-03-07,Stock-out
C02733,2026-04-04,Stock-out
C02733,2026-04-12,Stock-out
C02733,2026-05-11,Late delivery
C02734,2025-01-15,Product quality
C02734,2025-06-12,Late delivery
C02734,2025-07-23,Late delivery
C02734,2025-09-18,Stock-out
C02734,2025-10-23,Late delivery
C02734,2025-12-12,Stock-out
C02734,2026-01-05,Late delivery
C02734,2026-04-17,Late delivery
C02735,2025-01-03,Late delivery
C02736,2026-07-06,Stock-out
C02738,2025-03-06,Stock-out
C02738,2025-12-15,Stock-out
C02739,2025-09-28,Late delivery
C02739,2026-06-04,Late delivery
C02739,2026-08-23,Late delivery
C02740,2025-04-26,Late delivery
C02740,2025-05-22,Stock-out
C02740,2025-05-26,Late delivery
C02740,2025-07-08,Late delivery
C02740,2025-08-07,Stock-out
C02740,2025-09-15,Late delivery
C02740,2025-10-13,Late delivery
C02740,2026-01-24,Late delivery
C02740,2026-02-21,Late delivery
C02740,2026-04-28,Stock-out
C02740,2026-05-23,Stock-out
C02740,2026-06-25,Stock-out
C02740,2026-07-06,Late delivery
C02740,2026-07-21,Late delivery
C02741,2025-01-24,Late delivery
C02741,2025-08-21,Late delivery
C02742,2025-04-21,Late delivery
C02743,2026-08-10,Late delivery
C02744,2026-04-28,Stock-out
C02744,2026-08-25,Late delivery
C02745,2025-03-13,Stock-out
C02745,2025-06-23,Late delivery
C02745,2025-11-03,Late delivery
C02745,2025-11-12,Late delivery
C02745,2026-06-22,Late delivery
C02745,2026-09-19,Late delivery
C02746,2025-06-04,Late delivery
C02747,2025-05-28,Stock-out
C02748,2025-01-20,Late delivery
C02748,2025-01-25,Stock-out
C02748,2025-02-19,Late delivery
C02748,2025-02-24,Stock-out
C02748,2025-03-12,Stock-out
C02748,2025-04-21,Stock-out
C02748,2025-05-12,Stock-out
C02748,2025-07-15,Product quality
C02748,2025-08-12,Stock-out
C02748,2025-11-05,Stock-out
C02749,2026-04-06,Late delivery
C02749,2026-06-15,Late delivery
C02750,2025-06-12,Late delivery
C02750,2025-06-12,Stock-out
C02750,2025-12-26,Late delivery
C02750,2026-01-27,Late delivery
C02751,2026-06-28,Late delivery
C02752,2025-07-09,Stock-out
C02754,2026-06-18,Late delivery
C02755,2025-02-17,Late delivery
C02755,2025-03-07,Late delivery
C02755,2025-05-12,Late delivery
C02755,2025-07-25,Stock-out
C02756,2025-03-15,Stock-out
C02756,2025-05-13,Late delivery
C02756,2025-05-24,Late delivery
C02756,2025-05-24,Late delivery
C02756,2025-06-19,Late delivery
C02756,2025-06-24,Late delivery
C02756,2025-08-17,Late delivery
C02756,2025-09-23,Late delivery
C02756,2025-11-13,Stock-out
C02756,2026-03-13,Late delivery
C02756,2026-07-14,Stock-out
C02757,2025-02-22,Late delivery
C02757,2025-03-06,Stock-out
C02757,2025-05-21,Late delivery
C02757,2025-08-19,Late delivery
C02757,2025-10-23,Late delivery
C02759,2025-03-06,Late delivery
C02763,2026-03-15,Product quality
C02764,2025-09-15,Stock-out
C02766,2025-01-07,Late delivery
C02766,2025-02-15,Stock-out
C02766,2025-02-18,Late delivery
C02766,2025-04-12,Stock-out
C02766,2025-05-22,Late delivery
C02766,2025-06-08,Stock-out
C02766,2025-06-14,Late delivery
C02766,2025-07-13,Late delivery
C02766,2025-07-15,Product quality
C02766,2025-09-06,Stock-out
C02766,2025-09-13,Late delivery
C02766,2025-09-23,Late delivery
C02766,2025-10-10,Late delivery
C02766,2025-10-28,Late delivery
C02766,2025-11-03,Late delivery
C02766,2025-11-15,Late delivery
C02766,2025-11-19,Stock-out
C02766,2025-12-08,Late delivery
C02766,2025-12-28,Late delivery
C02766,2026-01-15,Late delivery
C02766,2026-01-27,Stock-out
C02766,2026-04-05,Stock-out
C02766,2026-07-24,Late delivery
C02766,2026-08-19,Stock-out
C02766,2026-09-13,Late delivery
C02766,2026-09-15,Stock-out
C02767,2025-01-24,Late delivery
C02767,2025-01-26,Stock-out
C02767,2025-02-08,Late delivery
C02767,2025-03-04,Stock-out
C02767,2025-05-24,Late delivery
C02767,2025-07-04,Late delivery
C02767,2025-10-06,Late delivery
C02767,2025-10-28,Late delivery
C02767,2025-11-16,Stock-out
C02767,2026-01-28,Late delivery
C02767,2026-02-11,Stock-out
C02767,2026-04-09,Late delivery
C02767,2026-04-16,Late delivery
C02767,2026-04-28,Stock-out
C02767,2026-05-14,Late delivery
C02768,2026-02-04,Late delivery
C02768,2026-09-27,Late delivery
C02769,2025-05-14,Late delivery
C02769,2025-08-13,Stock-out
C02769,2025-10-15,Product quality
C02769,2025-12-14,Late delivery
C02769,2025-12-24,Late delivery
C02769,2026-04-20,Late delivery
C02769,2026-05-03,Late delivery
C02770,2025-05-27,Late delivery
C02770,2025-07-28,Late delivery
C02770,2025-09-25,Stock-out
C02770,2026-01-21,Stock-out
C02770,2026-04-22,Stock-out
C02770,2026-05-06,Late delivery
C02770,2026-05-28,Late delivery
C02773,2025-02-09,Late delivery
C02774,2025-07-09,Late delivery
C02774,2025-08-28,Late delivery
C02774,2025-09-23,Stock-out
C02774,2026-07-20,Late delivery
C02774,2026-08-23,Stock-out
C02776,2025-01-03,Late delivery
C02776,2025-01-09,Late delivery
C02776,2025-02-11,Late delivery
C02776,2025-05-13,Stock-out
C02776,2025-06-07,Late delivery
C02776,2025-09-23,Late delivery
C02776,2025-11-06,Late delivery
C02776,2025-11-17,Late delivery
C02776,2026-01-28,Stock-out
C02776,2026-02-04,Late delivery
C02776,2026-03-03,Late delivery
C02777,2026-01-08,Stock-out
C02781,2025-05-15,Pricing
C02782,2026-02-28,Stock-out
C02782,2026-04-13,Late delivery
C02782,2026-08-23,Stock-out
C02783,2025-02-08,Late delivery
C02783,2026-03-15,Product quality
C02783,2026-06-14,Late delivery
C02785,2025-01-17,Late delivery
C02785,2025-05-04,Late delivery
C02785,2025-09-19,Late delivery
C02785,2026-01-08,Stock-out
C02785,2026-01-16,Late delivery
C02785,2026-01-28,Stock-out
C02785,2026-06-17,Late delivery
C02785,2026-08-27,Stock-out
C02786,2025-05-24,Stock-out
C02787,2025-01-28,Late delivery
C02787,2025-06-05,Stock-out
C02787,2025-06-23,Late delivery
C02788,2025-02-28,Late delivery
C02789,2025-03-16,Late delivery
C02789,2025-05-09,Late delivery
C02790,2025-02-26,Late delivery
C02790,2025-04-23,Stock-out
C02790,2025-04-26,Late delivery
C02790,2025-05-10,Stock-out
C02790,2025-05-20,Stock-out
C02790,2025-06-23,Late delivery
C02790,2025-07-18,Late delivery
C02790,2025-09-18,Late delivery
C02790,2025-09-27,Late delivery
C02790,2025-10-22,Late delivery
C02790,2025-11-07,Late delivery
C02790,2025-12-09,Stock-out
C02790,2026-01-08,Stock-out
C02790,2026-01-28,Stock-out
C02790,2026-02-04,Stock-out
C02790,2026-02-28,Stock-out
C02790,2026-03-05,Stock-out
C02790,2026-03-06,Late delivery
C02790,2026-03-11,Late delivery
C02790,2026-04-21,Stock-out
C02790,2026-06-17,Late delivery
C02790,2026-08-10,Late delivery
C02790,2026-08-24,Late delivery
C02790,2026-09-23,Stock-out
C02791,2025-07-25,Late delivery
C02791,2026-08-13,Late delivery
C02792,2025-04-08,Late delivery
C02792,2025-08-09,Late delivery
C02793,2025-04-28,Late delivery
C02793,2025-06-08,Late delivery
C02793,2025-07-15,Late delivery
C02793,2025-11-11,Stock-out
C02793,2026-03-28,Stock-out
C02793,2026-05-25,Late delivery
C02793,2026-07-27,Stock-out
C02793,2026-09-28,Late delivery
C02794,2025-07-09,Stock-out
C02797,2025-12-04,Late delivery
C02797,2025-12-13,Stock-out
C02798,2025-04-05,Stock-out
C02798,2025-04-15,Product quality
C02798,2025-09-15,Pricing
C02799,2025-01-19,Stock-out
C02799,2025-10-16,Late delivery
C02799,2026-08-23,Stock-out
C02801,2025-03-13,Late delivery
C02804,2025-05-24,Stock-out
C02804,2026-06-25,Stock-out
C02804,2026-08-04,Stock-out
C02804,2026-08-10,Late delivery
C02804,2026-08-20,Stock-out
C02805,2025-04-15,Pricing
C02806,2025-04-08,Late delivery
C02806,2025-07-15,Pricing
C02806,2025-08-15,Product quality
C02807,2025-02-24,Stock-out
C02807,2025-03-23,Stock-out
C02807,2025-04-12,Late delivery
C02807,2025-04-15,Stock-out
C02807,2025-05-10,Late delivery
C02807,2025-09-04,Stock-out
C02807,2025-09-08,Late delivery
C02807,2025-09-15,Late delivery
C02807,2025-10-07,Late delivery
C02807,2025-11-27,Late delivery
C02807,2026-02-03,Late delivery
C02807,2026-06-27,Stock-out
C02807,2026-07-27,Stock-out
C02808,2025-01-07,Late delivery
C02808,2025-04-07,Stock-out
C02808,2025-04-17,Stock-out
C02808,2025-05-26,Stock-out
C02808,2025-08-28,Stock-out
C02808,2025-10-03,Stock-out
C02808,2025-10-19,Late delivery
C02808,2025-10-28,Late delivery
C02808,2025-12-04,Stock-out
C02808,2025-12-18,Stock-out
C02809,2025-01-07,Late delivery
C02809,2025-04-08,Stock-out
C02809,2025-05-12,Late delivery
C02809,2025-05-25,Stock-out
C02809,2025-07-10,Stock-out
C02809,2025-08-15,Stock-out
C02809,2025-09-24,Late delivery
C02809,2025-11-04,Stock-out
C02809,2025-12-15,Late delivery
C02809,2026-06-04,Late delivery
C02809,2026-08-12,Late delivery
C02811,2025-01-12,Late delivery
C02811,2025-02-22,Late delivery
C02811,2025-03-26,Stock-out
C02811,2025-07-15,Pricing
C02811,2025-08-25,Late delivery
C02811,2025-10-12,Late delivery
C02811,2026-03-14,Late delivery
C02812,2025-03-03,Late delivery
C02812,2025-03-27,Late delivery
C02812,2025-04-09,Late delivery
C02812,2025-05-03,Late delivery
C02812,2025-05-10,Late delivery
C02813,2026-02-23,Stock-out
C02813,2026-07-17,Late delivery
C02814,2025-02-07,Late delivery
C02814,2025-04-19,Stock-out
C02815,2025-05-22,Stock-out
C02815,2025-12-07,Late delivery
C02817,2026-01-04,Late delivery
C02817,2026-04-04,Stock-out
C02819,2026-04-23,Late delivery
C02820,2025-02-24,Late delivery
C02820,2025-04-07,Late delivery
C02820,2025-06-15,Pricing
C02820,2025-09-24,Stock-out
C02820,2026-06-13,Late delivery
C02820,2026-07-21,Late delivery
C02821,2025-02-06,Stock-out
C02821,2025-04-24,Stock-out
C02821,2025-06-12,Stock-out
C02822,2025-08-05,Stock-out
C02822,2026-04-23,Late delivery
C02823,2025-10-14,Stock-out
C02824,2025-05-07,Stock-out
C02824,2025-05-27,Stock-out
C02824,2025-10-15,Pricing
C02824,2025-12-14,Stock-out
C02824,2026-02-10,Late delivery
C02825,2025-09-13,Stock-out
C02825,2025-11-21,Late delivery
C02825,2026-08-21,Late delivery
C02826,2025-05-15,Product quality
C02826,2025-07-19,Late delivery
C02827,2025-02-16,Stock-out
C02827,2025-02-27,Late delivery
C02827,2025-04-05,Late delivery
C02827,2025-04-26,Late delivery
C02827,2025-05-03,Late delivery
C02827,2025-07-07,Late delivery
C02827,2025-11-06,Late delivery
C02827,2025-11-26,Late delivery
C02827,2026-02-13,Late delivery
C02827,2026-04-08,Late delivery
C02827,2026-05-06,Stock-out
C02827,2026-05-08,Late delivery
C02827,2026-05-11,Stock-out
C02827,2026-07-15,Late delivery
C02827,2026-08-07,Late delivery
C02827,2026-09-03,Late delivery
C02828,2025-04-22,Late delivery
C02828,2025-05-27,Late delivery
C02828,2025-08-19,Late delivery
C02828,2025-10-06,Late delivery
C02828,2025-10-21,Stock-out
C02828,2025-10-26,Stock-out
C02828,2025-10-28,Stock-out
C02828,2026-03-18,Late delivery
C02828,2026-08-15,Pricing
C02830,2025-01-23,Late delivery
C02831,2025-01-19,Late delivery
C02831,2025-03-21,Stock-out
C02832,2025-07-25,Late delivery
C02832,2026-05-15,Product quality
C02833,2025-06-06,Stock-out
C02833,2025-11-16,Late delivery
C02833,2026-04-26,Late delivery
C02833,2026-09-06,Late delivery
C02834,2025-05-24,Late delivery
C02834,2025-06-19,Stock-out
C02834,2025-07-11,Late delivery
C02834,2025-07-23,Late delivery
C02834,2025-09-16,Late delivery
C02834,2025-10-16,Late delivery
C02834,2025-11-23,Late delivery
C02834,2025-12-22,Late delivery
C02834,2026-01-11,Stock-out
C02834,2026-04-06,Late delivery
C02834,2026-05-05,Late delivery
C02834,2026-05-18,Late delivery
C02834,2026-06-08,Late delivery
C02834,2026-07-21,Stock-out
C02835,2025-05-08,Stock-out
C02835,2026-01-15,Late delivery
C02835,2026-01-18,Stock-out
C02835,2026-02-13,Late delivery
C02836,2025-05-18,Stock-out
C02837,2025-02-21,Late delivery
C02837,2025-03-06,Late delivery
C02838,2025-02-25,Stock-out
C02839,2025-04-20,Late delivery
C02839,2025-06-21,Late delivery
C02839,2025-08-09,Late delivery
C02839,2026-01-18,Late delivery
C02839,2026-01-21,Late delivery
C02839,2026-07-15,Pricing
C02840,2025-04-09,Late delivery
C02840,2025-05-13,Late delivery
C02840,2026-05-25,Stock-out
C02841,2025-03-15,Pricing
C02841,2025-06-04,Late delivery
C02841,2025-07-06,Stock-out
C02841,2025-12-15,Product quality
C02842,2025-01-18,Stock-out
C02842,2025-02-28,Late delivery
C02843,2025-02-03,Stock-out
C02843,2025-02-13,Stock-out
C02843,2025-04-12,Late delivery
C02843,2025-04-21,Late delivery
C02843,2025-07-25,Late delivery
C02843,2025-07-28,Late delivery
C02843,2025-08-25,Stock-out
C02843,2025-10-26,Stock-out
C02843,2026-01-18,Stock-out
C02843,2026-03-18,Late delivery
C02843,2026-05-17,Late delivery
C02844,2025-02-15,Product quality
C02845,2025-02-03,Late delivery
C02845,2025-03-06,Late delivery
C02845,2025-04-11,Late delivery
C02845,2025-04-13,Late delivery
C02845,2025-04-28,Late delivery
C02845,2025-05-25,Late delivery
C02845,2025-06-28,Late delivery
C02845,2025-07-09,Late delivery
C02845,2025-07-26,Late delivery
C02845,2025-09-11,Stock-out
C02845,2025-10-16,Late delivery
C02845,2025-12-21,Stock-out
C02845,2026-05-26,Stock-out
C02845,2026-06-09,Late delivery
C02845,2026-08-05,Stock-out
C02846,2025-10-28,Late delivery
C02847,2026-02-28,Late delivery
C02847,2026-06-05,Late delivery
C02848,2025-11-19,Stock-out
C02848,2026-02-15,Pricing
C02848,2026-03-21,Stock-out
C02848,2026-05-22,Stock-out
C02849,2025-02-22,Stock-out
C02849,2025-06-03,Late delivery
C02849,2025-09-14,Stock-out
C02849,2026-01-07,Stock-out
C02850,2025-09-13,Late delivery
C02850,2025-11-14,Stock-out
C02850,2026-04-07,Late delivery
C02850,2026-07-08,Late delivery
C02850,2026-07-28,Late delivery
C02853,2025-06-08,Late delivery
C02853,2025-06-13,Late delivery
C02853,2025-07-11,Stock-out
C02853,2025-07-20,Late delivery
C02855,2025-01-03,Late delivery
C02855,2025-01-11,Late delivery
C02855,2025-02-13,Stock-out
C02855,2025-02-22,Late delivery
C02855,2025-03-05,Late delivery
C02855,2025-03-06,Late delivery
C02855,2025-03-09,Stock-out
C02855,2025-03-10,Late delivery
C02855,2025-03-23,Late delivery
C02855,2025-03-28,Stock-out
C02855,2025-05-16,Stock-out
C02855,2025-05-16,Stock-out
C02855,2025-05-24,Late delivery
C02855,2025-06-03,Late delivery
C02855,2025-06-19,Stock-out
C02855,2025-06-21,Late delivery
C02855,2025-06-23,Stock-out
C02855,2025-07-17,Stock-out
C02855,2025-08-13,Late delivery
C02855,2025-08-15,Product quality
C02855,2025-08-19,Late delivery
C02855,2025-08-22,Late delivery
C02857,2026-04-14,Stock-out
C02858,2025-08-21,Late delivery
C02858,2026-01-26,Late delivery
C02859,2025-06-08,Stock-out
C02859,2026-08-24,Late delivery
C02859,2026-09-15,Product quality
C02860,2025-01-10,Stock-out
C02860,2025-04-22,Late delivery
C02860,2025-05-11,Late delivery
C02860,2025-07-05,Stock-out
C02860,2025-09-17,Late delivery
C02861,2025-08-07,Late delivery
C02861,2025-09-16,Late delivery
C02861,2025-10-20,Late delivery
C02862,2025-12-10,Late delivery
C02862,2026-02-28,Late delivery
C02862,2026-05-13,Late delivery
C02862,2026-09-11,Late delivery
C02863,2025-02-05,Late delivery
C02863,2025-02-21,Late delivery
C02863,2025-03-19,Late delivery
C02863,2025-06-11,Late delivery
C02863,2025-06-23,Late delivery
C02863,2025-07-09,Late delivery
C02863,2025-10-19,Late delivery
C02863,2025-11-12,Stock-out
C02863,2026-01-27,Stock-out
C02863,2026-05-08,Late delivery
C02864,2025-12-04,Late delivery
C02864,2026-02-15,Product quality
C02864,2026-05-06,Stock-out
C02864,2026-08-17,Stock-out
C02865,2025-03-15,Late delivery
C02865,2025-07-15,Pricing
C02866,2025-12-03,Stock-out
C02866,2026-01-28,Stock-out
C02867,2025-07-28,Late delivery
C02868,2025-06-27,Late delivery
C02869,2025-03-05,Late delivery
C02869,2025-04-06,Late delivery
C02870,2026-07-26,Late delivery
C02871,2025-05-09,Late delivery
C02871,2025-10-07,Stock-out
C02872,2025-09-07,Late delivery
C02873,2026-04-04,Stock-out
C02873,2026-07-19,Late delivery
C02874,2025-07-22,Stock-out
C02874,2025-07-23,Late delivery
C02874,2025-08-09,Late delivery
C02874,2025-11-03,Stock-out
C02874,2025-11-11,Late delivery
C02874,2026-02-25,Late delivery
C02874,2026-03-04,Late delivery
C02874,2026-03-10,Late delivery
C02874,2026-03-22,Late delivery
C02874,2026-05-10,Stock-out
C02875,2025-06-15,Pricing
C02875,2025-12-04,Stock-out
C02875,2026-02-18,Late delivery
C02875,2026-07-10,Stock-out
C02877,2026-04-24,Late delivery
C02877,2026-04-25,Late delivery
C02878,2025-04-05,Stock-out
C02878,2025-07-07,Stock-out
C02878,2025-08-19,Late delivery
C02878,2025-10-19,Stock-out
C02878,2026-01-16,Stock-out
C02878,2026-06-03,Late delivery
C02878,2026-08-21,Stock-out
C02878,2026-09-09,Late delivery
C02879,2025-02-21,Late delivery
C02879,2025-04-04,Late delivery
C02879,2025-05-10,Stock-out
C02879,2025-08-07,Late delivery
C02879,2025-12-12,Late delivery
C02879,2025-12-28,Late delivery
C02880,2025-06-28,Late delivery
C02881,2025-01-20,Late delivery
C02881,2025-03-15,Pricing
C02881,2025-05-07,Stock-out
C02882,2025-02-19,Late delivery
C02882,2025-03-18,Late delivery
C02882,2025-03-24,Stock-out
C02882,2025-05-06,Stock-out
C02882,2025-06-05,Late delivery
C02882,2025-07-12,Late delivery
C02882,2025-12-15,Pricing
C02883,2025-02-05,Stock-out
C02883,2025-06-15,Pricing
C02884,2025-03-18,Late delivery
C02884,2025-03-28,Stock-out
C02884,2025-05-28,Stock-out
C02884,2025-06-08,Stock-out
C02884,2025-08-20,Late delivery
C02884,2025-09-18,Late delivery
C02884,2025-12-21,Stock-out
C02884,2026-01-24,Stock-out
C02884,2026-08-09,Late delivery
C02886,2025-03-23,Stock-out
C02887,2025-05-12,Stock-out
C02888,2025-09-07,Stock-out
C02888,2026-02-07,Late delivery
C02889,2025-01-25,Late delivery
C02890,2026-04-18,Late delivery
C02891,2025-01-11,Late delivery
C02891,2025-06-04,Late delivery
C02891,2025-09-16,Late delivery
C02891,2026-08-16,Late delivery
C02892,2025-07-25,Late delivery
C02892,2025-10-16,Stock-out
C02892,2026-01-07,Stock-out
C02893,2025-01-18,Late delivery
C02893,2026-02-25,Stock-out
C02894,2025-08-06,Late delivery
C02894,2025-08-10,Stock-out
C02894,2025-10-21,Late delivery
C02894,2026-08-28,Late delivery
C02895,2026-06-20,Late delivery
C02896,2025-03-03,Stock-out
C02896,2025-07-04,Stock-out
C02896,2025-07-28,Late delivery
C02896,2025-08-12,Late delivery
C02896,2025-11-23,Late delivery
C02896,2026-09-25,Late delivery
C02897,2025-05-17,Late delivery
C02897,2025-07-06,Late delivery
C02897,2025-08-05,Stock-out
C02897,2025-11-19,Late delivery
C02898,2025-02-11,Late delivery
C02898,2025-03-11,Late delivery
C02898,2025-04-10,Late delivery
C02898,2025-04-17,Stock-out
C02898,2025-05-19,Late delivery
C02898,2025-07-06,Late delivery
C02898,2025-11-18,Late delivery
C02898,2026-03-17,Stock-out
C02898,2026-06-09,Late delivery
C02898,2026-07-06,Stock-out
C02899,2025-04-16,Late delivery
C02899,2025-07-07,Stock-out
C02899,2025-10-06,Late delivery
C02901,2025-07-11,Late delivery
C02901,2025-09-13,Stock-out
C02902,2025-05-16,Late delivery
C02902,2025-06-16,Late delivery
C02902,2025-06-26,Stock-out
C02902,2026-01-18,Stock-out
C02902,2026-04-25,Stock-out
C02902,2026-05-14,Late delivery
C02903,2025-01-08,Stock-out
C02903,2025-03-04,Late delivery
C02903,2025-09-28,Late delivery
C02903,2025-10-25,Stock-out
C02904,2025-03-06,Late delivery
C02904,2025-07-21,Stock-out
C02904,2025-07-27,Late delivery
C02904,2025-09-22,Stock-out
C02904,2025-12-22,Stock-out
C02904,2026-02-12,Stock-out
C02904,2026-03-15,Pricing
C02904,2026-03-17,Late delivery
C02904,2026-05-28,Late delivery
C02904,2026-06-19,Late delivery
C02905,2026-04-15,Pricing
C02906,2025-02-04,Stock-out
C02906,2025-09-17,Stock-out
C02906,2025-10-03,Late delivery
C02906,2025-12-26,Late delivery
C02907,2025-03-18,Late delivery
C02907,2025-05-15,Stock-out
C02907,2025-12-23,Stock-out
C02908,2025-04-15,Product quality
C02909,2025-03-07,Stock-out
C02909,2025-05-06,Late delivery
C02909,2025-06-15,Product quality
C02911,2025-12-21,Late delivery
C02911,2026-06-26,Late delivery
C02912,2025-08-22,Late delivery
C02912,2025-09-27,Late delivery
C02912,2026-06-10,Late delivery
C02912,2026-07-16,Stock-out
C02912,2026-09-09,Late delivery
C02913,2025-01-03,Stock-out
C02913,2025-05-21,Late delivery
C02913,2025-08-08,Stock-out
C02913,2026-03-22,Stock-out
C02913,2026-04-08,Late delivery
C02913,2026-06-13,Late delivery
C02913,2026-08-05,Late delivery
C02914,2025-02-03,Late delivery
C02914,2025-07-08,Late delivery
C02915,2025-09-12,Stock-out
C02915,2025-10-08,Late delivery
C02915,2025-11-10,Stock-out
C02916,2025-03-13,Stock-out
C02916,2025-06-20,Stock-out
C02916,2025-09-17,Late delivery
C02917,2025-02-19,Stock-out
C02917,2025-04-26,Stock-out
C02917,2025-05-06,Stock-out
C02917,2025-06-27,Late delivery
C02917,2025-11-23,Late delivery
C02917,2026-06-28,Stock-out
C02917,2026-07-07,Late delivery
C02920,2025-10-04,Late delivery
C02920,2025-11-04,Stock-out
C02920,2025-11-06,Late delivery
C02920,2026-01-14,Stock-out
C02920,2026-02-22,Late delivery
C02920,2026-03-05,Late delivery
C02920,2026-07-05,Late delivery
C02920,2026-07-09,Late delivery
C02921,2025-03-21,Stock-out
C02921,2025-05-24,Late delivery
C02922,2025-02-16,Late delivery
C02922,2025-02-27,Late delivery
C02922,2025-04-06,Late delivery
C02922,2025-06-11,Stock-out
C02922,2025-07-11,Late delivery
C02922,2025-07-15,Stock-out
C02922,2025-08-10,Stock-out
C02922,2025-11-15,Stock-out
C02922,2025-11-20,Late delivery
C02922,2026-06-11,Stock-out
C02923,2025-02-05,Stock-out
C02923,2025-02-15,Stock-out
C02923,2025-02-15,Late delivery
C02923,2025-03-11,Stock-out
C02923,2025-05-06,Late delivery
C02924,2025-03-20,Late delivery
C02925,2025-05-11,Late delivery
C02925,2025-06-22,Late delivery
C02925,2025-07-22,Stock-out
C02925,2025-07-25,Stock-out
C02925,2025-08-28,Late delivery
C02928,2025-07-21,Late delivery
C02928,2026-01-15,Stock-out
C02929,2025-03-22,Stock-out
C02929,2025-09-22,Late delivery
C02930,2025-03-22,Late delivery
C02930,2025-12-25,Late delivery
C02930,2026-02-09,Late delivery
C02931,2025-02-24,Stock-out
C02931,2025-03-15,Pricing
C02931,2025-04-24,Late delivery
C02932,2025-04-16,Stock-out
C02932,2025-05-12,Late delivery
C02932,2025-08-11,Late delivery
C02933,2025-01-09,Late delivery
C02933,2025-02-03,Stock-out
C02933,2025-02-13,Stock-out
C02933,2025-02-13,Late delivery
C02935,2025-01-28,Late delivery
C02936,2025-12-24,Late delivery
C02938,2026-02-15,Late delivery
C02938,2026-02-17,Late delivery
C02938,2026-08-15,Product quality
C02939,2026-07-13,Stock-out
C02939,2026-09-14,Late delivery
C02941,2025-10-24,Late delivery
C02941,2026-06-08,Late delivery
C02941,2026-07-15,Product quality
C02941,2026-08-22,Late delivery
C02943,2025-10-04,Late delivery
C02943,2026-01-04,Late delivery
C02943,2026-02-09,Stock-out
C02943,2026-02-27,Stock-out
C02945,2025-09-07,Late delivery
C02945,2025-09-14,Late delivery
C02946,2025-01-05,Stock-out
C02946,2025-07-10,Late delivery
C02946,2025-08-09,Late delivery
C02946,2026-02-26,Late delivery
C02947,2025-01-20,Stock-out
C02947,2025-02-08,Late delivery
C02947,2025-06-27,Late delivery
C02948,2025-07-15,Product quality
C02948,2025-12-25,Late delivery
C02949,2026-01-14,Late delivery
C02949,2026-04-09,Late delivery
C02949,2026-05-06,Late delivery
C02949,2026-05-28,Stock-out
C02950,2025-02-27,Late delivery
C02950,2025-03-16,Late delivery
C02950,2026-03-28,Stock-out
C02950,2026-08-13,Late delivery
C02950,2026-09-26,Stock-out
C02951,2025-03-13,Late delivery
C02951,2025-04-18,Stock-out
C02951,2025-07-24,Stock-out
C02951,2025-11-12,Stock-out
C02951,2026-02-05,Late delivery
C02951,2026-04-28,Late delivery
C02952,2026-04-21,Late delivery
C02953,2025-05-05,Late delivery
C02953,2025-08-26,Late delivery
C02953,2025-08-28,Late delivery
C02953,2025-10-20,Late delivery
C02953,2026-02-28,Late delivery
C02953,2026-04-26,Stock-out
C02953,2026-05-03,Late delivery
C02953,2026-08-06,Stock-out
C02954,2025-12-12,Stock-out
C02954,2026-04-04,Stock-out
C02954,2026-08-11,Late delivery
C02955,2025-08-15,Late delivery
C02956,2025-02-05,Late delivery
C02958,2025-02-22,Late delivery
C02958,2025-04-15,Product quality
C02959,2025-01-25,Stock-out
C02959,2025-03-15,Product quality
C02959,2025-06-28,Stock-out
C02959,2025-06-28,Late delivery
C02959,2025-07-17,Late delivery
C02959,2025-09-11,Late delivery
C02959,2025-10-16,Late delivery
C02961,2025-07-05,Stock-out
C02961,2025-10-10,Late delivery
C02961,2026-03-08,Stock-out
C02962,2025-05-27,Late delivery
C02962,2025-06-22,Late delivery
C02962,2026-08-16,Late delivery
C02964,2025-03-26,Stock-out
C02964,2025-10-24,Late delivery
C02965,2025-07-10,Late delivery
C02965,2025-09-28,Late delivery
C02966,2025-02-15,Stock-out
C02966,2025-02-27,Late delivery
C02966,2025-04-11,Late delivery
C02966,2026-01-04,Late delivery
C02968,2025-01-06,Stock-out
C02968,2025-02-17,Stock-out
C02968,2025-07-21,Stock-out
C02968,2025-08-15,Late delivery
C02968,2026-05-25,Stock-out
C02969,2025-02-04,Late delivery
C02970,2025-04-05,Stock-out
C02970,2026-01-17,Late delivery
C02970,2026-06-24,Late delivery
C02970,2026-09-18,Late delivery
C02971,2025-02-13,Late delivery
C02971,2025-07-03,Late delivery
C02971,2025-09-22,Late delivery
C02971,2025-10-28,Late delivery
C02971,2026-02-10,Late delivery
C02972,2025-11-16,Stock-out
C02973,2025-01-13,Stock-out
C02974,2025-10-04,Stock-out
C02974,2026-02-05,Stock-out
C02974,2026-02-10,Late delivery
C02974,2026-03-07,Stock-out
C02974,2026-03-20,Late delivery
C02974,2026-04-05,Late delivery
C02974,2026-04-22,Late delivery
C02975,2025-04-21,Late delivery
C02975,2025-05-03,Late delivery
C02975,2026-05-21,Stock-out
C02975,2026-05-22,Late delivery
C02975,2026-06-05,Late delivery
C02975,2026-06-24,Late delivery
C02976,2025-07-15,Stock-out
C02976,2026-02-23,Late delivery
C02977,2025-11-15,Pricing
C02977,2026-08-16,Late delivery
C02978,2026-02-15,Pricing
C02978,2026-09-15,Product quality
C02979,2025-09-21,Late delivery
C02979,2025-11-06,Late delivery
C02979,2026-01-04,Stock-out
C02979,2026-02-28,Late delivery
C02979,2026-04-23,Late delivery
C02979,2026-04-25,Stock-out
C02979,2026-06-08,Stock-out
C02979,2026-07-10,Late delivery
C02980,2026-09-15,Stock-out
C02981,2026-08-08,Late delivery
C02982,2025-01-05,Late delivery
C02982,2025-02-04,Late delivery
C02982,2025-02-05,Late delivery
C02982,2025-02-14,Stock-out
C02982,2025-05-14,Late delivery
C02982,2025-05-14,Stock-out
C02982,2025-06-05,Late delivery
C02982,2025-06-09,Late delivery
C02982,2025-07-05,Late delivery
C02982,2025-08-25,Late delivery
C02982,2025-10-08,Late delivery
C02982,2025-10-12,Stock-out
C02983,2025-09-15,Late delivery
C02983,2025-09-17,Late delivery
C02983,2025-11-23,Late delivery
C02983,2025-12-21,Late delivery
C02985,2025-01-05,Stock-out
C02985,2025-01-05,Late delivery
C02985,2025-04-06,Late delivery
C02985,2025-08-20,Late delivery
C02985,2025-09-18,Stock-out
C02985,2025-09-21,Late delivery
C02985,2025-10-08,Late delivery
C02985,2025-12-12,Late delivery
C02986,2025-10-08,Late delivery
C02987,2026-05-17,Late delivery
C02987,2026-07-15,Pricing
C02988,2025-03-03,Late delivery
C02989,2025-04-27,Late delivery
C02989,2025-12-03,Late delivery
C02989,2025-12-15,Product quality
C02989,2026-04-15,Product quality
C02989,2026-07-11,Late delivery
C02990,2025-04-03,Late delivery
C02991,2025-01-05,Late delivery
C02991,2025-01-27,Late delivery
C02991,2025-02-18,Late delivery
C02992,2025-01-18,Late delivery
C02992,2026-03-05,Stock-out
C02993,2025-01-06,Stock-out
C02994,2025-02-16,Stock-out
C02994,2025-08-16,Late delivery
C02995,2025-05-18,Stock-out
C02995,2025-11-03,Stock-out
C02995,2025-12-06,Stock-out
C02995,2026-07-25,Stock-out
C02995,2026-09-28,Stock-out
C02998,2025-07-26,Late delivery
C02998,2025-08-23,Stock-out
C02998,2026-02-19,Late delivery
C02998,2026-03-17,Stock-out
C02999,2026-05-03,Late delivery
C02999,2026-05-24,Late delivery
C03000,2025-03-06,Late delivery
C03000,2025-07-10,Late delivery
C03000,2025-10-11,Stock-out
C03000,2026-05-27,Late delivery
C03000,2026-07-14,Late delivery
C03000,2026-08-21,Late delivery
C03001,2025-04-26,Late delivery
C03001,2025-07-15,Pricing
C03002,2025-09-28,Stock-out
C03002,2025-10-10,Late delivery
C03002,2025-10-26,Stock-out
C03002,2026-01-20,Late delivery
C03004,2025-08-13,Stock-out
C03004,2025-09-03,Late delivery
C03004,2026-08-11,Stock-out
C03004,2026-09-27,Stock-out
C03005,2025-02-14,Late delivery
C03005,2025-02-27,Stock-out
C03005,2025-04-17,Late delivery
C03005,2025-05-24,Late delivery
C03005,2025-06-26,Late delivery
C03005,2025-10-07,Late delivery
C03005,2026-05-13,Stock-out
C03005,2026-05-21,Stock-out
C03005,2026-06-28,Late delivery
C03006,2025-01-12,Stock-out
C03006,2025-05-12,Stock-out
C03006,2025-09-14,Stock-out
C03006,2025-10-03,Late delivery
C03006,2025-12-14,Stock-out
C03006,2025-12-15,Late delivery
C03006,2026-01-27,Late delivery
C03006,2026-01-28,Late delivery
C03006,2026-04-07,Stock-out
C03008,2025-06-27,Stock-out
C03009,2025-01-15,Late delivery
C03009,2025-02-24,Late delivery
C03009,2025-05-28,Late delivery
C03009,2025-06-27,Late delivery
C03009,2025-07-05,Stock-out
C03009,2025-08-22,Stock-out
C03009,2025-10-05,Stock-out
C03010,2025-07-21,Stock-out
C03011,2025-01-26,Late delivery
C03011,2025-03-28,Late delivery
C03011,2025-04-27,Stock-out
C03011,2025-05-20,Late delivery
C03011,2025-09-11,Late delivery
C03011,2025-11-17,Late delivery
C03011,2026-01-08,Late delivery
C03011,2026-01-13,Late delivery
C03011,2026-02-05,Late delivery
C03011,2026-05-27,Stock-out
C03011,2026-08-20,Stock-out
C03011,2026-09-04,Stock-out
C03011,2026-09-05,Late delivery
C03011,2026-09-08,Late delivery
C03011,2026-09-21,Late delivery
C03012,2025-01-26,Stock-out
C03013,2025-08-07,Stock-out
C03013,2025-09-15,Late delivery
C03013,2025-11-25,Late delivery
C03013,2026-01-26,Stock-out
C03015,2025-01-12,Late delivery
C03015,2025-02-13,Stock-out
C03015,2025-12-10,Stock-out
C03015,2025-12-28,Late delivery
C03015,2026-03-10,Late delivery
C03015,2026-04-24,Stock-out
C03016,2025-01-14,Late delivery
C03016,2025-04-18,Stock-out
C03016,2025-08-16,Stock-out
C03016,2025-11-27,Stock-out
C03016,2025-11-27,Late delivery
C03016,2026-02-04,Stock-out
C03016,2026-02-07,Late delivery
C03016,2026-05-12,Stock-out
C03016,2026-05-15,Late delivery
C03016,2026-06-25,Late delivery
C03017,2025-01-05,Late delivery
C03017,2025-02-24,Late delivery
C03018,2025-06-09,Stock-out
C03018,2025-09-04,Late delivery
C03018,2025-11-11,Late delivery
C03018,2026-03-18,Stock-out
C03018,2026-06-14,Late delivery
C03019,2025-01-12,Stock-out
C03019,2025-02-28,Stock-out
C03019,2025-05-08,Late delivery
C03019,2025-05-17,Stock-out
C03019,2025-09-18,Late delivery
C03019,2025-12-19,Stock-out
C03019,2026-07-21,Late delivery
C03019,2026-07-24,Stock-out
C03019,2026-09-28,Stock-out
C03020,2025-02-26,Stock-out
C03020,2025-04-16,Stock-out
C03020,2025-12-18,Stock-out
C03021,2025-10-26,Stock-out
C03022,2026-01-28,Late delivery
C03024,2025-01-22,Late delivery
C03024,2025-03-15,Late delivery
C03024,2025-04-20,Stock-out
C03024,2025-12-24,Stock-out
C03024,2026-04-15,Product quality
C03025,2025-04-17,Late delivery
C03025,2025-07-11,Stock-out
C03025,2025-11-08,Late delivery
C03025,2026-01-09,Late delivery
C03025,2026-03-15,Late delivery
C03025,2026-03-17,Stock-out
C03025,2026-06-06,Late delivery
C03025,2026-06-16,Stock-out
C03025,2026-06-28,Late delivery
C03026,2025-03-04,Late delivery
C03026,2025-08-22,Stock-out
C03026,2025-12-17,Stock-out
C03026,2026-03-09,Stock-out
C03027,2025-01-07,Stock-out
C03028,2025-05-27,Stock-out
C03028,2025-09-13,Late delivery
C03028,2026-03-26,Late delivery
C03028,2026-06-15,Pricing
C03029,2025-09-27,Late delivery
C03029,2025-11-21,Late delivery
C03029,2026-03-14,Late delivery
C03030,2026-01-17,Late delivery
C03030,2026-04-20,Stock-out
C03030,2026-08-19,Late delivery
C03030,2026-08-26,Stock-out
C03031,2025-01-28,Late delivery
C03031,2025-05-09,Stock-out
C03031,2025-09-06,Stock-out
C03031,2025-09-26,Late delivery
C03031,2025-10-09,Late delivery
C03032,2025-06-11,Late delivery
C03032,2026-04-10,Late delivery
C03032,2026-04-13,Late delivery
C03033,2026-01-16,Late delivery
C03034,2025-01-10,Late delivery
C03034,2025-03-15,Pricing
C03034,2026-03-22,Stock-out
C03035,2025-06-21,Late delivery
C03035,2025-09-14,Stock-out
C03037,2026-04-22,Late delivery
C03038,2025-04-09,Late delivery
C03038,2025-04-14,Late delivery
C03038,2025-05-16,Late delivery
C03038,2025-05-17,Stock-out
C03038,2026-01-08,Late delivery
C03038,2026-05-12,Late delivery
C03038,2026-08-04,Late delivery
C03040,2025-01-15,Product quality
C03040,2025-01-23,Late delivery
C03041,2025-01-07,Late delivery
C03043,2025-01-13,Late delivery
C03043,2025-07-05,Late delivery
C03043,2025-12-05,Stock-out
C03043,2025-12-12,Late delivery
C03043,2026-02-21,Stock-out
C03043,2026-04-18,Late delivery
C03043,2026-04-28,Late delivery
C03043,2026-06-14,Stock-out
C03043,2026-08-22,Late delivery
C03043,2026-09-05,Stock-out
C03043,2026-09-14,Stock-out
C03044,2026-04-16,Late delivery
C03044,2026-05-06,Late delivery
C03044,2026-09-12,Late delivery
C03045,2025-11-14,Late delivery
C03045,2026-01-28,Late delivery
C03045,2026-07-20,Stock-out
C03046,2025-07-19,Late delivery
C03046,2026-08-08,Late delivery
C03046,2026-09-14,Late delivery
C03047,2025-02-17,Late delivery
C03049,2026-02-05,Stock-out
C03050,2026-08-08,Stock-out
C03051,2025-02-18,Late delivery
C03051,2025-03-12,Stock-out
C03051,2025-05-11,Stock-out
C03051,2025-08-27,Late delivery
C03051,2025-09-03,Late delivery
C03051,2025-10-05,Stock-out
C03051,2025-12-12,Stock-out
C03051,2026-03-15,Late delivery
C03051,2026-06-13,Late delivery
C03051,2026-06-23,Late delivery
C03051,2026-07-23,Late delivery
C03051,2026-07-27,Stock-out
C03052,2025-05-03,Stock-out
C03052,2026-04-18,Stock-out
C03053,2025-07-09,Stock-out
C03054,2025-03-25,Late delivery
C03054,2025-03-26,Late delivery
C03054,2025-06-11,Stock-out
C03054,2025-06-21,Stock-out
C03054,2025-09-10,Late delivery
C03054,2025-12-11,Late delivery
C03054,2026-05-10,Stock-out
C03054,2026-05-15,Late delivery
C03055,2025-02-17,Late delivery
C03055,2025-02-22,Stock-out
C03055,2025-03-22,Late delivery
C03055,2025-04-17,Stock-out
C03055,2025-05-27,Late delivery
C03055,2025-06-24,Late delivery
C03055,2025-07-03,Stock-out
C03055,2025-08-15,Late delivery
C03055,2025-11-25,Late delivery
C03055,2025-12-09,Stock-out
C03055,2026-01-03,Stock-out
C03055,2026-02-11,Late delivery
C03055,2026-02-27,Late delivery
C03055,2026-04-18,Late delivery
C03055,2026-05-12,Late delivery
C03056,2025-05-26,Stock-out
C03057,2025-06-08,Late delivery
C03057,2026-01-13,Late delivery
C03057,2026-03-28,Late delivery
C03058,2025-04-10,Stock-out
C03058,2025-12-28,Stock-out
C03059,2025-08-13,Late delivery
C03059,2026-03-24,Late delivery
C03060,2025-02-10,Late delivery
C03060,2025-09-08,Stock-out
C03061,2025-05-16,Stock-out
C03061,2025-07-26,Late delivery
C03061,2025-10-28,Stock-out
C03061,2025-12-05,Stock-out
C03061,2026-03-10,Stock-out
C03061,2026-05-04,Late delivery
C03062,2025-06-18,Late delivery
C03062,2026-01-19,Stock-out
C03062,2026-04-05,Late delivery
C03062,2026-04-13,Late delivery
C03062,2026-09-11,Late delivery
C03062,2026-09-19,Late delivery
C03063,2025-05-14,Late delivery
C03064,2025-05-04,Late delivery
C03064,2025-07-15,Product quality
C03064,2025-11-23,Stock-out
C03066,2025-08-03,Stock-out
C03066,2025-11-27,Late delivery
C03068,2025-04-25,Late delivery
C03068,2025-12-24,Stock-out
C03068,2026-01-15,Stock-out
C03069,2025-04-13,Stock-out
C03069,2025-04-23,Late delivery
C03070,2025-05-20,Late delivery
C03070,2025-07-11,Stock-out
C03071,2025-02-27,Stock-out
C03071,2025-08-22,Late delivery
C03071,2026-03-03,Stock-out
C03071,2026-03-15,Product quality
C03071,2026-05-21,Stock-out
C03074,2025-03-11,Late delivery
C03074,2025-09-07,Stock-out
C03074,2026-02-22,Late delivery
C03075,2025-01-12,Stock-out
C03075,2025-07-28,Late delivery
C03075,2025-08-24,Stock-out
C03076,2025-10-13,Stock-out
C03076,2025-10-21,Stock-out
C03076,2025-11-04,Stock-out
C03076,2025-12-09,Late delivery
C03076,2026-01-07,Stock-out
C03076,2026-03-03,Late delivery
C03076,2026-04-10,Late delivery
C03076,2026-04-23,Late delivery
C03076,2026-05-16,Late delivery
C03076,2026-06-15,Stock-out
C03076,2026-07-05,Late delivery
C03076,2026-07-06,Stock-out
C03078,2025-01-24,Stock-out
C03078,2025-02-16,Stock-out
C03078,2025-05-12,Late delivery
C03078,2025-08-16,Late delivery
C03078,2025-09-06,Stock-out
C03078,2025-12-18,Late delivery
C03078,2026-01-19,Stock-out
C03078,2026-01-26,Late delivery
C03078,2026-06-10,Late delivery
C03079,2025-04-22,Late delivery
C03079,2025-11-05,Late delivery
C03079,2025-12-15,Pricing
C03079,2026-04-28,Late delivery
C03079,2026-09-22,Stock-out
C03081,2025-02-04,Stock-out
C03081,2025-09-16,Stock-out
C03082,2025-01-17,Late delivery
C03084,2025-12-15,Pricing
C03085,2025-01-13,Stock-out
C03085,2025-02-17,Late delivery
C03085,2025-02-27,Stock-out
C03085,2025-05-16,Stock-out
C03085,2025-06-13,Stock-out
C03085,2025-11-14,Late delivery
C03085,2025-11-23,Stock-out
C03085,2025-12-10,Late delivery
C03085,2026-02-28,Stock-out
C03085,2026-04-19,Late delivery
C03085,2026-08-23,Stock-out
C03086,2025-06-20,Late delivery
C03086,2025-09-21,Late delivery
C03087,2026-01-13,Stock-out
C03087,2026-05-10,Stock-out
C03087,2026-06-20,Late delivery
C03087,2026-07-20,Stock-out
C03088,2025-03-15,Late delivery
C03088,2025-06-17,Late delivery
C03088,2025-07-07,Stock-out
C03088,2025-09-14,Late delivery
C03088,2025-09-23,Stock-out
C03088,2025-10-21,Stock-out
C03088,2026-06-05,Stock-out
C03088,2026-06-09,Stock-out
C03088,2026-09-28,Late delivery
C03089,2026-03-08,Late delivery
C03089,2026-06-15,Product quality
C03090,2025-06-07,Late delivery
C03090,2025-11-15,Product quality
C03090,2026-01-03,Late delivery
C03091,2026-04-28,Late delivery
C03092,2025-03-16,Late delivery
C03092,2025-04-08,Late delivery
C03092,2025-05-18,Stock-out
C03092,2025-06-10,Late delivery
C03092,2025-08-11,Late delivery
C03092,2025-09-17,Late delivery
C03092,2025-11-05,Stock-out
C03092,2025-11-20,Stock-out
C03092,2026-01-08,Late delivery
C03092,2026-04-03,Late delivery
C03092,2026-06-06,Stock-out
C03092,2026-09-15,Stock-out
C03093,2025-03-11,Stock-out
C03093,2025-05-11,Late delivery
C03093,2025-09-06,Late delivery
C03094,2025-02-25,Late delivery
C03094,2025-04-28,Late delivery
C03094,2025-06-14,Late delivery
C03094,2025-10-27,Late delivery
C03094,2025-12-13,Late delivery
C03095,2025-01-26,Stock-out
C03095,2025-02-20,Late delivery
C03095,2025-05-14,Late delivery
C03095,2025-05-15,Late delivery
C03095,2025-06-14,Stock-out
C03095,2025-09-12,Late delivery
C03095,2025-11-25,Stock-out
C03095,2025-12-24,Late delivery
C03095,2026-02-23,Late delivery
C03096,2025-02-24,Late delivery
C03096,2025-03-08,Stock-out
C03096,2025-07-19,Stock-out
C03096,2025-08-06,Late delivery
C03096,2025-10-27,Late delivery
C03097,2026-02-09,Stock-out
C03098,2025-12-12,Stock-out
C03101,2025-02-28,Late delivery
C03101,2025-03-09,Late delivery
C03101,2025-03-12,Stock-out
C03101,2025-06-16,Late delivery
C03101,2025-06-17,Late delivery
C03101,2025-06-22,Stock-out
C03101,2025-07-09,Late delivery
C03101,2025-09-26,Stock-out
C03101,2025-10-12,Late delivery
C03101,2025-10-16,Stock-out
C03101,2025-11-19,Stock-out
C03101,2026-01-26,Late delivery
C03101,2026-02-18,Late delivery
C03101,2026-04-11,Stock-out
C03101,2026-05-06,Late delivery
C03101,2026-05-23,Late delivery
C03101,2026-07-12,Late delivery
C03101,2026-07-21,Late delivery
C03102,2025-03-26,Late delivery
C03102,2025-05-08,Late delivery
C03102,2025-05-28,Stock-out
C03102,2025-10-15,Late delivery
C03102,2025-12-28,Late delivery
C03102,2026-02-25,Late delivery
C03103,2025-03-17,Late delivery
C03103,2025-04-10,Late delivery
C03103,2025-04-26,Stock-out
C03103,2025-06-11,Late delivery
C03103,2025-08-26,Stock-out
C03103,2026-06-11,Late delivery
C03104,2025-01-09,Stock-out
C03105,2025-09-26,Late delivery
C03105,2025-11-28,Stock-out
C03106,2025-01-15,Pricing
C03106,2025-02-21,Late delivery
C03106,2025-10-11,Stock-out
C03106,2025-11-23,Stock-out
C03106,2025-12-15,Pricing
C03106,2026-05-06,Late delivery
C03106,2026-07-17,Late delivery
C03107,2025-06-14,Late delivery
C03107,2025-07-09,Late delivery
C03107,2025-08-17,Late delivery
C03107,2026-03-05,Late delivery
C03107,2026-03-11,Stock-out
C03107,2026-05-16,Stock-out
C03108,2025-06-28,Late delivery
C03108,2026-04-07,Stock-out
C03109,2025-02-10,Late delivery
C03109,2025-03-09,Stock-out
C03109,2025-03-17,Late delivery
C03109,2025-05-18,Late delivery
C03109,2025-07-14,Late delivery
C03110,2025-12-10,Stock-out
C03111,2025-02-28,Stock-out
C03112,2025-03-15,Late delivery
C03112,2025-06-16,Late delivery
C03112,2025-06-25,Late delivery
C03112,2025-08-28,Late delivery
C03112,2025-10-22,Late delivery
C03112,2025-10-24,Late delivery
C03112,2025-12-21,Late delivery
C03112,2026-01-13,Late delivery
C03112,2026-01-17,Late delivery
C03112,2026-01-19,Late delivery
C03112,2026-08-18,Late delivery
C03112,2026-09-05,Stock-out
C03113,2025-04-24,Stock-out
C03113,2025-07-25,Late delivery
C03114,2025-06-21,Late delivery
C03114,2025-07-04,Stock-out
C03114,2025-08-07,Stock-out
C03114,2025-11-03,Late delivery
C03114,2025-11-16,Stock-out
C03114,2025-12-11,Late delivery
C03115,2025-03-08,Stock-out
C03115,2025-05-04,Late delivery
C03115,2025-07-24,Late delivery
C03115,2025-09-09,Late delivery
C03115,2025-10-03,Late delivery
C03115,2025-10-07,Late delivery
C03115,2026-02-24,Late delivery
C03115,2026-04-05,Late delivery
C03115,2026-04-15,Late delivery
C03115,2026-04-28,Late delivery
C03115,2026-05-25,Late delivery
C03115,2026-05-27,Stock-out
C03115,2026-06-14,Late delivery
C03115,2026-06-23,Stock-out
C03115,2026-06-25,Late delivery
C03115,2026-09-05,Stock-out
C03115,2026-09-22,Late delivery
C03116,2025-01-04,Late delivery
C03116,2025-03-08,Late delivery
C03116,2025-03-26,Late delivery
C03116,2025-07-06,Late delivery
C03116,2025-07-25,Late delivery
C03116,2025-09-12,Late delivery
C03117,2026-09-24,Late delivery
C03118,2025-10-17,Stock-out
C03118,2026-03-27,Stock-out
C03118,2026-05-08,Late delivery
C03118,2026-05-09,Late delivery
C03119,2025-01-24,Late delivery
C03119,2025-04-11,Late delivery
C03119,2025-05-23,Late delivery
C03119,2026-02-11,Late delivery
C03119,2026-04-24,Stock-out
C03121,2025-09-28,Late delivery
C03121,2026-02-19,Late delivery
C03122,2025-01-24,Stock-out
C03122,2025-03-07,Stock-out
C03122,2025-05-08,Stock-out
C03122,2025-05-20,Late delivery
C03122,2025-07-05,Late delivery
C03122,2025-07-27,Stock-out
C03122,2025-09-04,Late delivery
C03122,2025-12-11,Stock-out
C03122,2025-12-12,Stock-out
C03122,2026-04-28,Stock-out
C03123,2025-04-08,Late delivery
C03123,2025-05-06,Stock-out
C03123,2025-05-27,Stock-out
C03123,2025-06-18,Late delivery
C03123,2025-07-19,Late delivery
C03123,2025-08-28,Late delivery
C03124,2025-01-17,Stock-out
C03124,2025-02-14,Late delivery
C03126,2025-01-06,Stock-out
C03126,2025-02-06,Stock-out
C03126,2025-04-24,Stock-out
C03126,2025-05-13,Stock-out
C03126,2025-05-18,Late delivery
C03126,2025-07-09,Stock-out
C03126,2026-02-13,Late delivery
C03126,2026-02-16,Stock-out
C03126,2026-08-19,Late delivery
C03126,2026-09-21,Late delivery
C03127,2025-01-21,Stock-out
C03127,2025-04-11,Late delivery
C03127,2026-02-18,Stock-out
C03127,2026-05-15,Pricing
C03127,2026-05-27,Stock-out
C03127,2026-08-08,Stock-out
C03127,2026-08-17,Late delivery
C03128,2025-01-18,Stock-out
C03129,2026-01-18,Late delivery
C03129,2026-02-13,Late delivery
C03132,2025-06-28,Late delivery
C03132,2025-11-04,Stock-out
C03132,2025-11-17,Late delivery
C03132,2026-01-16,Late delivery
C03132,2026-09-09,Late delivery
C03133,2025-09-19,Late delivery
C03133,2026-01-15,Product quality
C03133,2026-03-20,Stock-out
C03135,2025-11-23,Late delivery
C03136,2025-06-08,Stock-out
C03136,2025-07-17,Stock-out
C03136,2026-01-07,Stock-out
C03137,2025-01-11,Stock-out
C03137,2025-02-23,Stock-out
C03140,2025-01-10,Stock-out
C03141,2025-06-24,Late delivery
C03142,2025-02-15,Product quality
C03142,2025-08-05,Late delivery
C03142,2025-08-19,Stock-out
C03142,2026-02-27,Stock-out
C03143,2026-03-06,Stock-out
C03144,2025-07-20,Late delivery
C03144,2025-08-14,Stock-out
C03144,2026-01-08,Late delivery
C03144,2026-01-13,Late delivery
C03144,2026-04-11,Late delivery
C03144,2026-05-17,Late delivery
C03144,2026-09-10,Late delivery
C03145,2025-08-04,Late delivery
C03145,2025-12-15,Pricing
C03146,2025-11-04,Late delivery
C03146,2025-12-04,Stock-out
C03146,2025-12-24,Stock-out
C03146,2026-04-12,Late delivery
C03146,2026-06-12,Stock-out
C03146,2026-06-17,Stock-out
C03146,2026-09-17,Late delivery
C03147,2025-05-10,Late delivery
C03147,2025-09-22,Late delivery
C03147,2025-12-23,Late delivery
C03148,2025-01-05,Late delivery
C03149,2025-01-04,Stock-out
C03149,2025-01-16,Late delivery
C03149,2025-01-22,Stock-out
C03149,2025-04-07,Stock-out
C03149,2025-07-14,Late delivery
C03149,2025-08-19,Stock-out
C03150,2025-07-05,Late delivery
C03150,2026-08-21,Late delivery
C03151,2026-03-05,Late delivery
C03153,2025-01-05,Late delivery
C03153,2025-01-10,Late delivery
C03153,2025-01-12,Late delivery
C03153,2025-02-12,Late delivery
C03153,2025-02-22,Late delivery
C03154,2025-01-10,Stock-out
C03154,2025-01-18,Late delivery
C03154,2025-03-14,Stock-out
C03154,2025-04-11,Late delivery
C03154,2025-04-26,Stock-out
C03154,2025-07-15,Stock-out
C03154,2025-08-22,Stock-out
C03154,2026-04-12,Late delivery
C03154,2026-04-21,Stock-out
C03155,2025-04-08,Late delivery
C03155,2025-06-05,Late delivery
C03155,2025-06-13,Late delivery
C03155,2025-07-10,Stock-out
C03155,2025-08-04,Late delivery
C03155,2025-10-12,Late delivery
C03155,2025-10-24,Late delivery
C03155,2025-12-08,Late delivery
C03155,2025-12-16,Late delivery
C03155,2026-03-13,Stock-out
C03155,2026-04-25,Late delivery
C03155,2026-07-12,Stock-out
C03155,2026-07-18,Late delivery
C03155,2026-08-07,Stock-out
C03156,2025-09-15,Pricing
C03156,2026-02-11,Late delivery
C03156,2026-09-26,Late delivery
C03157,2025-03-11,Stock-out
C03157,2025-05-24,Stock-out
C03157,2025-06-17,Late delivery
C03157,2026-03-20,Late delivery
C03157,2026-04-25,Stock-out
C03157,2026-05-05,Stock-out
C03158,2025-04-09,Late delivery
C03158,2025-04-15,Pricing
C03159,2025-08-14,Stock-out
C03159,2026-02-09,Late delivery
C03159,2026-05-15,Stock-out
C03159,2026-07-27,Stock-out
C03159,2026-08-09,Late delivery
C03160,2025-09-03,Late delivery
C03160,2025-09-13,Late delivery
C03160,2026-01-28,Late delivery
C03161,2025-01-24,Late delivery
C03161,2025-09-12,Late delivery
C03162,2025-11-17,Late delivery
C03162,2025-12-13,Stock-out
C03163,2025-11-05,Stock-out
C03163,2025-11-24,Late delivery
C03163,2026-02-23,Late delivery
C03163,2026-03-10,Late delivery
C03163,2026-04-13,Stock-out
C03163,2026-04-28,Late delivery
C03163,2026-06-17,Late delivery
C03163,2026-07-07,Stock-out
C03164,2025-05-10,Late delivery
C03165,2026-07-15,Product quality
C03167,2025-02-15,Late delivery
C03167,2025-03-25,Stock-out
C03167,2025-03-27,Late delivery
C03167,2025-06-06,Stock-out
C03167,2025-06-18,Late delivery
C03167,2025-11-12,Late delivery
C03167,2026-02-24,Stock-out
C03167,2026-02-26,Stock-out
C03167,2026-09-24,Stock-out
C03169,2025-08-20,Late delivery
C03169,2025-08-24,Late delivery
C03169,2025-09-19,Late delivery
C03169,2025-10-10,Late delivery
C03169,2025-10-15,Pricing
C03169,2026-01-04,Late delivery
C03169,2026-01-09,Late delivery
C03169,2026-01-23,Late delivery
C03169,2026-01-24,Late delivery
C03169,2026-02-04,Stock-out
C03169,2026-02-09,Late delivery
C03169,2026-02-28,Late delivery
C03169,2026-04-17,Stock-out
C03169,2026-04-22,Stock-out
C03169,2026-06-25,Late delivery
C03169,2026-08-18,Late delivery
C03171,2025-12-16,Stock-out
C03172,2025-03-06,Stock-out
C03172,2025-03-17,Stock-out
C03172,2025-03-25,Late delivery
C03172,2025-04-04,Late delivery
C03172,2025-05-07,Stock-out
C03173,2026-02-11,Late delivery
C03175,2025-11-17,Stock-out
C03175,2025-11-21,Stock-out
C03177,2025-01-28,Stock-out
C03177,2025-02-05,Late delivery
C03177,2025-05-21,Stock-out
C03177,2025-08-27,Late delivery
C03177,2025-10-18,Late delivery
C03177,2026-02-23,Late delivery
C03177,2026-03-26,Late delivery
C03179,2025-10-25,Stock-out
C03180,2025-01-06,Late delivery
C03180,2025-09-28,Late delivery
C03180,2025-10-05,Late delivery
C03180,2025-10-17,Late delivery
C03180,2025-12-06,Stock-out
C03180,2025-12-14,Late delivery
C03180,2026-01-23,Stock-out
C03180,2026-04-13,Late delivery
C03180,2026-04-21,Late delivery
C03180,2026-07-10,Late delivery
C03180,2026-08-11,Stock-out
C03180,2026-08-26,Late delivery
C03181,2025-05-07,Stock-out
C03181,2025-06-28,Late delivery
C03181,2025-07-06,Late delivery
C03181,2025-08-06,Stock-out
C03181,2025-08-22,Stock-out
C03181,2025-10-15,Late delivery
C03181,2025-10-17,Late delivery
C03181,2026-03-05,Late delivery
C03181,2026-03-25,Late delivery
C03181,2026-04-03,Stock-out
C03181,2026-06-19,Stock-out
C03181,2026-08-10,Late delivery
C03182,2025-03-26,Stock-out
C03182,2026-01-28,Late delivery
C03182,2026-02-05,Stock-out
C03183,2025-09-28,Stock-out
C03184,2025-02-15,Product quality
C03184,2025-03-07,Stock-out
C03185,2025-02-28,Stock-out
C03185,2025-12-16,Stock-out
C03185,2026-05-27,Late delivery
C03186,2025-12-24,Stock-out
C03186,2025-12-26,Late delivery
C03186,2026-01-25,Stock-out
C03187,2026-09-16,Late delivery
C03188,2025-04-04,Stock-out
C03188,2025-05-13,Late delivery
C03188,2025-07-17,Stock-out
C03188,2026-06-18,Stock-out
C03190,2025-12-25,Stock-out
C03192,2025-03-14,Stock-out
C03192,2025-06-15,Stock-out
C03193,2025-01-15,Late delivery
C03194,2025-03-22,Late delivery
C03195,2025-02-25,Late delivery
C03197,2025-01-08,Late delivery
C03197,2025-05-16,Late delivery
C03197,2025-08-26,Late delivery
C03197,2026-01-17,Stock-out
C03197,2026-03-12,Late delivery
C03197,2026-07-28,Stock-out
C03198,2025-02-05,Stock-out
C03198,2025-03-07,Late delivery
C03198,2025-05-05,Stock-out
C03198,2025-05-15,Stock-out
C03198,2025-05-23,Stock-out
C03198,2025-08-19,Late delivery
C03198,2025-09-05,Late delivery
C03198,2025-10-19,Stock-out
C03198,2025-12-08,Stock-out
C03199,2025-04-08,Late delivery
C03199,2026-02-08,Late delivery
C03199,2026-05-12,Stock-out
C03199,2026-05-26,Late delivery
C03199,2026-08-09,Late delivery
C03199,2026-08-22,Stock-out
C03200,2025-06-08,Stock-out
C03201,2025-03-15,Pricing
C03201,2025-04-11,Late delivery
C03201,2025-05-28,Late delivery
C03202,2025-02-03,Stock-out
C03202,2025-04-18,Late delivery
C03204,2025-09-09,Late delivery
C03204,2025-10-15,Late delivery
C03204,2026-01-03,Late delivery
C03206,2025-07-25,Late delivery
C03208,2026-07-21,Late delivery
C03209,2025-03-09,Late delivery
C03211,2025-05-14,Stock-out
C03211,2025-07-10,Late delivery
C03211,2025-10-06,Stock-out
C03211,2026-01-23,Late delivery
C03212,2025-03-22,Late delivery
C03213,2025-02-16,Late delivery
C03213,2025-05-16,Late delivery
C03213,2025-08-15,Stock-out
C03213,2025-10-21,Late delivery
C03213,2025-11-26,Late delivery
C03213,2026-01-13,Late delivery
C03213,2026-02-03,Stock-out
C03213,2026-05-04,Late delivery
C03213,2026-07-18,Late delivery
C03214,2025-07-28,Late delivery
C03214,2025-08-17,Stock-out
C03215,2025-03-13,Stock-out
C03216,2025-07-15,Stock-out
C03216,2025-11-22,Late delivery
C03216,2026-01-05,Stock-out
C03216,2026-01-21,Late delivery
C03216,2026-02-15,Late delivery
C03216,2026-04-09,Late delivery
C03216,2026-05-07,Late delivery
C03217,2025-03-17,Stock-out
C03218,2025-08-26,Late delivery
C03218,2026-04-25,Late delivery
C03218,2026-04-26,Stock-out
C03218,2026-05-22,Stock-out
C03218,2026-07-11,Late delivery
C03220,2026-01-04,Late delivery
C03220,2026-04-28,Late delivery
C03220,2026-06-14,Stock-out
C03220,2026-07-14,Late delivery
C03221,2025-06-26,Late delivery
C03221,2025-06-28,Late delivery
C03221,2025-09-05,Late delivery
C03222,2025-05-07,Stock-out
C03223,2025-08-14,Late delivery
C03223,2025-08-28,Late delivery
C03223,2025-09-24,Late delivery
C03223,2025-12-15,Product quality
C03223,2026-01-09,Late delivery
C03223,2026-01-28,Late delivery
C03223,2026-02-24,Stock-out
C03224,2025-01-06,Late delivery
C03224,2025-01-10,Late delivery
C03224,2025-02-07,Stock-out
C03224,2025-02-12,Late delivery
C03224,2025-02-12,Stock-out
C03224,2025-03-27,Stock-out
C03224,2025-04-15,Product quality
C03224,2025-04-28,Late delivery
C03224,2025-05-26,Late delivery
C03224,2025-08-11,Late delivery
C03224,2025-09-23,Late delivery
C03224,2025-09-27,Stock-out
C03224,2025-10-09,Late delivery
C03224,2025-11-12,Stock-out
C03224,2025-11-14,Stock-out
C03224,2026-01-17,Late delivery
C03224,2026-01-28,Late delivery
C03224,2026-02-06,Stock-out
C03224,2026-02-10,Stock-out
C03224,2026-02-13,Stock-out
C03224,2026-02-15,Late delivery
C03224,2026-02-20,Late delivery
C03224,2026-02-28,Late delivery
C03224,2026-03-09,Late delivery
C03224,2026-03-21,Late delivery
C03224,2026-03-28,Late delivery
C03224,2026-04-04,Late delivery
C03224,2026-04-13,Stock-out
C03224,2026-04-14,Late delivery
C03224,2026-04-15,Stock-out
C03224,2026-06-04,Late delivery
C03224,2026-06-27,Late delivery
C03224,2026-06-28,Late delivery
C03224,2026-07-17,Late delivery
C03224,2026-07-26,Stock-out
C03224,2026-09-09,Late delivery
C03225,2026-02-08,Late delivery
C03226,2025-07-15,Late delivery
C03226,2025-10-12,Late delivery
C03226,2025-10-20,Late delivery
C03227,2025-03-26,Stock-out
C03228,2025-08-23,Late delivery
C03228,2025-09-22,Late delivery
C03229,2025-09-25,Stock-out
C03229,2026-05-25,Late delivery
C03231,2025-01-14,Late delivery
C03231,2025-03-06,Late delivery
C03231,2025-06-15,Product quality
C03231,2025-07-19,Late delivery
C03231,2025-10-21,Stock-out
C03232,2025-06-08,Late delivery
C03232,2025-11-20,Late delivery
C03234,2025-01-03,Stock-out
C03234,2025-05-13,Late delivery
C03234,2025-06-17,Late delivery
C03234,2025-08-27,Late delivery
C03234,2025-09-14,Late delivery
C03234,2025-09-14,Late delivery
C03234,2025-11-14,Late delivery
C03234,2025-12-26,Late delivery
C03234,2026-02-23,Stock-out
C03234,2026-07-12,Stock-out
C03235,2025-03-10,Stock-out
C03235,2025-06-15,Late delivery
C03236,2025-02-21,Late delivery
C03236,2025-03-05,Late delivery
C03236,2025-05-28,Late delivery
C03236,2025-10-18,Late delivery
C03236,2025-11-03,Late delivery
C03236,2026-02-19,Stock-out
C03236,2026-02-20,Late delivery
C03236,2026-03-10,Late delivery
C03236,2026-05-24,Late delivery
C03237,2025-04-23,Late delivery
C03239,2026-04-08,Late delivery
C03240,2025-03-22,Late delivery
C03240,2025-04-25,Stock-out
C03240,2025-06-14,Stock-out
C03240,2026-07-16,Late delivery
C03240,2026-09-28,Stock-out
C03243,2025-01-18,Late delivery
C03244,2025-04-06,Late delivery
C03244,2025-04-20,Stock-out
C03244,2026-02-15,Product quality
C03245,2025-11-09,Stock-out
C03247,2026-06-28,Late delivery
C03247,2026-07-18,Late delivery
C03247,2026-09-26,Late delivery
C03248,2025-04-23,Stock-out
C03248,2025-09-28,Late delivery
C03248,2025-11-24,Late delivery
C03248,2025-12-19,Late delivery
C03248,2026-03-28,Late delivery
C03248,2026-09-21,Late delivery
C03249,2025-02-26,Stock-out
C03250,2026-09-16,Late delivery
C03251,2026-06-22,Late delivery
C03252,2025-01-27,Late delivery
C03252,2025-04-15,Late delivery
C03252,2025-04-23,Late delivery
C03252,2025-04-28,Stock-out
C03252,2025-05-20,Stock-out
C03252,2025-09-05,Stock-out
C03252,2025-11-12,Late delivery
C03252,2025-12-10,Late delivery
C03252,2025-12-20,Late delivery
C03252,2026-02-13,Stock-out
C03252,2026-03-25,Stock-out
C03252,2026-08-03,Late delivery
C03252,2026-08-04,Late delivery
C03253,2025-05-08,Late delivery
C03254,2025-09-04,Stock-out
C03255,2026-01-03,Stock-out
C03255,2026-02-11,Late delivery
C03255,2026-03-28,Stock-out
C03255,2026-05-21,Late delivery
C03255,2026-09-06,Stock-out
C03256,2025-06-11,Late delivery
C03256,2026-08-09,Stock-out
C03257,2025-01-06,Stock-out
C03258,2025-11-18,Late delivery
C03258,2026-01-27,Late delivery
C03258,2026-03-26,Late delivery
C03258,2026-05-16,Late delivery
C03258,2026-09-12,Late delivery
C03258,2026-09-15,Late delivery
C03260,2025-09-13,Stock-out
C03260,2025-10-08,Late delivery
C03260,2026-08-24,Late delivery
C03261,2025-03-25,Late delivery
C03261,2025-06-05,Late delivery
C03261,2025-07-12,Stock-out
C03261,2025-07-13,Stock-out
C03261,2026-05-19,Stock-out
C03261,2026-07-05,Stock-out
C03261,2026-09-09,Late delivery
C03262,2025-01-23,Late delivery
C03262,2025-03-16,Stock-out
C03262,2025-06-06,Late delivery
C03262,2025-07-24,Stock-out
C03262,2025-09-12,Stock-out
C03262,2025-10-23,Late delivery
C03262,2026-02-16,Stock-out
C03262,2026-02-28,Late delivery
C03262,2026-03-28,Late delivery
C03262,2026-04-06,Late delivery
C03262,2026-06-08,Late delivery
C03263,2025-05-15,Pricing
C03263,2025-06-08,Late delivery
C03263,2025-06-24,Stock-out
C03263,2025-08-13,Stock-out
C03263,2026-08-28,Stock-out
C03265,2025-06-24,Stock-out
C03265,2026-01-07,Late delivery
C03266,2025-04-14,Late delivery
C03266,2025-05-25,Late delivery
C03266,2025-07-07,Late delivery
C03266,2026-01-08,Late delivery
C03266,2026-06-17,Late delivery
C03267,2025-02-28,Stock-out
C03267,2025-08-10,Late delivery
C03267,2025-09-14,Stock-out
C03267,2025-10-18,Stock-out
C03267,2025-11-21,Late delivery
C03268,2025-02-16,Late delivery
C03268,2025-05-20,Stock-out
C03268,2025-06-24,Late delivery
C03268,2025-07-23,Late delivery
C03269,2025-02-19,Late delivery
C03269,2025-02-27,Stock-out
C03269,2025-06-18,Late delivery
C03270,2025-02-24,Late delivery
C03270,2025-12-28,Stock-out
C03270,2026-05-03,Stock-out
C03271,2025-02-14,Late delivery
C03271,2025-04-08,Stock-out
C03271,2025-04-20,Late delivery
C03271,2025-06-07,Stock-out
C03271,2025-06-15,Stock-out
C03271,2025-08-27,Stock-out
C03271,2025-08-28,Late delivery
C03271,2025-09-06,Late delivery
C03271,2025-09-25,Late delivery
C03271,2025-12-28,Late delivery
C03271,2026-02-07,Late delivery
C03271,2026-02-27,Late delivery
C03271,2026-06-05,Late delivery
C03274,2025-05-28,Late delivery
C03274,2025-08-15,Product quality
C03274,2025-11-17,Late delivery
C03276,2025-03-19,Stock-out
C03276,2025-04-03,Late delivery
C03276,2025-04-28,Late delivery
C03276,2025-08-27,Late delivery
C03276,2025-09-16,Late delivery
C03277,2026-07-15,Product quality
C03277,2026-08-03,Late delivery
C03277,2026-08-28,Stock-out
C03278,2025-03-11,Stock-out
C03278,2025-10-28,Late delivery
C03278,2025-12-03,Late delivery
C03278,2026-03-06,Late delivery
C03278,2026-04-04,Stock-out
C03280,2025-07-08,Stock-out
C03280,2025-07-17,Late delivery
C03280,2025-12-14,Late delivery
C03280,2026-01-25,Late delivery
C03280,2026-02-06,Late delivery
C03280,2026-03-20,Late delivery
C03280,2026-03-20,Late delivery
C03280,2026-06-18,Stock-out
C03280,2026-06-28,Late delivery
C03280,2026-09-18,Late delivery
C03282,2025-06-15,Pricing
C03282,2026-02-22,Late delivery
C03284,2025-08-15,Product quality
C03284,2025-10-04,Late delivery
C03284,2025-11-05,Late delivery
C03285,2025-01-08,Stock-out
C03286,2025-01-03,Stock-out
C03286,2026-05-09,Late delivery
C03286,2026-05-19,Stock-out
C03287,2025-10-15,Product quality
C03287,2025-11-25,Stock-out
C03288,2025-05-26,Late delivery
C03288,2025-08-13,Stock-out
C03289,2025-08-11,Late delivery
C03289,2026-06-17,Late delivery
C03289,2026-07-22,Stock-out
C03289,2026-09-04,Stock-out
C03290,2026-04-24,Late delivery
C03290,2026-07-10,Late delivery
C03291,2025-01-10,Late delivery
C03291,2025-02-07,Stock-out
C03291,2025-02-25,Late delivery
C03291,2025-03-06,Stock-out
C03291,2025-03-07,Late delivery
C03291,2025-04-24,Stock-out
C03291,2025-05-15,Late delivery
C03291,2025-06-26,Stock-out
C03291,2025-08-10,Stock-out
C03291,2025-08-18,Late delivery
C03291,2025-09-12,Stock-out
C03292,2025-02-06,Late delivery
C03292,2026-01-03,Late delivery
C03292,2026-07-20,Stock-out
C03292,2026-08-21,Late delivery
C03293,2025-02-14,Stock-out
C03293,2025-04-27,Stock-out
C03293,2025-09-16,Late delivery
C03293,2025-11-23,Stock-out
C03293,2025-12-15,Late delivery
C03293,2025-12-15,Late delivery
C03293,2026-01-12,Late delivery
C03294,2025-01-07,Stock-out
C03294,2025-07-25,Stock-out
C03294,2025-09-22,Late delivery
C03294,2025-10-15,Product quality
C03294,2026-01-24,Late delivery
C03294,2026-04-04,Late delivery
C03296,2025-12-05,Late delivery
C03297,2025-01-04,Stock-out
C03297,2025-02-10,Late delivery
C03297,2025-10-25,Stock-out
C03297,2025-12-15,Product quality
C03298,2025-01-23,Stock-out
C03299,2025-04-12,Late delivery
C03299,2025-04-16,Late delivery
C03299,2025-06-28,Late delivery
C03299,2025-08-28,Late delivery
C03299,2025-11-10,Late delivery
C03301,2025-04-10,Stock-out
C03301,2025-09-11,Stock-out
C03301,2025-12-07,Stock-out
C03302,2025-03-06,Stock-out
C03302,2025-03-25,Late delivery
C03302,2025-06-15,Product quality
C03303,2026-03-20,Late delivery
C03303,2026-03-25,Late delivery
C03303,2026-04-13,Late delivery
C03303,2026-06-28,Late delivery
C03303,2026-09-05,Stock-out
C03303,2026-09-27,Late delivery
C03304,2026-02-12,Late delivery
C03305,2025-08-08,Late delivery
C03305,2026-01-14,Stock-out
C03305,2026-04-08,Stock-out
C03305,2026-07-28,Late delivery
C03305,2026-08-10,Stock-out
C03305,2026-08-12,Late delivery
C03305,2026-08-25,Late delivery
C03305,2026-09-13,Late delivery
C03306,2025-03-13,Late delivery
C03306,2025-03-14,Stock-out
C03306,2025-04-05,Late delivery
C03306,2025-04-24,Late delivery
C03306,2025-09-19,Late delivery
C03306,2025-11-19,Late delivery
C03306,2025-12-15,Product quality
C03306,2026-01-13,Late delivery
C03306,2026-01-20,Stock-out
C03307,2025-01-19,Late delivery
C03307,2025-08-04,Late delivery
C03308,2025-05-15,Late delivery
C03308,2025-06-04,Late delivery
C03308,2025-08-06,Stock-out
C03308,2025-09-22,Late delivery
C03308,2025-10-14,Late delivery
C03308,2025-12-19,Stock-out
C03308,2026-02-07,Late delivery
C03308,2026-03-12,Late delivery
C03308,2026-04-11,Late delivery
C03308,2026-04-15,Stock-out
C03308,2026-04-27,Late delivery
C03308,2026-08-07,Stock-out
C03310,2025-02-16,Late delivery
C03312,2025-02-13,Late delivery
C03312,2025-03-06,Late delivery
C03312,2025-03-18,Stock-out
C03312,2025-03-27,Late delivery
C03312,2025-06-22,Late delivery
C03312,2025-07-15,Late delivery
C03312,2025-08-19,Late delivery
C03312,2025-08-20,Late delivery
C03312,2025-11-05,Late delivery
C03312,2025-12-16,Late delivery
C03312,2026-02-17,Stock-out
C03312,2026-03-24,Late delivery
C03312,2026-03-28,Stock-out
C03313,2025-01-17,Late delivery
C03313,2025-01-28,Stock-out
C03313,2025-02-11,Stock-out
C03318,2025-07-26,Late delivery
C03318,2026-01-09,Stock-out
C03319,2025-05-07,Stock-out
C03319,2025-05-27,Late delivery
C03319,2025-08-22,Stock-out
C03319,2026-07-14,Late delivery
C03320,2025-01-07,Stock-out
C03320,2025-06-18,Stock-out
C03320,2025-11-12,Late delivery
C03320,2026-02-03,Late delivery
C03320,2026-02-12,Late delivery
C03321,2025-03-14,Late delivery
C03323,2025-01-18,Late delivery
C03323,2026-03-10,Stock-out
C03324,2025-08-04,Stock-out
C03324,2025-09-23,Late delivery
C03324,2025-12-28,Late delivery
C03326,2025-02-09,Late delivery
C03326,2025-04-21,Late delivery
C03326,2025-11-07,Late delivery
C03326,2025-11-10,Late delivery
C03326,2025-12-06,Stock-out
C03326,2025-12-09,Late delivery
C03326,2025-12-09,Late delivery
C03326,2026-01-19,Stock-out
C03326,2026-01-26,Stock-out
C03326,2026-02-03,Stock-out
C03326,2026-02-07,Late delivery
C03326,2026-05-11,Stock-out
C03326,2026-07-20,Late delivery
C03326,2026-09-19,Late delivery
C03326,2026-09-27,Late delivery
C03327,2025-04-15,Product quality
C03328,2026-01-09,Late delivery
C03328,2026-01-11,Late delivery
C03328,2026-01-22,Late delivery
C03328,2026-03-08,Stock-out
C03328,2026-06-11,Late delivery
C03328,2026-07-09,Late delivery
C03328,2026-08-21,Stock-out
C03330,2025-10-15,Late delivery
C03330,2026-01-12,Late delivery
C03330,2026-02-04,Stock-out
C03330,2026-08-21,Late delivery
C03331,2025-08-08,Stock-out
C03331,2026-03-03,Late delivery
C03332,2025-03-27,Late delivery
C03332,2025-07-10,Stock-out
C03332,2025-09-27,Stock-out
C03332,2026-01-08,Stock-out
C03332,2026-02-14,Stock-out
C03333,2025-08-28,Late delivery
C03333,2026-01-21,Late delivery
C03333,2026-02-18,Late delivery
C03333,2026-03-13,Stock-out
C03333,2026-05-03,Stock-out
C03333,2026-09-03,Late delivery
C03334,2025-01-28,Late delivery
C03335,2026-03-22,Late delivery
C03335,2026-05-05,Stock-out
C03335,2026-05-07,Late delivery
C03335,2026-06-18,Late delivery
C03335,2026-08-10,Stock-out
C03335,2026-09-28,Stock-out
C03336,2025-11-11,Late delivery
C03336,2026-05-12,Stock-out
C03336,2026-06-07,Stock-out
C03336,2026-06-26,Late delivery
C03336,2026-08-11,Stock-out
C03336,2026-09-24,Stock-out
C03337,2025-02-10,Late delivery
C03337,2025-03-11,Stock-out
C03337,2025-05-24,Late delivery
C03338,2025-05-22,Late delivery
C03338,2026-03-19,Late delivery
C03339,2025-05-09,Late delivery
C03339,2025-06-07,Late delivery
C03339,2025-08-14,Late delivery
C03339,2025-09-03,Late delivery
C03339,2025-09-18,Late delivery
C03339,2025-11-27,Late delivery
C03339,2025-12-16,Stock-out
C03339,2026-03-07,Stock-out
C03339,2026-04-15,Late delivery
C03339,2026-04-27,Late delivery
C03339,2026-05-22,Late delivery
C03339,2026-07-09,Late delivery
C03339,2026-08-25,Late delivery
C03340,2026-08-11,Late delivery
C03341,2025-02-15,Pricing
C03342,2026-06-15,Pricing
C03343,2025-05-19,Late delivery
C03343,2025-07-21,Stock-out
C03343,2025-08-10,Stock-out
C03343,2025-08-15,Late delivery
C03343,2025-10-05,Late delivery
C03343,2025-10-24,Stock-out
C03343,2025-12-16,Late delivery
C03343,2026-01-09,Late delivery
C03343,2026-02-16,Stock-out
C03343,2026-03-06,Late delivery
C03343,2026-03-25,Late delivery
C03343,2026-06-15,Product quality
C03343,2026-07-19,Late delivery
C03343,2026-07-25,Stock-out
C03343,2026-08-15,Pricing
C03345,2025-06-07,Late delivery
C03345,2025-09-20,Stock-out
C03346,2025-01-07,Late delivery
C03346,2025-01-17,Stock-out
C03346,2025-02-15,Stock-out
C03346,2025-07-13,Late delivery
C03346,2025-09-15,Late delivery
C03346,2025-09-20,Late delivery
C03346,2025-10-08,Late delivery
C03346,2025-10-13,Late delivery
C03346,2026-01-08,Late delivery
C03346,2026-01-15,Late delivery
C03346,2026-09-17,Late delivery
C03347,2025-04-18,Stock-out
C03347,2026-03-27,Stock-out
C03347,2026-06-18,Late delivery
C03348,2025-01-12,Stock-out
C03348,2025-03-07,Late delivery
C03348,2025-04-15,Stock-out
C03348,2025-05-03,Stock-out
C03348,2025-05-08,Stock-out
C03348,2025-09-10,Stock-out
C03348,2025-11-03,Late delivery
C03348,2026-01-05,Stock-out
C03348,2026-01-28,Stock-out
C03348,2026-04-10,Stock-out
C03352,2025-01-15,Pricing
C03352,2025-03-08,Stock-out
C03352,2025-05-10,Stock-out
C03352,2025-06-05,Late delivery
C03352,2025-07-08,Late delivery
C03352,2025-07-09,Stock-out
C03353,2025-04-26,Stock-out
C03353,2025-05-26,Late delivery
C03353,2025-08-14,Late delivery
C03353,2025-09-19,Late delivery
C03353,2025-09-28,Late delivery
C03353,2026-02-05,Stock-out
C03353,2026-03-07,Stock-out
C03353,2026-06-25,Stock-out
C03353,2026-07-13,Late delivery
C03353,2026-07-15,Pricing
C03353,2026-08-17,Late delivery
C03354,2025-01-14,Stock-out
C03354,2025-03-20,Stock-out
C03356,2025-07-08,Stock-out
C03356,2025-10-28,Late delivery
C03356,2025-11-24,Late delivery
C03356,2026-02-10,Late delivery
C03356,2026-07-21,Late delivery
C03356,2026-08-26,Late delivery
C03357,2025-02-17,Stock-out
C03357,2025-06-12,Stock-out
C03357,2026-04-28,Late delivery
C03357,2026-08-15,Pricing
C03357,2026-09-25,Late delivery
C03358,2025-01-10,Stock-out
C03358,2025-04-28,Stock-out
C03360,2025-02-20,Late delivery
C03360,2025-03-06,Stock-out
C03360,2025-07-05,Late delivery
C03360,2026-01-14,Late delivery
C03360,2026-05-14,Late delivery
C03360,2026-06-15,Late delivery
C03360,2026-07-06,Late delivery
C03360,2026-07-07,Stock-out
C03360,2026-07-25,Stock-out
C03360,2026-08-15,Late delivery
C03360,2026-08-22,Stock-out
C03360,2026-08-25,Late delivery
C03360,2026-09-25,Stock-out
C03361,2026-04-14,Late delivery
C03362,2025-09-20,Late delivery
C03362,2026-09-12,Late delivery
C03364,2025-07-16,Late delivery
C03364,2025-11-17,Stock-out
C03364,2026-02-17,Stock-out
C03364,2026-07-07,Late delivery
C03365,2025-12-04,Late delivery
C03365,2025-12-10,Stock-out
C03365,2026-08-05,Stock-out
C03366,2025-03-05,Late delivery
C03366,2025-04-10,Stock-out
C03366,2025-05-16,Late delivery
C03370,2025-03-27,Late delivery
C03370,2025-04-03,Stock-out
C03371,2025-02-26,Late delivery
C03371,2025-05-27,Late delivery
C03371,2026-05-20,Stock-out
C03371,2026-07-15,Pricing
C03371,2026-07-17,Late delivery
C03372,2026-02-20,Late delivery
C03372,2026-02-24,Stock-out
C03372,2026-04-24,Stock-out
C03372,2026-07-28,Late delivery
C03373,2025-02-19,Late delivery
C03373,2026-07-15,Late delivery
C03374,2025-02-22,Late delivery
C03374,2025-08-17,Stock-out
C03374,2025-09-22,Late delivery
C03375,2025-05-09,Late delivery
C03375,2025-09-23,Late delivery
C03376,2026-04-14,Late delivery
C03376,2026-04-25,Stock-out
C03376,2026-05-16,Late delivery
C03377,2025-01-09,Stock-out
C03377,2025-05-09,Stock-out
C03377,2025-12-17,Late delivery
C03377,2026-04-15,Late delivery
C03378,2025-04-13,Stock-out
C03379,2025-08-15,Stock-out
C03379,2026-03-28,Late delivery
C03379,2026-05-06,Stock-out
C03379,2026-05-20,Late delivery
C03379,2026-05-27,Stock-out
C03379,2026-06-04,Late delivery
C03379,2026-07-16,Stock-out
C03379,2026-09-10,Stock-out
C03380,2025-03-10,Late delivery
C03380,2025-09-16,Stock-out
C03380,2025-10-15,Late delivery
C03380,2025-12-08,Stock-out
C03380,2026-04-08,Late delivery
C03380,2026-04-20,Late delivery
C03380,2026-09-15,Pricing
C03380,2026-09-16,Late delivery
C03382,2025-03-22,Stock-out
C03382,2025-05-12,Stock-out
C03382,2025-05-15,Late delivery
C03382,2025-10-23,Late delivery
C03382,2025-11-15,Product quality
C03382,2025-12-06,Stock-out
C03383,2025-02-26,Late delivery
C03384,2025-05-25,Stock-out
C03385,2025-01-03,Stock-out
C03386,2025-05-20,Stock-out
C03386,2026-01-11,Late delivery
C03389,2025-05-23,Late delivery
C03389,2025-08-21,Late delivery
C03393,2025-08-24,Stock-out
C03393,2026-02-18,Late delivery
C03393,2026-04-27,Late delivery
C03393,2026-09-11,Late delivery
C03394,2026-05-09,Stock-out
C03394,2026-08-07,Late delivery
C03395,2025-02-26,Late delivery
C03395,2025-03-14,Stock-out
C03395,2025-04-08,Stock-out
C03395,2025-04-27,Stock-out
C03395,2025-07-18,Late delivery
C03395,2025-11-15,Pricing
C03395,2026-03-20,Stock-out
C03395,2026-08-27,Late delivery
C03396,2025-01-27,Late delivery
C03396,2025-02-12,Late delivery
C03396,2025-03-16,Late delivery
C03396,2025-03-17,Stock-out
C03396,2025-04-05,Stock-out
C03396,2025-04-14,Stock-out
C03396,2025-06-15,Product quality
C03396,2025-06-24,Stock-out
C03396,2025-09-26,Late delivery
C03396,2025-10-19,Stock-out
C03396,2026-01-04,Stock-out
C03396,2026-04-12,Late delivery
C03396,2026-05-13,Stock-out
C03396,2026-06-18,Late delivery
C03396,2026-07-25,Stock-out
C03397,2026-08-26,Late delivery
C03398,2025-02-25,Late delivery
C03398,2025-05-26,Late delivery
C03401,2025-01-16,Late delivery
C03401,2025-03-10,Stock-out
C03401,2025-06-21,Late delivery
C03401,2025-10-11,Late delivery
C03401,2026-01-17,Late delivery
C03401,2026-02-27,Late delivery
C03401,2026-02-28,Late delivery
C03401,2026-02-28,Late delivery
C03401,2026-03-21,Stock-out
C03401,2026-07-21,Late delivery
C03402,2026-09-18,Stock-out
C03403,2025-06-23,Late delivery
C03403,2026-02-08,Stock-out
C03403,2026-03-07,Stock-out
C03403,2026-05-09,Stock-out
C03403,2026-05-28,Stock-out
C03404,2025-09-16,Late delivery
C03404,2026-01-17,Late delivery
C03404,2026-04-20,Late delivery
C03404,2026-04-25,Stock-out
C03404,2026-05-25,Stock-out
C03404,2026-08-28,Late delivery
C03405,2025-03-21,Stock-out
C03406,2025-07-15,Late delivery
C03406,2026-09-15,Pricing
C03407,2026-01-05,Late delivery
C03407,2026-02-10,Late delivery
C03407,2026-03-05,Late delivery
C03409,2025-01-15,Late delivery
C03409,2025-04-21,Late delivery
C03409,2025-06-21,Late delivery
C03411,2025-01-07,Late delivery
C03411,2025-01-08,Late delivery
C03411,2025-01-24,Late delivery
C03411,2025-02-11,Late delivery
C03411,2025-02-28,Stock-out
C03411,2025-05-18,Late delivery
C03411,2025-08-09,Late delivery
C03411,2025-08-24,Late delivery
C03411,2025-09-28,Stock-out
C03412,2025-01-28,Late delivery
C03412,2025-03-06,Stock-out
C03412,2025-04-04,Stock-out
C03412,2025-04-15,Pricing
C03412,2025-05-06,Stock-out
C03412,2025-07-25,Late delivery
C03412,2026-08-03,Late delivery
C03412,2026-08-27,Late delivery
C03414,2025-10-03,Late delivery
C03415,2025-02-13,Late delivery
C03415,2025-03-06,Late delivery
C03416,2025-05-15,Stock-out
C03416,2025-06-22,Stock-out
C03416,2025-07-24,Late delivery
C03416,2025-12-14,Late delivery
C03417,2025-08-26,Late delivery
C03418,2025-07-28,Late delivery
C03419,2026-01-20,Late delivery
C03419,2026-02-15,Stock-out
C03419,2026-02-19,Late delivery
C03419,2026-04-21,Late delivery
C03422,2025-02-17,Stock-out
C03422,2025-11-16,Late delivery
C03422,2026-03-07,Late delivery
C03422,2026-04-15,Late delivery
C03423,2025-02-03,Stock-out
C03423,2025-04-17,Stock-out
C03423,2025-05-28,Late delivery
C03423,2025-08-16,Late delivery
C03423,2025-11-26,Stock-out
C03423,2026-02-04,Late delivery
C03423,2026-05-20,Stock-out
C03423,2026-09-08,Late delivery
C03423,2026-09-15,Late delivery
C03426,2025-02-05,Late delivery
C03426,2025-02-28,Stock-out
C03426,2025-04-12,Late delivery
C03426,2025-05-07,Late delivery
C03426,2025-05-09,Late delivery
C03426,2025-06-21,Late delivery
C03426,2025-09-15,Late delivery
C03427,2025-07-28,Late delivery
C03427,2026-06-05,Late delivery
C03427,2026-08-15,Pricing
C03428,2025-01-06,Late delivery
C03428,2025-01-14,Late delivery
C03428,2025-02-11,Late delivery
C03428,2025-05-08,Late delivery
C03428,2025-06-13,Late delivery
C03428,2025-09-17,Late delivery
C03428,2025-12-14,Late delivery
C03430,2025-01-21,Late delivery
C03430,2025-02-18,Late delivery
C03430,2025-07-25,Late delivery
C03430,2025-08-28,Late delivery
C03430,2025-10-08,Late delivery
C03430,2025-11-07,Late delivery
C03430,2025-11-25,Stock-out
C03430,2026-01-17,Stock-out
C03430,2026-02-06,Late delivery
C03430,2026-03-04,Stock-out
C03430,2026-04-12,Late delivery
C03430,2026-04-13,Stock-out
C03430,2026-06-10,Stock-out
C03430,2026-07-11,Late delivery
C03430,2026-07-15,Stock-out
C03431,2025-04-26,Late delivery
C03433,2026-06-15,Late delivery
C03434,2026-03-13,Late delivery
C03434,2026-06-08,Late delivery
C03434,2026-09-21,Late delivery
C03434,2026-09-28,Late delivery
C03435,2025-03-12,Stock-out
C03436,2025-02-14,Late delivery
C03436,2025-04-10,Late delivery
C03436,2025-06-15,Stock-out
C03436,2025-10-04,Stock-out
C03437,2025-01-15,Pricing
C03437,2025-06-13,Stock-out
C03438,2025-03-04,Stock-out
C03439,2025-11-17,Stock-out
C03439,2026-02-09,Late delivery
C03439,2026-03-09,Late delivery
C03439,2026-05-06,Stock-out
C03440,2025-02-23,Stock-out
C03443,2025-01-20,Stock-out
C03443,2025-06-25,Stock-out
C03443,2026-01-13,Stock-out
C03443,2026-05-11,Late delivery
C03445,2025-03-16,Late delivery
C03445,2025-12-04,Late delivery
C03445,2026-09-13,Late delivery
C03447,2025-07-10,Late delivery
C03447,2025-07-28,Late delivery
C03449,2025-09-24,Stock-out
C03450,2026-01-28,Stock-out
C03452,2025-03-18,Late delivery
C03452,2026-06-03,Stock-out
C03453,2025-01-22,Late delivery
C03454,2025-07-26,Late delivery
C03455,2025-02-17,Late delivery
C03455,2025-04-10,Late delivery
C03456,2025-06-05,Stock-out
C03456,2025-11-27,Late delivery
C03456,2026-01-15,Stock-out
C03456,2026-02-15,Late delivery
C03456,2026-02-23,Late delivery
C03456,2026-04-24,Stock-out
C03457,2025-09-15,Product quality
C03457,2025-09-16,Late delivery
C03457,2025-12-10,Stock-out
C03458,2025-01-05,Late delivery
C03458,2025-05-23,Stock-out
C03459,2025-01-28,Late delivery
C03459,2025-02-16,Stock-out
C03459,2025-02-16,Stock-out
C03459,2025-03-04,Late delivery
C03459,2025-03-04,Late delivery
C03459,2025-03-16,Stock-out
C03459,2025-03-23,Stock-out
C03459,2025-03-28,Late delivery
C03459,2025-03-28,Late delivery
C03459,2025-04-03,Stock-out
C03459,2025-05-04,Late delivery
C03459,2025-06-13,Stock-out
C03459,2025-06-24,Late delivery
C03459,2025-06-27,Late delivery
C03459,2025-07-07,Late delivery
C03459,2025-07-17,Late delivery
C03459,2025-08-06,Stock-out
C03459,2025-08-10,Late delivery
C03459,2025-08-15,Late delivery
C03459,2025-09-22,Stock-out
C03459,2025-09-24,Late delivery
C03459,2025-11-05,Late delivery
C03459,2025-12-04,Late delivery
C03459,2025-12-13,Late delivery
C03459,2025-12-24,Late delivery
C03459,2025-12-25,Late delivery
C03459,2025-12-27,Late delivery
C03459,2025-12-28,Stock-out
C03459,2026-01-08,Late delivery
C03459,2026-01-25,Late delivery
C03459,2026-01-27,Stock-out
C03459,2026-01-28,Late delivery
C03459,2026-02-11,Stock-out
C03459,2026-02-16,Stock-out
C03459,2026-02-21,Stock-out
C03459,2026-02-26,Stock-out
C03459,2026-03-20,Stock-out
C03459,2026-03-22,Late delivery
C03459,2026-04-07,Stock-out
C03459,2026-04-20,Stock-out
C03459,2026-06-15,Late delivery
C03459,2026-07-14,Late delivery
C03459,2026-07-25,Stock-out
C03459,2026-08-26,Stock-out
C03459,2026-09-13,Late delivery
C03459,2026-09-28,Stock-out
C03460,2025-01-14,Stock-out
C03460,2025-01-20,Late delivery
C03460,2025-02-17,Stock-out
C03460,2025-12-23,Late delivery
C03460,2026-02-11,Stock-out
C03460,2026-02-18,Late delivery
C03461,2025-08-17,Late delivery
C03462,2025-04-21,Late delivery
C03463,2025-01-13,Late delivery
C03463,2025-12-25,Late delivery
C03464,2025-12-07,Stock-out
C03464,2026-01-17,Late delivery
C03464,2026-02-15,Stock-out
C03465,2025-09-28,Stock-out
C03465,2026-01-23,Stock-out
C03466,2025-08-22,Late delivery
C03466,2025-11-21,Late delivery
C03467,2025-02-03,Late delivery
C03467,2025-05-26,Stock-out
C03467,2025-08-20,Late delivery
C03467,2025-09-12,Late delivery
C03468,2026-04-03,Stock-out
C03469,2025-01-21,Late delivery
C03470,2025-07-05,Late delivery
C03470,2025-09-04,Late delivery
C03470,2026-08-07,Late delivery
C03471,2025-05-28,Late delivery
C03471,2025-07-06,Late delivery
C03471,2025-08-14,Stock-out
C03475,2026-05-17,Late delivery
C03476,2025-06-23,Late delivery
C03478,2025-01-08,Stock-out
C03478,2025-03-06,Late delivery
C03478,2025-05-11,Stock-out
C03478,2025-05-22,Late delivery
C03479,2025-02-26,Stock-out
C03480,2025-04-09,Stock-out
C03480,2025-05-10,Stock-out
C03480,2025-07-25,Stock-out
C03480,2025-09-03,Late delivery
C03480,2026-06-04,Late delivery
C03480,2026-07-03,Stock-out
C03480,2026-07-23,Late delivery
C03481,2025-10-03,Stock-out
C03481,2025-10-11,Late delivery
C03481,2025-10-16,Late delivery
C03482,2025-03-05,Late delivery
C03482,2025-09-15,Product quality
C03482,2026-01-16,Stock-out
C03483,2026-09-23,Late delivery
C03484,2025-01-15,Stock-out
C03484,2025-05-07,Late delivery
C03486,2025-02-12,Late delivery
C03488,2025-02-10,Late delivery
C03488,2025-02-22,Late delivery
C03488,2025-04-07,Stock-out
C03488,2025-05-20,Stock-out
C03488,2025-07-03,Late delivery
C03488,2025-08-05,Stock-out
C03488,2025-09-18,Stock-out
C03488,2025-09-25,Late delivery
C03488,2025-10-20,Late delivery
C03488,2026-03-26,Late delivery
C03488,2026-05-19,Late delivery
C03488,2026-08-27,Stock-out
C03488,2026-09-24,Late delivery
C03489,2025-05-20,Stock-out
C03489,2025-12-26,Stock-out
C03490,2025-09-11,Stock-out
C03490,2025-10-24,Late delivery
C03490,2026-03-14,Stock-out
C03491,2025-12-28,Late delivery
C03492,2025-06-24,Late delivery
C03493,2025-07-24,Late delivery
C03493,2025-07-24,Late delivery
C03494,2025-01-06,Late delivery
C03494,2025-04-03,Late delivery
C03494,2025-04-06,Late delivery
C03494,2025-04-16,Late delivery
C03494,2025-04-22,Late delivery
C03494,2025-05-26,Late delivery
C03494,2025-06-13,Late delivery
C03494,2025-07-09,Late delivery
C03494,2025-08-15,Stock-out
C03494,2025-10-12,Late delivery
C03494,2025-10-15,Late delivery
C03494,2025-12-26,Stock-out
C03494,2026-01-03,Late delivery
C03494,2026-02-04,Late delivery
C03494,2026-02-10,Late delivery
C03494,2026-02-24,Late delivery
C03494,2026-03-07,Late delivery
C03494,2026-04-09,Late delivery
C03494,2026-04-16,Late delivery
C03494,2026-04-18,Late delivery
C03494,2026-04-24,Stock-out
C03495,2025-07-15,Pricing
C03495,2026-02-06,Stock-out
C03495,2026-04-11,Stock-out
C03495,2026-05-21,Late delivery
C03495,2026-06-09,Late delivery
C03495,2026-09-26,Late delivery
C03498,2025-08-15,Product quality
C03498,2026-09-28,Late delivery
C03500,2025-01-15,Stock-out
C03502,2025-01-03,Late delivery
C03502,2026-04-14,Stock-out
C03503,2025-02-28,Late delivery
C03503,2025-09-10,Stock-out
C03503,2025-11-13,Late delivery
C03505,2025-02-15,Late delivery
C03505,2025-03-03,Late delivery
C03505,2025-04-22,Late delivery
C03505,2025-05-19,Late delivery
C03505,2025-06-23,Late delivery
C03505,2025-06-25,Stock-out
C03505,2025-07-11,Late delivery
C03505,2025-07-28,Stock-out
C03505,2025-08-14,Late delivery
C03505,2025-08-14,Late delivery
C03505,2025-09-25,Late delivery
C03505,2025-10-03,Late delivery
C03505,2025-10-04,Stock-out
C03505,2025-10-10,Stock-out
C03505,2026-05-06,Stock-out
C03505,2026-06-14,Stock-out
C03505,2026-07-09,Stock-out
C03505,2026-07-27,Late delivery
C03505,2026-09-04,Late delivery
C03506,2025-01-26,Late delivery
C03507,2025-01-05,Stock-out
C03507,2025-01-21,Late delivery
C03507,2025-04-27,Late delivery
C03507,2025-07-03,Stock-out
C03511,2025-02-11,Stock-out
C03511,2025-05-03,Stock-out
C03511,2025-06-04,Late delivery
C03511,2025-07-14,Stock-out
C03511,2025-09-04,Stock-out
C03511,2025-11-20,Stock-out
C03512,2025-01-20,Stock-out
C03512,2025-02-16,Stock-out
C03512,2025-04-12,Late delivery
C03512,2025-04-26,Stock-out
C03512,2025-04-28,Stock-out
C03512,2025-05-10,Late delivery
C03512,2025-06-09,Stock-out
C03512,2026-02-16,Stock-out
C03512,2026-05-07,Stock-out
C03512,2026-05-10,Late delivery
C03513,2025-12-16,Stock-out
C03513,2026-02-08,Late delivery
C03513,2026-05-11,Late delivery
C03513,2026-05-19,Late delivery
C03513,2026-09-24,Late delivery
C03514,2025-02-10,Late delivery
C03514,2025-06-17,Late delivery
C03515,2026-04-20,Late delivery
C03515,2026-08-16,Stock-out
C03516,2025-12-15,Product quality
C03517,2025-01-19,Late delivery
C03517,2025-03-04,Late delivery
C03517,2025-05-20,Late delivery
C03517,2025-11-23,Late delivery
C03517,2026-03-09,Late delivery
C03518,2025-10-15,Stock-out
C03518,2025-12-17,Late delivery
C03518,2026-08-12,Stock-out
C03519,2025-07-15,Pricing
C03519,2026-01-28,Late delivery
C03520,2025-02-22,Late delivery
C03520,2025-11-15,Late delivery
C03522,2026-05-19,Late delivery
C03523,2025-03-24,Late delivery
C03523,2025-07-15,Late delivery
C03523,2026-02-17,Late delivery
C03523,2026-05-19,Late delivery
C03523,2026-06-03,Late delivery
C03525,2025-12-28,Late delivery
C03525,2026-02-12,Late delivery
C03525,2026-03-17,Stock-out
C03525,2026-06-28,Late delivery
C03526,2025-08-19,Late delivery
C03526,2025-10-05,Stock-out
C03526,2025-12-27,Late delivery
C03526,2026-03-21,Late delivery
C03526,2026-03-28,Late delivery
C03527,2025-02-19,Late delivery
C03527,2025-03-11,Late delivery
C03527,2025-08-04,Stock-out
C03527,2025-12-17,Stock-out
C03527,2026-02-16,Late delivery
C03528,2025-06-12,Stock-out
C03528,2025-07-13,Stock-out
C03528,2025-11-06,Late delivery
C03528,2026-03-22,Stock-out
C03528,2026-04-16,Stock-out
C03528,2026-07-12,Late delivery
C03529,2025-08-27,Stock-out
C03529,2025-11-18,Stock-out
C03529,2026-02-26,Late delivery
C03529,2026-03-24,Late delivery
C03529,2026-03-27,Late delivery
C03529,2026-06-21,Late delivery
C03529,2026-09-14,Late delivery
C03530,2025-01-11,Late delivery
C03530,2025-01-15,Stock-out
C03530,2025-01-20,Late delivery
C03530,2025-03-11,Stock-out
C03530,2025-03-27,Late delivery
C03530,2025-03-28,Late delivery
C03530,2025-04-05,Late delivery
C03530,2025-04-11,Late delivery
C03530,2025-04-17,Late delivery
C03530,2025-04-18,Stock-out
C03530,2025-04-26,Late delivery
C03530,2025-05-07,Late delivery
C03530,2025-05-14,Late delivery
C03530,2025-05-14,Stock-out
C03530,2025-05-26,Late delivery
C03530,2025-07-03,Late delivery
C03530,2025-07-05,Stock-out
C03530,2025-07-06,Stock-out
C03530,2025-09-03,Late delivery
C03530,2025-09-08,Stock-out
C03530,2025-09-18,Late delivery
C03530,2025-10-13,Late delivery
C03530,2025-12-10,Stock-out
C03530,2025-12-16,Late delivery
C03530,2026-01-10,Stock-out
C03530,2026-02-22,Late delivery
C03530,2026-03-11,Late delivery
C03530,2026-03-22,Late delivery
C03530,2026-04-03,Late delivery
C03530,2026-04-26,Stock-out
C03530,2026-04-27,Late delivery
C03530,2026-05-06,Stock-out
C03530,2026-05-11,Late delivery
C03530,2026-05-26,Late delivery
C03530,2026-06-05,Late delivery
C03530,2026-06-08,Late delivery
C03530,2026-07-26,Stock-out
C03530,2026-07-28,Late delivery
C03530,2026-08-10,Late delivery
C03531,2025-08-16,Late delivery
C03531,2026-07-06,Late delivery
C03531,2026-09-17,Late delivery
C03532,2026-01-22,Late delivery
C03532,2026-06-04,Stock-out
C03533,2026-03-15,Pricing
C03533,2026-06-25,Stock-out
C03534,2025-01-27,Late delivery
C03534,2025-07-09,Late delivery
C03534,2025-07-19,Late delivery
C03534,2025-07-20,Late delivery
C03534,2025-10-10,Late delivery
C03534,2026-01-11,Late delivery
C03534,2026-01-12,Late delivery
C03534,2026-03-03,Late delivery
C03534,2026-03-28,Late delivery
C03534,2026-04-18,Late delivery
C03534,2026-07-03,Late delivery
C03534,2026-07-18,Stock-out
C03534,2026-09-15,Late delivery
C03535,2025-08-05,Late delivery
C03535,2025-08-12,Stock-out
C03536,2025-04-07,Stock-out
C03538,2025-01-19,Late delivery
C03538,2025-05-16,Late delivery
C03538,2025-06-11,Late delivery
C03538,2025-07-17,Late delivery
C03538,2025-11-26,Stock-out
C03538,2025-12-05,Stock-out
C03538,2025-12-17,Stock-out
C03538,2026-01-07,Late delivery
C03538,2026-02-12,Late delivery
C03539,2025-04-12,Late delivery
C03539,2025-07-19,Late delivery
C03540,2025-01-12,Stock-out
C03540,2025-01-15,Late delivery
C03540,2025-02-08,Late delivery
C03540,2025-02-15,Late delivery
C03540,2025-02-20,Late delivery
C03540,2025-02-27,Stock-out
C03540,2025-02-28,Late delivery
C03540,2025-06-06,Late delivery
C03540,2025-08-15,Stock-out
C03540,2025-09-10,Late delivery
C03540,2025-09-18,Late delivery
C03540,2025-10-09,Late delivery
C03540,2025-10-21,Stock-out
C03540,2025-11-18,Stock-out
C03540,2025-12-14,Late delivery
C03540,2026-02-12,Late delivery
C03540,2026-02-20,Late delivery
C03540,2026-02-27,Late delivery
C03540,2026-03-06,Late delivery
C03540,2026-04-03,Late delivery
C03540,2026-04-05,Late delivery
C03540,2026-04-08,Stock-out
C03540,2026-04-21,Late delivery
C03540,2026-04-28,Stock-out
C03540,2026-06-16,Stock-out
C03540,2026-07-03,Stock-out
C03540,2026-07-25,Late delivery
C03540,2026-08-28,Late delivery
C03540,2026-09-12,Late delivery
C03540,2026-09-19,Stock-out
C03541,2025-06-11,Late delivery
C03541,2025-07-27,Stock-out
C03541,2025-09-28,Late delivery
C03541,2025-10-23,Late delivery
C03541,2026-02-08,Late delivery
C03541,2026-07-18,Late delivery
C03542,2025-12-08,Late delivery
C03542,2026-01-19,Stock-out
C03542,2026-03-20,Late delivery
C03543,2025-02-20,Stock-out
C03543,2025-03-14,Late delivery
C03543,2025-04-08,Late delivery
C03543,2025-07-21,Late delivery
C03543,2025-11-17,Stock-out
C03543,2025-11-24,Late delivery
C03543,2026-02-11,Stock-out
C03544,2025-08-03,Stock-out
C03545,2025-06-11,Late delivery
C03545,2025-06-14,Stock-out
C03545,2025-06-28,Late delivery
C03545,2025-12-22,Stock-out
C03545,2026-01-23,Late delivery
C03545,2026-04-25,Late delivery
C03545,2026-05-17,Late delivery
C03546,2025-03-28,Late delivery
C03546,2025-07-18,Stock-out
C03546,2025-08-28,Late delivery
C03546,2025-10-14,Late delivery
C03547,2025-02-21,Stock-out
C03547,2025-02-22,Late delivery
C03547,2025-03-15,Late delivery
C03547,2025-03-19,Late delivery
C03547,2025-04-11,Stock-out
C03547,2025-06-05,Stock-out
C03547,2025-07-05,Late delivery
C03548,2025-06-26,Late delivery
C03548,2025-08-17,Late delivery
C03548,2025-12-10,Late delivery
C03548,2026-05-11,Stock-out
C03548,2026-06-08,Late delivery
C03549,2026-05-27,Stock-out
C03549,2026-07-08,Stock-out
C03549,2026-07-14,Late delivery
C03549,2026-09-18,Late delivery
C03553,2025-02-26,Late delivery
C03553,2025-10-15,Late delivery
C03553,2025-11-09,Late delivery
C03554,2025-01-06,Late delivery
C03554,2025-02-25,Late delivery
C03554,2025-06-10,Late delivery
C03555,2025-02-04,Late delivery
C03555,2025-02-14,Stock-out
C03555,2025-03-16,Late delivery
C03555,2025-04-19,Stock-out
C03555,2025-04-22,Stock-out
C03555,2025-04-25,Late delivery
C03555,2025-04-28,Late delivery
C03555,2025-05-05,Late delivery
C03555,2025-05-17,Stock-out
C03555,2025-05-27,Stock-out
C03555,2025-05-28,Stock-out
C03555,2025-06-06,Late delivery
C03555,2025-07-05,Late delivery
C03556,2025-05-26,Stock-out
C03556,2025-06-13,Stock-out
C03556,2025-07-14,Stock-out
C03556,2025-09-07,Late delivery
C03556,2025-10-25,Stock-out
C03556,2026-03-11,Late delivery
C03556,2026-04-07,Late delivery
C03556,2026-06-04,Stock-out
C03556,2026-06-12,Stock-out
C03557,2025-05-15,Product quality
C03558,2025-03-11,Late delivery
C03558,2025-05-09,Stock-out
C03559,2025-01-28,Late delivery
C03561,2025-01-09,Late delivery
C03561,2025-05-16,Late delivery
C03561,2025-06-13,Late delivery
C03561,2025-10-28,Late delivery
C03561,2026-01-16,Stock-out
C03561,2026-09-15,Pricing
C03562,2025-06-04,Stock-out
C03562,2025-08-15,Product quality
C03562,2026-02-17,Late delivery
C03563,2025-01-18,Stock-out
C03563,2025-02-12,Late delivery
C03564,2025-12-13,Late delivery
C03564,2026-02-17,Stock-out
C03564,2026-03-10,Stock-out
C03564,2026-03-19,Stock-out
C03565,2025-02-25,Late delivery
C03565,2025-04-28,Late delivery
C03565,2025-05-24,Stock-out
C03565,2025-06-23,Stock-out
C03566,2026-02-27,Late delivery
C03567,2025-03-15,Late delivery
C03567,2025-06-03,Late delivery
C03567,2026-02-19,Late delivery
C03567,2026-05-15,Late delivery
C03567,2026-05-16,Late delivery
C03569,2025-07-21,Stock-out
C03569,2025-07-24,Stock-out
C03569,2025-09-19,Late delivery
C03570,2025-12-26,Stock-out
C03570,2026-07-11,Late delivery
C03570,2026-09-22,Late delivery
C03571,2025-09-04,Late delivery
C03571,2025-12-09,Stock-out
C03571,2026-03-27,Late delivery
C03571,2026-06-14,Stock-out
C03571,2026-09-12,Stock-out
C03572,2025-06-09,Late delivery
C03572,2025-09-15,Product quality
C03574,2025-01-09,Late delivery
C03574,2026-06-08,Late delivery
C03575,2026-08-25,Late delivery
C03577,2025-04-15,Product quality
C03577,2025-08-06,Late delivery
C03577,2025-10-11,Stock-out
C03578,2025-07-13,Stock-out
C03578,2025-10-26,Late delivery
C03578,2025-10-27,Stock-out
C03578,2026-02-15,Pricing
C03578,2026-04-05,Stock-out
C03578,2026-08-21,Late delivery
C03579,2025-01-27,Late delivery
C03579,2025-03-13,Stock-out
C03579,2025-03-21,Stock-out
C03579,2025-04-22,Stock-out
C03579,2025-04-22,Late delivery
C03579,2025-04-24,Stock-out
C03579,2025-07-15,Late delivery
C03579,2025-07-18,Late delivery
C03579,2025-08-26,Stock-out
C03579,2025-09-06,Late delivery
C03579,2025-09-07,Late delivery
C03579,2025-09-14,Late delivery
C03579,2025-09-22,Stock-out
C03579,2025-10-23,Late delivery
C03579,2025-11-23,Late delivery
C03579,2025-12-20,Stock-out
C03579,2026-02-03,Late delivery
C03579,2026-03-11,Late delivery
C03579,2026-03-12,Late delivery
C03579,2026-05-18,Late delivery
C03579,2026-06-03,Late delivery
C03579,2026-07-20,Late delivery
C03579,2026-08-09,Late delivery
C03579,2026-08-16,Late delivery
C03579,2026-09-14,Stock-out
C03580,2025-08-19,Late delivery
C03580,2025-11-15,Pricing
C03581,2025-06-23,Late delivery
C03581,2026-03-20,Late delivery
C03582,2026-08-04,Stock-out
C03583,2025-05-22,Late delivery
C03584,2025-02-18,Stock-out
C03584,2025-03-07,Late delivery
C03584,2025-03-16,Late delivery
C03584,2025-04-05,Late delivery
C03584,2025-07-13,Late delivery
C03584,2025-08-26,Late delivery
C03584,2025-12-23,Stock-out
C03584,2026-01-09,Late delivery
C03584,2026-02-05,Stock-out
C03585,2026-05-08,Late delivery
C03586,2025-09-07,Stock-out
C03586,2025-10-05,Late delivery
C03586,2025-10-20,Late delivery
C03586,2025-11-19,Late delivery
C03586,2025-11-24,Late delivery
C03587,2025-02-22,Late delivery
C03587,2025-05-06,Late delivery
C03587,2025-05-15,Pricing
C03587,2025-06-13,Stock-out
C03587,2025-08-14,Late delivery
C03587,2025-09-12,Stock-out
C03587,2025-09-24,Late delivery
C03587,2025-10-09,Stock-out
C03587,2026-05-27,Late delivery
C03587,2026-09-15,Product quality
C03588,2025-01-06,Late delivery
C03588,2025-01-07,Late delivery
C03588,2025-01-25,Stock-out
C03588,2025-01-27,Stock-out
C03588,2025-04-14,Late delivery
C03589,2025-04-15,Pricing
C03589,2026-01-11,Late delivery
C03589,2026-05-07,Late delivery
C03589,2026-05-12,Late delivery
C03590,2026-01-11,Late delivery
C03592,2025-01-21,Stock-out
C03592,2025-07-23,Late delivery
C03592,2026-03-08,Stock-out
C03595,2025-07-24,Stock-out
C03595,2025-12-17,Late delivery
C03595,2026-03-16,Stock-out
C03595,2026-05-23,Late delivery
C03595,2026-06-14,Late delivery
C03595,2026-06-19,Stock-out
C03595,2026-08-13,Late delivery
C03597,2025-01-28,Late delivery
C03597,2025-02-22,Late delivery
C03599,2025-12-27,Late delivery
C03599,2026-04-19,Stock-out
C03599,2026-04-28,Late delivery
C03599,2026-08-04,Stock-out
C03600,2025-01-28,Late delivery
C03600,2025-05-26,Late delivery
C03600,2025-11-28,Late delivery
C03600,2026-03-17,Late delivery
C03600,2026-08-10,Late delivery
C03601,2025-05-11,Late delivery
C03601,2025-06-19,Stock-out
C03601,2025-08-07,Stock-out
C03601,2025-08-07,Stock-out
C03601,2025-08-09,Late delivery
C03601,2025-08-26,Late delivery
C03601,2025-10-10,Late delivery
C03601,2025-11-10,Late delivery
C03601,2025-12-24,Stock-out
C03601,2026-04-05,Stock-out
C03601,2026-04-10,Stock-out
C03601,2026-04-18,Late delivery
C03601,2026-05-20,Stock-out
C03601,2026-05-28,Stock-out
C03601,2026-07-28,Late delivery
C03601,2026-08-07,Late delivery
C03601,2026-08-11,Late delivery
C03601,2026-09-03,Late delivery
C03601,2026-09-18,Stock-out
C03602,2025-01-03,Late delivery
C03602,2025-03-07,Stock-out
C03602,2025-05-06,Late delivery
C03602,2025-06-20,Late delivery
C03602,2026-03-03,Late delivery
C03602,2026-03-07,Stock-out
C03602,2026-04-09,Late delivery
C03602,2026-07-25,Late delivery
C03604,2025-02-12,Stock-out
C03604,2025-03-10,Late delivery
C03604,2025-03-15,Product quality
C03604,2025-08-15,Late delivery
C03606,2025-01-10,Stock-out
C03606,2025-01-19,Late delivery
C03606,2025-02-09,Stock-out
C03606,2025-02-12,Late delivery
C03606,2025-02-20,Stock-out
C03606,2025-03-11,Stock-out
C03606,2025-03-11,Stock-out
C03606,2025-03-17,Late delivery
C03606,2025-03-21,Late delivery
C03606,2025-04-12,Late delivery
C03606,2025-06-23,Late delivery
C03606,2025-07-08,Late delivery
C03606,2025-08-03,Stock-out
C03606,2025-08-05,Stock-out
C03606,2025-09-12,Stock-out
C03606,2025-09-16,Stock-out
C03606,2025-10-11,Late delivery
C03606,2025-10-25,Stock-out
C03606,2025-11-16,Late delivery
C03606,2025-11-21,Stock-out
C03606,2025-12-20,Late delivery
C03606,2025-12-24,Late delivery
C03606,2026-01-04,Late delivery
C03606,2026-01-11,Stock-out
C03606,2026-01-21,Stock-out
C03606,2026-02-10,Late delivery
C03606,2026-02-20,Late delivery
C03606,2026-02-22,Late delivery
C03606,2026-03-04,Late delivery
C03606,2026-03-05,Late delivery
C03606,2026-03-06,Late delivery
C03606,2026-03-11,Stock-out
C03606,2026-04-09,Late delivery
C03606,2026-04-16,Stock-out
C03606,2026-04-19,Late delivery
C03606,2026-04-21,Late delivery
C03606,2026-04-22,Late delivery
C03606,2026-04-26,Stock-out
C03606,2026-04-28,Stock-out
C03606,2026-05-17,Stock-out
C03606,2026-05-25,Late delivery
C03606,2026-07-13,Late delivery
C03606,2026-08-15,Pricing
C03606,2026-08-22,Stock-out
C03606,2026-08-24,Late delivery
C03606,2026-09-09,Late delivery
C03606,2026-09-16,Late delivery
C03607,2026-01-07,Late delivery
C03607,2026-01-27,Late delivery
C03607,2026-03-10,Late delivery
C03607,2026-05-11,Stock-out
C03608,2025-01-08,Late delivery
C03608,2025-02-15,Product quality
C03608,2025-11-07,Late delivery
C03609,2025-08-26,Late delivery
C03610,2025-09-07,Late delivery
C03610,2025-11-24,Late delivery
C03610,2025-12-11,Stock-out
C03610,2025-12-20,Stock-out
C03610,2026-01-17,Late delivery
C03610,2026-06-11,Late delivery
C03610,2026-07-04,Stock-out
C03610,2026-08-04,Stock-out
C03611,2025-02-11,Late delivery
C03611,2025-03-17,Stock-out
C03611,2025-03-20,Late delivery
C03611,2025-03-28,Late delivery
C03611,2025-05-12,Late delivery
C03611,2025-05-15,Late delivery
C03611,2025-05-25,Late delivery
C03611,2025-05-28,Stock-out
C03611,2025-06-25,Late delivery
C03611,2025-07-23,Stock-out
C03611,2025-08-25,Stock-out
C03611,2025-08-28,Stock-out
C03611,2025-09-05,Late delivery
C03611,2025-11-07,Late delivery
C03611,2025-12-23,Late delivery
C03611,2026-01-14,Stock-out
C03611,2026-04-18,Late delivery
C03611,2026-07-10,Stock-out
C03611,2026-07-21,Stock-out
C03612,2025-04-19,Late delivery
C03613,2025-12-09,Stock-out
C03614,2025-07-14,Stock-out
C03614,2026-01-07,Late delivery
C03614,2026-04-17,Late delivery
C03615,2025-08-08,Stock-out
C03615,2025-11-07,Late delivery
C03615,2025-12-20,Late delivery
C03616,2025-05-10,Late delivery
C03616,2025-06-14,Late delivery
C03616,2026-06-13,Late delivery
C03617,2025-01-07,Late delivery
C03619,2025-03-08,Late delivery
C03619,2025-06-18,Late delivery
C03620,2025-07-04,Late delivery
C03620,2026-09-20,Stock-out
C03621,2025-01-05,Late delivery
C03621,2025-01-07,Stock-out
C03621,2025-01-13,Late delivery
C03621,2025-01-18,Late delivery
C03621,2025-02-16,Late delivery
C03621,2025-03-10,Stock-out
C03621,2025-03-23,Stock-out
C03621,2025-05-11,Late delivery
C03621,2025-05-16,Late delivery
C03621,2025-07-21,Late delivery
C03621,2025-09-21,Stock-out
C03621,2025-09-26,Stock-out
C03621,2025-11-05,Stock-out
C03621,2026-01-19,Late delivery
C03621,2026-02-15,Late delivery
C03621,2026-03-05,Late delivery
C03621,2026-03-10,Stock-out
C03621,2026-03-24,Stock-out
C03621,2026-04-19,Stock-out
C03621,2026-06-07,Late delivery
C03621,2026-08-24,Late delivery
C03622,2025-01-17,Stock-out
C03622,2025-05-06,Late delivery
C03622,2026-01-03,Late delivery
C03622,2026-03-13,Late delivery
C03622,2026-03-15,Pricing
C03622,2026-04-26,Late delivery
C03622,2026-08-04,Late delivery
C03622,2026-08-21,Stock-out
C03623,2025-01-04,Late delivery
C03623,2025-05-11,Late delivery
C03623,2025-10-04,Late delivery
C03625,2025-01-10,Late delivery
C03625,2025-07-28,Late delivery
C03625,2025-08-09,Late delivery
C03627,2025-02-08,Stock-out
C03627,2025-02-28,Late delivery
C03627,2025-04-06,Late delivery
C03629,2025-04-06,Stock-out
C03629,2025-04-09,Late delivery
C03631,2025-09-20,Stock-out
C03631,2026-01-28,Late delivery
C03632,2026-01-23,Late delivery
C03632,2026-03-16,Late delivery
C03632,2026-09-28,Stock-out
C03635,2025-03-03,Late delivery
C03635,2025-04-18,Stock-out
C03635,2025-08-20,Late delivery
C03635,2026-01-12,Late delivery
C03635,2026-01-28,Stock-out
C03636,2025-01-25,Stock-out
C03638,2025-02-04,Late delivery
C03638,2025-04-06,Late delivery
C03638,2025-08-11,Late delivery
C03639,2025-03-06,Late delivery
C03639,2026-04-04,Late delivery
C03640,2025-04-09,Stock-out
C03640,2025-04-18,Late delivery
C03640,2025-04-24,Stock-out
C03640,2025-12-18,Late delivery
C03642,2025-01-17,Late delivery
C03645,2025-01-07,Stock-out
C03645,2025-07-11,Late delivery
C03645,2025-10-27,Stock-out
C03645,2026-02-22,Stock-out
C03645,2026-04-04,Stock-out
C03645,2026-05-12,Late delivery
C03645,2026-07-28,Late delivery
C03645,2026-09-21,Stock-out
C03646,2025-01-11,Late delivery
C03646,2025-02-05,Late delivery
C03646,2025-04-14,Late delivery
C03646,2025-04-14,Late delivery
C03646,2025-06-17,Stock-out
C03646,2025-10-04,Late delivery
C03646,2025-10-28,Late delivery
C03646,2025-12-09,Late delivery
C03646,2025-12-25,Late delivery
C03646,2026-02-15,Pricing
C03646,2026-03-17,Stock-out
C03646,2026-04-28,Late delivery
C03646,2026-09-05,Late delivery
C03650,2026-03-15,Pricing
C03650,2026-07-06,Stock-out
C03650,2026-08-14,Stock-out
C03650,2026-08-28,Stock-out
C03652,2025-03-21,Late delivery
C03652,2025-06-10,Stock-out
C03654,2025-02-22,Stock-out
C03654,2025-03-03,Late delivery
C03655,2025-03-03,Stock-out
C03655,2025-03-15,Pricing
C03655,2025-05-15,Pricing
C03656,2025-02-06,Late delivery
C03657,2025-01-08,Stock-out
C03657,2025-03-03,Stock-out
C03657,2025-07-11,Stock-out
C03657,2026-01-19,Late delivery
C03657,2026-03-15,Late delivery
C03658,2025-03-28,Stock-out
C03658,2025-05-11,Late delivery
C03658,2025-07-28,Late delivery
C03658,2026-04-24,Stock-out
C03658,2026-07-09,Stock-out
C03658,2026-07-22,Stock-out
C03658,2026-08-05,Stock-out
C03658,2026-08-10,Late delivery
C03659,2025-02-15,Pricing
C03659,2025-07-15,Stock-out
C03659,2026-04-06,Stock-out
C03659,2026-06-26,Stock-out
C03659,2026-07-13,Stock-out
C03659,2026-09-15,Late delivery
C03660,2025-09-05,Late delivery
C03660,2025-12-25,Stock-out
C03660,2026-01-08,Late delivery
C03661,2025-01-20,Stock-out
C03661,2025-01-28,Late delivery
C03661,2025-04-14,Stock-out
C03661,2025-04-25,Stock-out
C03661,2025-06-17,Late delivery
C03661,2025-07-22,Stock-out
C03661,2025-08-18,Late delivery
C03661,2026-01-14,Late delivery
C03661,2026-01-16,Stock-out
C03661,2026-01-24,Late delivery
C03661,2026-01-27,Late delivery
C03661,2026-03-06,Stock-out
C03661,2026-04-12,Late delivery
C03661,2026-06-18,Late delivery
C03661,2026-06-24,Late delivery
C03665,2025-01-14,Late delivery
C03665,2025-01-15,Product quality
C03665,2025-03-13,Stock-out
C03665,2025-03-15,Stock-out
C03665,2025-05-05,Stock-out
C03665,2025-09-19,Late delivery
C03665,2025-11-27,Late delivery
C03665,2025-12-06,Late delivery
C03665,2026-01-10,Stock-out
C03665,2026-02-11,Late delivery
C03665,2026-02-15,Stock-out
C03665,2026-06-07,Late delivery
C03665,2026-09-07,Late delivery
C03665,2026-09-20,Late delivery
C03665,2026-09-24,Late delivery
C03667,2025-02-18,Late delivery
C03667,2025-04-25,Stock-out
C03668,2025-01-07,Stock-out
C03668,2025-04-08,Late delivery
C03670,2025-12-04,Stock-out
C03670,2026-03-22,Late delivery
C03670,2026-04-09,Late delivery
C03670,2026-08-05,Stock-out
C03670,2026-08-23,Late delivery
C03672,2025-01-19,Stock-out
C03672,2025-02-20,Late delivery
C03672,2025-04-17,Late delivery
C03672,2025-08-22,Late delivery
C03672,2026-02-24,Late delivery
C03672,2026-05-14,Late delivery
C03673,2025-09-16,Late delivery
C03673,2026-02-15,Product quality
C03674,2025-01-22,Late delivery
C03674,2025-01-24,Stock-out
C03674,2025-02-04,Late delivery
C03674,2026-03-17,Late delivery
C03676,2025-10-20,Stock-out
C03676,2025-11-18,Late delivery
C03676,2026-01-13,Stock-out
C03676,2026-03-28,Late delivery
C03676,2026-04-11,Stock-out
C03676,2026-05-14,Late delivery
C03676,2026-05-16,Late delivery
C03676,2026-08-19,Late delivery
C03677,2026-01-25,Stock-out
C03677,2026-03-24,Late delivery
C03677,2026-05-13,Late delivery
C03678,2025-11-27,Late delivery
C03678,2025-11-28,Late delivery
C03678,2025-12-07,Late delivery
C03678,2026-03-15,Late delivery
C03678,2026-03-19,Late delivery
C03678,2026-03-28,Late delivery
C03678,2026-07-14,Late delivery
C03678,2026-07-27,Stock-out
C03679,2025-02-12,Late delivery
C03679,2025-03-08,Late delivery
C03679,2026-04-28,Late delivery
C03679,2026-08-18,Stock-out
C03679,2026-09-10,Stock-out
C03680,2025-07-26,Late delivery
C03681,2025-05-20,Late delivery
C03682,2025-01-06,Stock-out
C03682,2025-01-17,Stock-out
C03682,2025-01-18,Late delivery
C03682,2025-01-21,Late delivery
C03682,2025-02-07,Late delivery
C03682,2025-05-21,Late delivery
C03682,2025-06-21,Late delivery
C03682,2025-07-03,Late delivery
C03682,2025-07-09,Late delivery
C03682,2025-07-19,Stock-out
C03682,2025-08-18,Stock-out
C03682,2026-03-07,Late delivery
C03682,2026-03-24,Late delivery
C03682,2026-04-27,Late delivery
C03683,2025-05-12,Late delivery
C03683,2025-09-11,Late delivery
C03683,2026-01-26,Late delivery
C03683,2026-03-27,Late delivery
C03684,2026-05-14,Late delivery
C03684,2026-06-12,Late delivery
C03684,2026-07-05,Late delivery
C03684,2026-09-15,Pricing
C03686,2025-02-28,Late delivery
C03686,2026-01-19,Late delivery
C03686,2026-04-28,Stock-out
C03686,2026-07-17,Stock-out
C03686,2026-07-20,Stock-out
C03687,2026-01-28,Late delivery
C03687,2026-02-08,Stock-out
C03687,2026-05-26,Late delivery
C03687,2026-07-23,Stock-out
C03688,2025-01-04,Late delivery
C03689,2025-01-12,Stock-out
C03689,2025-01-16,Late delivery
C03689,2025-01-21,Late delivery
C03689,2025-01-22,Late delivery
C03689,2025-04-28,Late delivery
C03689,2025-11-25,Late delivery
C03689,2025-12-09,Late delivery
C03689,2025-12-20,Late delivery
C03689,2026-01-08,Stock-out
C03689,2026-02-15,Pricing
C03689,2026-02-27,Late delivery
C03689,2026-03-21,Late delivery
C03689,2026-05-04,Late delivery
C03690,2025-01-22,Late delivery
C03690,2025-06-05,Late delivery
C03690,2025-07-08,Stock-out
C03690,2025-07-12,Stock-out
C03690,2025-08-06,Stock-out
C03690,2025-08-28,Late delivery
C03690,2025-09-14,Late delivery
C03690,2025-09-19,Late delivery
C03690,2025-09-24,Late delivery
C03690,2025-10-05,Stock-out
C03691,2025-01-19,Stock-out
C03691,2025-04-15,Late delivery
C03691,2025-05-12,Late delivery
C03693,2025-01-04,Late delivery
C03695,2025-05-03,Late delivery
C03696,2025-04-04,Stock-out
C03696,2025-05-21,Late delivery
C03696,2025-07-22,Late delivery
C03696,2025-09-18,Stock-out
C03696,2026-06-07,Late delivery
C03697,2026-01-10,Late delivery
C03697,2026-04-13,Late delivery
C03697,2026-05-05,Stock-out
C03697,2026-06-15,Stock-out
C03697,2026-07-13,Late delivery
C03697,2026-08-12,Late delivery
C03698,2025-04-05,Late delivery
C03698,2025-09-28,Stock-out
C03698,2025-10-07,Stock-out
C03698,2025-12-21,Late delivery
C03698,2026-01-12,Late delivery
C03698,2026-08-18,Late delivery
C03698,2026-09-25,Late delivery
C03700,2026-08-26,Late delivery
C03701,2025-04-27,Stock-out
C03701,2025-07-18,Late delivery
C03701,2025-08-18,Late delivery
C03701,2026-03-23,Stock-out
C03701,2026-08-27,Late delivery
C03702,2025-05-08,Late delivery
C03702,2025-06-17,Late delivery
C03705,2025-04-23,Late delivery
C03705,2025-11-28,Late delivery
C03705,2026-09-11,Late delivery
C03706,2025-09-15,Pricing
C03706,2026-01-17,Stock-out
C03707,2025-04-20,Stock-out
C03710,2025-12-19,Late delivery
C03710,2026-06-25,Late delivery
C03712,2025-12-25,Late delivery
C03712,2026-04-26,Late delivery
C03713,2025-01-11,Stock-out
C03713,2025-02-20,Stock-out
C03713,2025-07-11,Late delivery
C03713,2026-01-13,Late delivery
C03713,2026-04-10,Late delivery
C03714,2025-02-11,Stock-out
C03714,2025-03-12,Stock-out
C03714,2025-03-22,Late delivery
C03714,2025-04-11,Late delivery
C03714,2025-06-26,Late delivery
C03714,2025-09-14,Late delivery
C03714,2025-09-19,Late delivery
C03714,2025-10-27,Stock-out
C03714,2025-11-23,Late delivery
C03715,2025-11-25,Stock-out
C03715,2026-02-05,Late delivery
C03715,2026-02-10,Late delivery
C03716,2025-04-26,Late delivery
C03716,2025-11-12,Late delivery
C03716,2026-01-23,Stock-out
C03717,2025-02-26,Stock-out
C03717,2025-03-08,Late delivery
C03717,2025-06-12,Late delivery
C03718,2025-02-28,Late delivery
C03718,2025-04-26,Late delivery
C03718,2025-05-27,Late delivery
C03718,2025-06-17,Late delivery
C03719,2026-02-25,Late delivery
C03719,2026-04-07,Late delivery
C03720,2025-10-10,Late delivery
C03720,2026-01-05,Late delivery
C03720,2026-02-24,Stock-out
C03720,2026-04-22,Stock-out
C03720,2026-06-24,Late delivery
C03720,2026-08-17,Late delivery
C03720,2026-09-03,Stock-out
C03722,2025-02-09,Late delivery
C03722,2025-04-08,Stock-out
C03723,2025-07-25,Late delivery
C03724,2025-03-22,Late delivery
C03725,2025-02-18,Late delivery
C03725,2025-05-15,Late delivery
C03725,2025-09-05,Late delivery
C03725,2025-09-27,Stock-out
C03725,2025-12-26,Stock-out
C03725,2026-01-23,Late delivery
C03725,2026-01-28,Stock-out
C03725,2026-03-08,Late delivery
C03725,2026-03-18,Stock-out
C03726,2026-05-16,Late delivery
C03728,2025-01-20,Stock-out
C03728,2025-03-15,Late delivery
C03728,2025-03-22,Stock-out
C03728,2025-04-08,Late delivery
C03729,2025-02-26,Late delivery
C03729,2025-08-14,Stock-out
C03729,2026-01-20,Stock-out
C03729,2026-03-18,Late delivery
C03730,2025-03-25,Late delivery
C03730,2025-05-17,Late delivery
C03730,2025-05-28,Late delivery
C03730,2025-09-10,Late delivery
C03731,2026-03-09,Stock-out
C03731,2026-05-21,Stock-out
C03731,2026-06-21,Stock-out
C03731,2026-09-20,Late delivery
C03733,2025-06-05,Late delivery
C03733,2025-07-08,Late delivery
C03733,2025-07-10,Late delivery
C03733,2025-07-14,Late delivery
C03733,2025-07-23,Late delivery
C03734,2025-02-10,Stock-out
C03735,2025-02-28,Late delivery
C03735,2025-05-21,Late delivery
C03735,2025-05-27,Late delivery
C03739,2025-06-14,Late delivery
C03739,2025-08-04,Late delivery
C03739,2025-12-06,Late delivery
C03741,2025-04-08,Late delivery
C03742,2025-01-24,Late delivery
C03743,2025-03-09,Late delivery
C03744,2025-02-14,Late delivery
C03744,2025-04-25,Late delivery
C03744,2025-10-19,Late delivery
C03744,2025-11-14,Late delivery
C03744,2025-12-15,Stock-out
C03744,2026-02-17,Stock-out
C03744,2026-04-03,Stock-out
C03744,2026-04-12,Late delivery
C03744,2026-05-13,Late delivery
C03744,2026-06-08,Stock-out
C03745,2025-03-09,Late delivery
C03745,2025-06-26,Late delivery
C03745,2025-10-10,Late delivery
C03745,2026-03-11,Late delivery
C03745,2026-05-03,Stock-out
C03745,2026-06-14,Stock-out
C03746,2025-06-20,Stock-out
C03746,2026-07-12,Late delivery
C03749,2026-04-26,Late delivery
C03749,2026-07-09,Stock-out
C03751,2025-04-26,Late delivery
C03751,2025-08-28,Stock-out
C03751,2025-10-16,Stock-out
C03751,2025-12-21,Late delivery
C03751,2026-08-23,Late delivery
C03752,2025-03-25,Late delivery
C03752,2025-04-21,Late delivery
C03753,2025-03-20,Late delivery
C03753,2025-07-13,Late delivery
C03754,2026-07-06,Late delivery
C03754,2026-07-21,Stock-out
C03754,2026-08-14,Late delivery
C03754,2026-08-17,Late delivery
C03756,2025-01-21,Stock-out
C03756,2025-03-19,Late delivery
C03756,2025-05-18,Stock-out
C03756,2025-10-06,Late delivery
C03756,2025-11-27,Stock-out
C03756,2026-07-07,Late delivery
C03756,2026-08-11,Late delivery
C03757,2026-03-06,Late delivery
C03757,2026-03-23,Late delivery
C03757,2026-06-22,Late delivery
C03759,2025-11-18,Late delivery
C03761,2025-02-28,Late delivery
C03761,2025-03-08,Stock-out
C03761,2025-08-08,Late delivery
C03761,2025-08-14,Stock-out
C03761,2025-08-23,Stock-out
C03761,2026-05-05,Late delivery
C03762,2025-02-15,Product quality
C03762,2025-04-21,Late delivery
C03762,2025-12-27,Late delivery
C03762,2026-04-15,Late delivery
C03762,2026-05-07,Late delivery
C03762,2026-06-23,Late delivery
C03762,2026-08-13,Stock-out
C03763,2025-02-07,Late delivery
C03763,2025-03-07,Late delivery
C03763,2025-04-22,Late delivery
C03763,2025-05-10,Late delivery
C03765,2025-04-26,Stock-out
C03765,2025-05-19,Stock-out
C03765,2025-06-18,Late delivery
C03765,2025-06-26,Late delivery
C03765,2025-12-27,Stock-out
C03766,2025-04-15,Late delivery
C03766,2025-08-08,Late delivery
C03766,2025-12-07,Late delivery
C03766,2026-09-03,Stock-out
C03767,2025-05-09,Stock-out
C03767,2025-06-08,Stock-out
C03769,2025-10-18,Stock-out
C03770,2025-01-28,Late delivery
C03770,2025-04-16,Late delivery
C03770,2025-06-10,Late delivery
C03770,2025-06-25,Stock-out
C03770,2026-03-24,Stock-out
C03770,2026-06-17,Late delivery
C03770,2026-09-14,Stock-out
C03771,2025-01-18,Late delivery
C03771,2025-02-12,Late delivery
C03771,2025-05-04,Late delivery
C03771,2025-05-15,Stock-out
C03771,2025-07-03,Stock-out
C03771,2025-07-24,Stock-out
C03771,2025-11-26,Late delivery
C03771,2025-12-11,Stock-out
C03771,2026-01-24,Stock-out
C03771,2026-06-28,Late delivery
C03771,2026-08-28,Late delivery
C03772,2025-03-12,Stock-out
C03773,2025-01-17,Late delivery
C03773,2025-07-11,Late delivery
C03773,2025-09-15,Product quality
C03773,2025-09-17,Stock-out
C03773,2025-11-20,Late delivery
C03773,2026-03-28,Stock-out
C03773,2026-07-23,Late delivery
C03773,2026-08-25,Stock-out
C03775,2025-01-21,Late delivery
C03775,2025-01-27,Late delivery
C03775,2025-06-22,Stock-out
C03775,2026-01-28,Late delivery
C03776,2025-03-09,Stock-out
C03776,2025-05-15,Pricing
C03776,2025-06-17,Late delivery
C03776,2025-08-18,Late delivery
C03776,2025-11-23,Late delivery
C03777,2025-08-04,Stock-out
C03777,2025-09-15,Stock-out
C03777,2026-01-18,Stock-out
C03777,2026-03-16,Late delivery
C03777,2026-05-23,Late delivery
C03780,2025-07-16,Late delivery
C03780,2026-02-03,Late delivery
C03780,2026-05-09,Stock-out
C03780,2026-06-17,Late delivery
C03780,2026-08-28,Late delivery
C03780,2026-09-03,Stock-out
C03782,2025-01-15,Stock-out
C03782,2025-07-24,Late delivery
C03782,2025-09-25,Stock-out
C03782,2025-12-24,Late delivery
C03782,2026-09-28,Late delivery
C03783,2025-04-20,Late delivery
C03783,2025-05-12,Stock-out
C03783,2025-11-09,Late delivery
C03783,2025-11-12,Late delivery
C03783,2025-11-12,Late delivery
C03783,2026-02-07,Stock-out
C03783,2026-09-10,Late delivery
C03784,2025-02-08,Late delivery
C03784,2025-05-04,Late delivery
C03784,2025-07-28,Late delivery
C03785,2025-01-21,Late delivery
C03785,2025-02-22,Late delivery
C03785,2025-03-21,Stock-out
C03785,2025-04-03,Late delivery
C03785,2025-07-05,Late delivery
C03785,2026-02-13,Late delivery
C03785,2026-03-05,Late delivery
C03786,2026-02-27,Late delivery
C03786,2026-04-12,Stock-out
C03787,2025-02-03,Late delivery
C03787,2025-06-14,Late delivery
C03787,2025-10-23,Stock-out
C03787,2025-11-06,Late delivery
C03787,2025-12-06,Late delivery
C03787,2026-02-17,Late delivery
C03787,2026-07-13,Stock-out
C03788,2026-05-27,Late delivery
C03790,2025-02-07,Late delivery
C03790,2025-04-20,Stock-out
C03791,2025-06-05,Late delivery
C03791,2026-05-14,Late delivery
C03791,2026-06-20,Stock-out
C03791,2026-07-15,Product quality
C03791,2026-09-06,Late delivery
C03792,2025-06-16,Late delivery
C03792,2025-07-26,Late delivery
C03794,2025-01-13,Late delivery
C03794,2025-01-22,Late delivery
C03794,2025-03-28,Late delivery
C03794,2025-03-28,Late delivery
C03794,2025-08-14,Late delivery
C03794,2025-10-22,Stock-out
C03794,2026-01-09,Stock-out
C03794,2026-03-19,Late delivery
C03794,2026-07-06,Late delivery
C03795,2025-02-08,Late delivery
C03795,2025-08-28,Late delivery
C03795,2025-10-24,Late delivery
C03795,2026-02-10,Stock-out
C03795,2026-02-20,Late delivery
C03795,2026-07-28,Late delivery
C03795,2026-08-18,Late delivery
C03796,2025-09-04,Stock-out
C03797,2025-08-19,Stock-out
C03797,2025-10-15,Stock-out
C03797,2026-05-10,Late delivery
C03797,2026-07-05,Stock-out
C03798,2025-05-26,Stock-out
C03798,2025-06-25,Late delivery
C03798,2025-10-14,Late delivery
C03798,2025-11-15,Product quality
C03798,2026-03-28,Late delivery
C03798,2026-04-09,Late delivery
C03798,2026-07-10,Late delivery
C03799,2025-02-18,Late delivery
C03799,2025-06-11,Late delivery
C03800,2025-01-28,Stock-out
C03800,2025-04-22,Late delivery
C03800,2025-11-10,Stock-out
C03801,2025-01-26,Late delivery
C03802,2025-01-04,Late delivery
C03802,2025-02-10,Stock-out
C03802,2025-02-22,Late delivery
C03802,2025-03-13,Late delivery
C03802,2025-07-21,Late delivery
C03802,2026-05-19,Stock-out
C03802,2026-06-23,Late delivery
C03802,2026-08-16,Late delivery
C03803,2025-03-28,Stock-out
C03804,2025-01-06,Stock-out
C03804,2025-01-15,Late delivery
C03804,2025-02-27,Late delivery
C03804,2025-03-06,Late delivery
C03804,2025-03-22,Late delivery
C03804,2025-04-10,Late delivery
C03804,2025-07-03,Late delivery
C03804,2025-07-12,Stock-out
C03804,2025-07-23,Late delivery
C03804,2025-08-14,Late delivery
C03804,2025-09-21,Late delivery
C03804,2025-09-24,Late delivery
C03804,2025-11-10,Stock-out
C03804,2025-11-22,Late delivery
C03804,2025-12-12,Late delivery
C03804,2026-02-22,Late delivery
C03804,2026-05-03,Late delivery
C03804,2026-05-18,Stock-out
C03804,2026-06-12,Late delivery
C03804,2026-06-20,Late delivery
C03804,2026-06-28,Late delivery
C03804,2026-09-09,Late delivery
C03805,2025-01-20,Stock-out
C03805,2025-01-26,Late delivery
C03805,2025-02-09,Stock-out
C03805,2025-06-15,Late delivery
C03805,2025-10-28,Late delivery
C03805,2025-11-26,Late delivery
C03806,2025-01-16,Late delivery
C03806,2025-02-26,Late delivery
C03808,2025-04-17,Late delivery
C03808,2025-08-19,Late delivery
C03808,2025-11-11,Stock-out
C03808,2026-01-23,Late delivery
C03808,2026-03-14,Late delivery
C03808,2026-03-20,Late delivery
C03808,2026-05-12,Stock-out
C03808,2026-07-06,Late delivery
C03808,2026-08-08,Late delivery
C03808,2026-09-28,Stock-out
C03809,2025-05-07,Late delivery
C03809,2026-01-26,Late delivery
C03810,2025-06-16,Late delivery
C03811,2025-05-21,Stock-out
C03811,2026-06-25,Late delivery
C03812,2025-06-20,Stock-out
C03813,2025-07-08,Stock-out
C03813,2025-11-08,Late delivery
C03813,2026-05-26,Late delivery
C03814,2025-01-21,Late delivery
C03814,2026-07-26,Late delivery
C03815,2025-05-14,Late delivery
C03815,2025-11-22,Late delivery
C03815,2026-01-21,Late delivery
C03815,2026-05-25,Stock-out
C03815,2026-07-03,Late delivery
C03817,2026-02-06,Late delivery
C03817,2026-02-28,Late delivery
C03817,2026-06-25,Stock-out
C03818,2026-04-09,Stock-out
C03818,2026-07-13,Late delivery
C03819,2025-02-03,Late delivery
C03820,2025-03-15,Pricing
C03823,2025-01-18,Late delivery
C03823,2025-03-03,Stock-out
C03823,2025-03-20,Late delivery
C03823,2025-03-20,Late delivery
C03823,2025-03-24,Stock-out
C03823,2025-04-26,Late delivery
C03823,2025-05-07,Late delivery
C03823,2025-05-24,Stock-out
C03823,2025-06-15,Product quality
C03823,2025-07-16,Stock-out
C03823,2025-08-09,Stock-out
C03823,2025-08-10,Late delivery
C03823,2025-08-24,Late delivery
C03823,2025-11-25,Stock-out
C03823,2025-12-27,Late delivery
C03823,2026-04-15,Product quality
C03823,2026-06-10,Late delivery
C03823,2026-06-21,Late delivery
C03823,2026-06-21,Stock-out
C03823,2026-07-11,Stock-out
C03823,2026-08-07,Late delivery
C03823,2026-08-23,Late delivery
C03823,2026-08-26,Late delivery
C03823,2026-09-06,Late delivery
C03823,2026-09-11,Late delivery
C03823,2026-09-19,Late delivery
C03823,2026-09-28,Late delivery
C03825,2025-11-11,Late delivery
C03825,2025-12-20,Stock-out
C03825,2026-04-03,Stock-out
C03826,2025-05-04,Late delivery
C03826,2026-02-23,Late delivery
C03826,2026-03-23,Late delivery
C03826,2026-04-07,Late delivery
C03827,2025-10-27,Late delivery
C03827,2025-11-05,Late delivery
C03827,2025-12-18,Late delivery
C03827,2026-01-11,Late delivery
C03827,2026-02-19,Late delivery
C03827,2026-04-19,Late delivery
C03828,2025-03-26,Late delivery
C03828,2025-04-10,Late delivery
C03828,2025-04-22,Late delivery
C03829,2025-01-15,Product quality
C03829,2025-04-16,Stock-out
C03829,2025-06-11,Late delivery
C03829,2025-08-09,Late delivery
C03830,2025-01-19,Late delivery
C03830,2025-01-26,Late delivery
C03830,2025-01-27,Stock-out
C03830,2025-02-13,Late delivery
C03830,2025-02-20,Late delivery
C03830,2025-04-07,Late delivery
C03830,2025-04-08,Late delivery
C03830,2025-04-19,Stock-out
C03830,2025-04-22,Late delivery
C03830,2025-05-05,Late delivery
C03830,2025-05-06,Stock-out
C03830,2025-05-17,Late delivery
C03830,2025-06-03,Late delivery
C03830,2025-06-07,Stock-out
C03830,2025-06-21,Stock-out
C03830,2025-06-21,Stock-out
C03830,2025-06-25,Stock-out
C03830,2025-07-19,Late delivery
C03831,2025-07-12,Late delivery
C03831,2025-07-14,Stock-out
C03831,2025-08-09,Stock-out
C03831,2025-08-15,Pricing
C03831,2025-10-03,Stock-out
C03831,2025-12-18,Stock-out
C03831,2026-04-24,Stock-out
C03831,2026-05-22,Late delivery
C03831,2026-07-13,Stock-out
C03833,2025-01-16,Late delivery
C03833,2025-08-06,Late delivery
C03833,2025-08-22,Late delivery
C03833,2025-11-17,Late delivery
C03833,2026-03-13,Late delivery
C03835,2026-03-18,Late delivery
C03836,2025-09-11,Late delivery
C03836,2025-12-25,Stock-out
C03836,2026-03-16,Late delivery
C03836,2026-04-10,Late delivery
C03837,2025-04-14,Late delivery
C03837,2025-04-17,Late delivery
C03837,2025-04-27,Late delivery
C03837,2025-05-10,Stock-out
C03837,2025-05-25,Late delivery
C03837,2025-07-23,Stock-out
C03837,2025-08-13,Late delivery
C03837,2026-01-03,Late delivery
C03837,2026-02-15,Stock-out
C03837,2026-05-05,Stock-out
C03837,2026-06-16,Stock-out
C03837,2026-06-21,Stock-out
C03838,2025-09-20,Stock-out
C03838,2025-10-06,Late delivery
C03838,2025-11-11,Stock-out
C03838,2026-04-15,Late delivery
C03838,2026-06-07,Late delivery
C03839,2025-05-06,Late delivery
C03840,2026-02-15,Pricing
C03840,2026-07-06,Stock-out
C03841,2025-07-28,Stock-out
C03841,2025-09-28,Late delivery
C03842,2025-02-18,Late delivery
C03842,2025-12-24,Late delivery
C03844,2025-03-19,Late delivery
C03844,2025-04-25,Stock-out
C03844,2025-06-07,Late delivery
C03845,2025-07-18,Stock-out
C03845,2025-08-07,Stock-out
C03845,2025-11-21,Late delivery
C03845,2026-05-27,Late delivery
C03845,2026-06-04,Late delivery
C03845,2026-07-11,Stock-out
C03845,2026-09-14,Late delivery
C03846,2025-01-12,Stock-out
C03846,2025-01-16,Stock-out
C03846,2025-02-25,Late delivery
C03846,2025-05-23,Late delivery
C03846,2025-10-06,Stock-out
C03846,2025-10-17,Late delivery
C03846,2025-10-27,Late delivery
C03846,2025-11-28,Stock-out
C03846,2025-12-23,Late delivery
C03846,2026-01-03,Late delivery
C03846,2026-06-09,Stock-out
C03846,2026-06-25,Late delivery
C03846,2026-09-15,Pricing
C03847,2025-03-22,Late delivery
C03847,2026-01-21,Stock-out
C03847,2026-04-15,Product quality
C03847,2026-04-19,Stock-out
C03848,2025-05-27,Late delivery
C03848,2025-09-24,Stock-out
C03848,2026-04-15,Product quality
C03848,2026-04-22,Stock-out
C03848,2026-07-15,Pricing
C03849,2025-05-16,Late delivery
C03849,2025-06-14,Late delivery
C03849,2025-08-27,Late delivery
C03849,2025-09-13,Late delivery
C03849,2025-09-13,Stock-out
C03849,2025-11-09,Stock-out
C03849,2026-01-25,Late delivery
C03849,2026-03-26,Stock-out
C03849,2026-04-19,Late delivery
C03849,2026-05-03,Late delivery
C03849,2026-05-07,Late delivery
C03849,2026-06-07,Late delivery
C03849,2026-09-06,Late delivery
C03849,2026-09-18,Stock-out
C03851,2025-03-16,Late delivery
C03851,2025-05-20,Late delivery
C03851,2025-10-07,Late delivery
C03851,2025-11-14,Stock-out
C03851,2025-11-21,Stock-out
C03851,2025-12-04,Late delivery
C03852,2026-04-11,Stock-out
C03854,2025-03-14,Late delivery
C03855,2025-02-05,Late delivery
C03856,2026-02-09,Late delivery
C03856,2026-02-17,Late delivery
C03856,2026-03-11,Stock-out
C03857,2025-08-21,Stock-out
C03857,2026-01-21,Late delivery
C03857,2026-05-25,Late delivery
C03857,2026-07-15,Pricing
C03857,2026-07-19,Stock-out
C03857,2026-08-14,Late delivery
C03857,2026-09-07,Late delivery
C03857,2026-09-11,Late delivery
C03858,2025-05-27,Late delivery
C03858,2025-06-21,Stock-out
C03859,2025-05-28,Late delivery
C03859,2025-06-26,Late delivery
C03859,2025-07-18,Stock-out
C03859,2026-01-13,Stock-out
C03859,2026-03-08,Stock-out
C03859,2026-03-14,Late delivery
C03859,2026-03-22,Late delivery
C03859,2026-06-09,Late delivery
C03860,2025-02-21,Late delivery
C03860,2025-03-26,Late delivery
C03860,2025-05-25,Stock-out
C03860,2025-07-21,Stock-out
C03860,2026-05-28,Late delivery
C03861,2025-02-11,Late delivery
C03861,2025-03-19,Late delivery
C03861,2025-07-28,Stock-out
C03861,2026-06-12,Late delivery
C03861,2026-09-12,Stock-out
C03862,2025-03-16,Late delivery
C03862,2025-05-13,Late delivery
C03863,2025-04-17,Late delivery
C03863,2025-06-18,Late delivery
C03863,2025-10-19,Late delivery
C03863,2025-11-14,Late delivery
C03863,2025-12-18,Stock-out
C03863,2025-12-22,Stock-out
C03863,2026-03-10,Late delivery
C03863,2026-05-10,Late delivery
C03866,2025-01-15,Product quality
C03866,2025-05-12,Late delivery
C03866,2025-05-16,Late delivery
C03866,2025-06-20,Late delivery
C03866,2025-08-11,Stock-out
C03866,2025-09-08,Late delivery
C03866,2025-10-13,Late delivery
C03866,2025-10-15,Product quality
C03866,2025-11-15,Stock-out
C03866,2026-01-04,Stock-out
C03866,2026-05-26,Stock-out
C03866,2026-07-08,Late delivery
C03866,2026-07-26,Late delivery
C03866,2026-09-15,Product quality
C03866,2026-09-28,Late delivery
C03867,2025-09-27,Late delivery
C03869,2025-02-21,Late delivery
C03869,2025-04-15,Pricing
C03869,2025-09-16,Late delivery
C03870,2025-01-26,Stock-out
C03871,2025-01-05,Late delivery
C03871,2025-02-12,Late delivery
C03871,2025-02-26,Late delivery
C03871,2025-04-19,Late delivery
C03871,2025-08-13,Stock-out
C03871,2025-11-09,Late delivery
C03871,2025-12-19,Late delivery
C03871,2026-03-03,Stock-out
C03871,2026-07-05,Late delivery
C03871,2026-08-16,Late delivery
C03871,2026-08-16,Late delivery
C03872,2025-02-07,Late delivery
C03872,2025-05-17,Stock-out
C03872,2025-07-03,Stock-out
C03872,2025-10-03,Stock-out
C03872,2025-10-10,Stock-out
C03872,2025-10-15,Late delivery
C03872,2025-11-12,Late delivery
C03872,2026-04-05,Late delivery
C03872,2026-05-15,Late delivery
C03872,2026-05-17,Stock-out
C03873,2025-04-22,Late delivery
C03873,2025-12-07,Late delivery
C03873,2026-07-25,Late delivery
C03874,2025-07-12,Late delivery
C03875,2025-11-10,Stock-out
C03876,2025-03-15,Stock-out
C03876,2025-04-20,Stock-out
C03876,2025-11-24,Late delivery
C03876,2025-12-27,Late delivery
C03876,2026-01-06,Stock-out
C03876,2026-07-27,Late delivery
C03876,2026-09-26,Late delivery
C03877,2026-02-15,Product quality
C03877,2026-03-10,Late delivery
C03877,2026-04-19,Stock-out
C03877,2026-08-17,Late delivery
C03878,2025-04-12,Stock-out
C03878,2025-06-13,Stock-out
C03878,2026-01-03,Late delivery
C03878,2026-01-04,Stock-out
C03879,2025-10-28,Late delivery
C03879,2026-01-07,Stock-out
C03879,2026-01-10,Late delivery
C03880,2025-11-05,Late delivery
C03880,2026-05-24,Late delivery
C03881,2025-08-15,Late delivery
C03882,2026-08-18,Stock-out
C03883,2025-02-03,Late delivery
C03883,2025-03-25,Late delivery
C03883,2025-09-28,Late delivery
C03884,2025-12-25,Late delivery
C03885,2026-04-07,Stock-out
C03885,2026-08-27,Stock-out
C03886,2025-03-19,Late delivery
C03886,2025-04-20,Late delivery
C03886,2025-08-15,Product quality
C03886,2025-09-26,Late delivery
C03886,2025-11-15,Product quality
C03886,2025-11-22,Late delivery
C03886,2026-04-21,Stock-out
C03886,2026-07-20,Stock-out
C03886,2026-07-27,Late delivery
C03886,2026-07-28,Late delivery
C03886,2026-08-22,Late delivery
C03887,2025-07-17,Late delivery
C03887,2026-03-17,Stock-out
C03887,2026-06-12,Stock-out
C03887,2026-06-16,Stock-out
C03887,2026-09-24,Stock-out
C03888,2025-01-04,Late delivery
C03888,2025-08-21,Late delivery
C03888,2026-02-13,Late delivery
C03888,2026-04-09,Late delivery
C03888,2026-06-21,Late delivery
C03888,2026-09-07,Late delivery
C03888,2026-09-23,Late delivery
C03889,2026-03-08,Late delivery
C03889,2026-04-28,Late delivery
C03889,2026-05-11,Late delivery
C03890,2025-05-10,Stock-out
C03890,2025-06-18,Stock-out
C03890,2025-07-21,Late delivery
C03890,2025-10-11,Stock-out
C03890,2025-10-23,Stock-out
C03890,2026-06-15,Late delivery
C03890,2026-06-23,Stock-out
C03890,2026-07-22,Late delivery
C03890,2026-08-15,Stock-out
C03890,2026-09-15,Product quality
C03891,2026-01-13,Stock-out
C03891,2026-03-18,Late delivery
C03891,2026-05-19,Late delivery
C03891,2026-08-10,Late delivery
C03892,2025-03-14,Late delivery
C03892,2025-07-20,Late delivery
C03892,2026-01-16,Late delivery
C03892,2026-04-10,Stock-out
C03892,2026-05-10,Late delivery
C03893,2026-01-26,Stock-out
C03893,2026-06-09,Stock-out
C03893,2026-06-19,Late delivery
C03893,2026-06-19,Late delivery
C03893,2026-07-07,Stock-out
C03895,2026-03-08,Late delivery
C03895,2026-06-21,Late delivery
C03896,2025-01-03,Late delivery
C03897,2025-03-08,Late delivery
C03897,2025-10-28,Late delivery
C03897,2025-11-08,Late delivery
C03897,2025-11-21,Late delivery
C03897,2026-07-15,Product quality
C03897,2026-07-28,Late delivery
C03897,2026-09-04,Late delivery
C03897,2026-09-22,Late delivery
C03898,2025-02-06,Stock-out
C03898,2025-03-16,Stock-out
C03898,2025-04-08,Late delivery
C03898,2025-05-15,Late delivery
C03898,2025-05-28,Stock-out
C03898,2025-06-24,Stock-out
C03898,2025-08-18,Late delivery
C03898,2025-10-26,Late delivery
C03899,2025-10-19,Late delivery
C03899,2026-01-15,Product quality
C03899,2026-03-13,Stock-out
C03899,2026-04-26,Stock-out
C03900,2025-01-13,Stock-out
C03900,2025-01-27,Stock-out
C03900,2025-02-15,Late delivery
C03900,2025-03-28,Late delivery
C03900,2025-05-28,Late delivery
C03900,2025-06-04,Late delivery
C03900,2025-07-27,Late delivery
C03900,2025-08-28,Stock-out
C03900,2025-10-07,Late delivery
C03900,2025-10-17,Late delivery
C03900,2025-10-27,Stock-out
C03900,2026-01-26,Stock-out
C03900,2026-08-08,Stock-out
C03901,2025-01-20,Stock-out
C03902,2025-11-17,Late delivery
C03902,2026-09-15,Pricing
C03904,2026-09-22,Late delivery
C03905,2025-01-05,Late delivery
C03906,2025-01-07,Late delivery
C03906,2025-04-26,Late delivery
C03906,2025-05-16,Stock-out
C03906,2025-07-10,Late delivery
C03907,2025-06-28,Late delivery
C03907,2026-01-20,Late delivery
C03907,2026-07-04,Late delivery
C03907,2026-09-04,Late delivery
C03908,2026-08-24,Stock-out
C03909,2025-05-17,Late delivery
C03909,2026-03-16,Late delivery
C03909,2026-06-11,Late delivery
C03911,2025-01-28,Late delivery
C03912,2025-08-19,Late delivery
C03912,2026-04-19,Late delivery
C03914,2025-10-12,Stock-out
C03915,2025-02-08,Late delivery
C03915,2025-02-21,Late delivery
C03915,2025-08-05,Stock-out
C03915,2025-12-08,Late delivery
C03915,2026-04-03,Late delivery
C03915,2026-08-10,Late delivery
C03915,2026-09-12,Late delivery
C03916,2025-01-09,Late delivery
C03916,2025-02-23,Late delivery
C03916,2025-02-26,Late delivery
C03916,2025-02-26,Stock-out
C03916,2025-03-06,Stock-out
C03916,2025-03-12,Late delivery
C03916,2025-06-07,Late delivery
C03916,2025-06-09,Stock-out
C03916,2025-07-21,Late delivery
C03916,2025-09-27,Late delivery
C03917,2025-02-07,Late delivery
C03917,2025-06-15,Stock-out
C03917,2025-09-19,Late delivery
C03917,2025-11-22,Late delivery
C03917,2025-12-28,Stock-out
C03917,2026-05-18,Late delivery
C03917,2026-09-22,Late delivery
C03918,2025-02-03,Late delivery
C03919,2025-03-26,Late delivery
C03919,2025-04-12,Stock-out
C03919,2025-07-25,Stock-out
C03919,2026-01-03,Stock-out
C03919,2026-01-28,Stock-out
C03920,2026-02-12,Stock-out
C03920,2026-04-03,Late delivery
C03920,2026-05-28,Late delivery
C03920,2026-09-25,Late delivery
C03921,2025-01-08,Late delivery
C03921,2025-01-12,Late delivery
C03921,2025-01-24,Stock-out
C03921,2026-05-26,Stock-out
C03921,2026-05-28,Late delivery
C03921,2026-09-21,Late delivery
C03922,2025-01-04,Stock-out
C03922,2025-01-18,Late delivery
C03922,2025-03-10,Late delivery
C03922,2025-05-07,Stock-out
C03922,2025-09-10,Late delivery
C03922,2025-12-15,Pricing
C03922,2025-12-16,Late delivery
C03922,2026-01-10,Late delivery
C03922,2026-01-19,Stock-out
C03922,2026-01-27,Late delivery
C03922,2026-02-19,Late delivery
C03922,2026-03-07,Late delivery
C03922,2026-04-06,Late delivery
C03922,2026-08-15,Stock-out
C03922,2026-08-28,Late delivery
C03922,2026-09-08,Stock-out
C03922,2026-09-28,Late delivery
C03924,2026-07-08,Late delivery
C03925,2025-01-15,Product quality
C03926,2025-01-14,Stock-out
C03926,2025-05-19,Late delivery
C03926,2025-10-11,Late delivery
C03926,2025-11-20,Stock-out
C03926,2026-04-10,Late delivery
C03926,2026-05-13,Stock-out
C03926,2026-07-10,Late delivery
C03927,2025-03-10,Stock-out
C03927,2025-05-09,Stock-out
C03927,2025-06-28,Late delivery
C03927,2025-08-26,Stock-out
C03927,2025-09-24,Stock-out
C03927,2025-11-18,Late delivery
C03927,2025-12-28,Stock-out
C03927,2026-02-10,Late delivery
C03929,2025-01-07,Stock-out
C03930,2026-02-16,Late delivery
C03933,2026-02-24,Late delivery
C03933,2026-04-13,Stock-out
C03933,2026-06-22,Late delivery
C03935,2026-01-09,Late delivery
C03935,2026-07-04,Late delivery
C03936,2025-02-15,Stock-out
C03937,2025-01-04,Late delivery
C03937,2025-01-27,Stock-out
C03937,2025-02-11,Late delivery
C03937,2025-02-25,Stock-out
C03937,2025-02-25,Late delivery
C03937,2025-04-25,Late delivery
C03937,2025-10-21,Late delivery
C03937,2025-12-04,Late delivery
C03937,2026-02-04,Late delivery
C03937,2026-02-15,Late delivery
C03937,2026-06-11,Stock-out
C03937,2026-08-07,Stock-out
C03938,2025-03-12,Stock-out
C03938,2025-06-07,Late delivery
C03938,2025-06-24,Late delivery
C03938,2025-10-27,Late delivery
C03940,2026-06-27,Stock-out
C03941,2025-05-13,Stock-out
C03941,2025-07-22,Stock-out
C03941,2025-10-09,Late delivery
C03941,2026-06-07,Late delivery
C03941,2026-06-25,Stock-out
C03941,2026-07-24,Stock-out
C03942,2026-05-18,Late delivery
C03943,2026-07-06,Late delivery
C03944,2025-03-22,Stock-out
C03945,2025-05-21,Stock-out
C03946,2025-01-06,Late delivery
C03946,2025-02-10,Stock-out
C03946,2025-02-15,Pricing
C03946,2025-06-23,Late delivery
C03946,2025-07-09,Stock-out
C03946,2025-08-09,Stock-out
C03946,2025-10-28,Stock-out
C03946,2026-01-04,Late delivery
C03946,2026-04-20,Late delivery
C03946,2026-07-04,Late delivery
C03946,2026-08-14,Late delivery
C03946,2026-08-26,Stock-out
C03947,2025-01-07,Stock-out
C03947,2025-01-11,Stock-out
C03947,2025-02-06,Late delivery
C03947,2025-02-16,Late delivery
C03947,2025-03-25,Late delivery
C03947,2025-04-25,Stock-out
C03947,2025-08-09,Late delivery
C03947,2025-09-24,Late delivery
C03947,2025-09-26,Late delivery
C03947,2025-10-22,Late delivery
C03947,2026-01-17,Late delivery
C03947,2026-01-28,Stock-out
C03947,2026-07-11,Stock-out
C03947,2026-07-17,Stock-out
C03947,2026-08-25,Late delivery
C03948,2025-07-15,Product quality
C03949,2025-01-20,Stock-out
C03949,2025-03-08,Late delivery
C03949,2025-03-11,Stock-out
C03949,2025-05-08,Late delivery
C03949,2025-07-18,Stock-out
C03949,2025-07-26,Stock-out
C03949,2025-08-14,Late delivery
C03949,2025-10-07,Late delivery
C03949,2026-01-18,Late delivery
C03949,2026-04-12,Late delivery
C03949,2026-04-23,Stock-out
C03949,2026-05-07,Stock-out
C03949,2026-05-14,Late delivery
C03949,2026-07-28,Late delivery
C03950,2025-08-11,Late delivery
C03951,2025-09-15,Stock-out
C03951,2025-12-19,Late delivery
C03951,2026-01-26,Late delivery
C03951,2026-01-28,Late delivery
C03951,2026-04-23,Stock-out
C03951,2026-08-11,Stock-out
C03951,2026-08-28,Late delivery
C03952,2026-02-22,Stock-out
C03952,2026-05-13,Stock-out
C03953,2025-08-22,Late delivery
C03953,2026-06-05,Stock-out
C03956,2025-06-15,Product quality
C03956,2025-06-17,Late delivery
C03956,2026-01-19,Stock-out
C03959,2025-01-05,Late delivery
C03959,2025-02-09,Late delivery
C03959,2025-03-19,Late delivery
C03959,2025-06-18,Stock-out
C03959,2025-06-28,Late delivery
C03959,2025-07-26,Stock-out
C03959,2025-09-14,Late delivery
C03959,2025-09-16,Stock-out
C03959,2025-09-28,Late delivery
C03959,2025-10-20,Late delivery
C03959,2025-11-23,Late delivery
C03959,2025-12-05,Late delivery
C03959,2026-01-05,Late delivery
C03959,2026-01-25,Stock-out
C03959,2026-03-19,Stock-out
C03959,2026-04-07,Late delivery
C03959,2026-09-27,Late delivery
C03962,2025-07-18,Stock-out
C03962,2025-11-05,Stock-out
C03964,2025-10-22,Stock-out
C03964,2025-11-05,Late delivery
C03964,2026-07-28,Late delivery
C03964,2026-09-23,Late delivery
C03965,2025-01-17,Late delivery
C03965,2025-04-20,Late delivery
C03965,2025-07-16,Late delivery
C03965,2026-07-12,Late delivery
C03965,2026-09-10,Late delivery
C03966,2025-04-10,Late delivery
C03966,2025-09-28,Stock-out
C03967,2025-01-17,Late delivery
C03967,2025-09-14,Late delivery
C03967,2026-01-15,Product quality
C03967,2026-04-15,Late delivery
C03968,2025-11-18,Late delivery
C03969,2025-06-13,Late delivery
C03969,2025-06-16,Stock-out
C03969,2025-11-16,Late delivery
C03970,2025-01-06,Stock-out
C03970,2025-04-14,Stock-out
C03970,2025-05-15,Stock-out
C03970,2025-08-13,Late delivery
C03970,2025-09-06,Late delivery
C03970,2025-09-23,Late delivery
C03970,2025-11-14,Stock-out
C03970,2025-11-28,Late delivery
C03970,2025-12-24,Late delivery
C03970,2026-01-04,Stock-out
C03970,2026-01-05,Stock-out
C03970,2026-01-07,Late delivery
C03970,2026-01-07,Late delivery
C03970,2026-01-23,Stock-out
C03970,2026-02-15,Late delivery
C03970,2026-04-06,Late delivery
C03970,2026-07-09,Late delivery
C03970,2026-08-24,Late delivery
C03970,2026-09-28,Stock-out
C03971,2025-03-16,Late delivery
C03971,2025-03-23,Stock-out
C03971,2025-06-22,Stock-out
C03971,2025-09-13,Late delivery
C03971,2025-11-11,Late delivery
C03971,2026-01-13,Late delivery
C03971,2026-05-14,Stock-out
C03971,2026-06-19,Late delivery
C03971,2026-06-21,Stock-out
C03971,2026-09-13,Late delivery
C03972,2025-01-07,Stock-out
C03972,2025-02-03,Late delivery
C03972,2025-05-27,Late delivery
C03972,2025-07-09,Stock-out
C03972,2025-07-27,Late delivery
C03972,2025-09-13,Late delivery
C03972,2025-10-11,Late delivery
C03972,2025-10-21,Late delivery
C03972,2025-11-06,Stock-out
C03972,2025-11-15,Product quality
C03972,2026-02-21,Late delivery
C03972,2026-02-21,Late delivery
C03974,2025-04-09,Late delivery
C03974,2025-08-08,Late delivery
C03974,2025-09-18,Stock-out
C03976,2025-10-24,Late delivery
C03976,2025-12-03,Stock-out
C03977,2025-04-20,Stock-out
C03977,2025-04-25,Late delivery
C03977,2025-11-13,Late delivery
C03977,2026-01-19,Stock-out
C03977,2026-05-09,Late delivery
C03977,2026-06-11,Late delivery
C03978,2025-02-08,Late delivery
C03978,2025-02-15,Product quality
C03978,2025-08-10,Late delivery
C03978,2025-08-17,Late delivery
C03978,2025-09-25,Late delivery
C03978,2025-12-11,Late delivery
C03978,2025-12-15,Pricing
C03978,2026-02-11,Late delivery
C03980,2025-11-27,Late delivery
C03980,2026-02-14,Late delivery
C03980,2026-04-26,Stock-out
C03980,2026-07-04,Late delivery
C03981,2025-01-03,Late delivery
C03981,2025-01-24,Late delivery
C03981,2025-02-11,Stock-out
C03981,2025-02-25,Stock-out
C03981,2025-02-28,Stock-out
C03981,2025-03-03,Stock-out
C03981,2025-03-16,Late delivery
C03981,2025-03-23,Late delivery
C03981,2025-04-27,Late delivery
C03981,2025-05-03,Stock-out
C03981,2025-05-09,Stock-out
C03981,2025-06-28,Stock-out
C03981,2025-07-07,Late delivery
C03981,2025-07-19,Stock-out
C03981,2025-07-27,Late delivery
C03981,2025-08-20,Late delivery
C03981,2025-09-13,Late delivery
C03981,2025-10-25,Late delivery
C03982,2025-02-14,Stock-out
C03982,2025-02-15,Late delivery
C03982,2025-03-10,Stock-out
C03982,2025-08-28,Late delivery
C03982,2025-10-16,Late delivery
C03982,2026-01-22,Late delivery
C03982,2026-04-10,Late delivery
C03982,2026-04-24,Stock-out
C03983,2025-01-11,Late delivery
C03983,2025-10-03,Stock-out
C03983,2025-10-15,Product quality
C03984,2025-01-11,Late delivery
C03984,2025-01-28,Stock-out
C03984,2025-04-15,Late delivery
C03984,2025-06-03,Late delivery
C03984,2025-07-09,Stock-out
C03984,2025-10-07,Late delivery
C03984,2025-10-28,Stock-out
C03984,2025-11-06,Late delivery
C03984,2025-12-13,Late delivery
C03984,2025-12-17,Late delivery
C03984,2026-01-23,Late delivery
C03986,2025-04-13,Late delivery
C03986,2025-06-13,Late delivery
C03986,2025-06-28,Late delivery
C03986,2026-01-17,Late delivery
C03987,2026-02-25,Late delivery
C03987,2026-04-23,Stock-out
C03988,2025-01-14,Stock-out
C03988,2025-03-26,Stock-out
C03989,2025-09-12,Late delivery
C03990,2025-09-07,Stock-out
C03990,2025-09-15,Pricing
C03990,2025-10-20,Late delivery
C03990,2026-05-08,Stock-out
C03990,2026-07-28,Stock-out
C03990,2026-08-03,Stock-out
C03990,2026-08-28,Late delivery
C03991,2025-01-03,Late delivery
C03992,2026-09-24,Stock-out
C03994,2025-01-20,Late delivery
C03994,2025-06-18,Late delivery
C03994,2025-08-21,Late delivery
C03995,2025-01-27,Stock-out
C03996,2025-10-22,Late delivery
C03996,2025-10-27,Late delivery
C03996,2025-12-14,Late delivery
C03996,2025-12-18,Late delivery
C03996,2026-01-11,Stock-out
C03996,2026-05-07,Late delivery
C03996,2026-08-08,Late delivery
C03998,2025-03-12,Stock-out
C03998,2025-04-23,Late delivery
C03998,2025-07-05,Late delivery
C03998,2025-08-25,Late delivery
C03998,2025-10-08,Stock-out
C03998,2025-12-12,Stock-out
C03998,2026-01-12,Late delivery
C03998,2026-03-13,Late delivery
C03998,2026-03-26,Stock-out
C03999,2025-05-28,Late delivery
C03999,2026-02-28,Late delivery
C04000,2025-03-14,Late delivery
